--
-- Script was generated by Devart dbForge Studio 2019 for MySQL, Version 8.1.22.0
-- Product home page: http://www.devart.com/dbforge/mysql/studio
-- Script date 2025. 05. 07. 23:24:58
-- Server version: 5.5.5-10.4.32-MariaDB
-- Client version: 4.1
--

-- 
-- Disable foreign keys
-- 
/*!40014 SET @OLD_FOREIGN_KEY_CHECKS=@@FOREIGN_KEY_CHECKS, FOREIGN_KEY_CHECKS=0 */;

-- 
-- Set SQL mode
-- 
/*!40101 SET @OLD_SQL_MODE=@@SQL_MODE, SQL_MODE='NO_AUTO_VALUE_ON_ZERO' */;

-- 
-- Set character set the client will use to send SQL statements to the server
--
SET NAMES 'utf8';

DROP DATABASE IF EXISTS rentals;

CREATE DATABASE IF NOT EXISTS rentals
	CHARACTER SET utf8mb4
	COLLATE utf8mb4_general_ci;

--
-- Set default database
--
USE rentals;

--
-- Create table `groups`
--
CREATE TABLE IF NOT EXISTS groups (
  id INT(11) NOT NULL AUTO_INCREMENT,
  `group` VARCHAR(10) NOT NULL,
  teacherId INT(11) DEFAULT NULL,
  created_at TIMESTAMP NULL DEFAULT NULL,
  updated_at TIMESTAMP NULL DEFAULT NULL,
  PRIMARY KEY (id)
)
ENGINE = INNODB,
AUTO_INCREMENT = 8,
AVG_ROW_LENGTH = 2730,
CHARACTER SET utf8mb4,
COLLATE utf8mb4_unicode_ci;

--
-- Create table `books`
--
CREATE TABLE IF NOT EXISTS books (
  id INT(11) NOT NULL AUTO_INCREMENT,
  poet VARCHAR(50) NOT NULL,
  title VARCHAR(50) NOT NULL,
  groupId INT(11) NOT NULL,
  created_at TIMESTAMP NULL DEFAULT NULL,
  updated_at TIMESTAMP NULL DEFAULT NULL,
  PRIMARY KEY (id)
)
ENGINE = INNODB,
AUTO_INCREMENT = 112,
AVG_ROW_LENGTH = 148,
CHARACTER SET utf8mb4,
COLLATE utf8mb4_unicode_ci;

--
-- Create foreign key
--
ALTER TABLE books 
  ADD CONSTRAINT books_groupid_foreign FOREIGN KEY (groupId)
    REFERENCES groups(id) ON DELETE CASCADE;

--
-- Create table `specimens`
--
CREATE TABLE IF NOT EXISTS specimens (
  id INT(11) NOT NULL AUTO_INCREMENT,
  bookId INT(11) NOT NULL,
  price INT(11) NOT NULL,
  acquisitionDate DATE DEFAULT NULL,
  created_at TIMESTAMP NULL DEFAULT NULL,
  updated_at TIMESTAMP NULL DEFAULT NULL,
  PRIMARY KEY (id)
)
ENGINE = INNODB,
AUTO_INCREMENT = 1105,
AVG_ROW_LENGTH = 74,
CHARACTER SET utf8mb4,
COLLATE utf8mb4_unicode_ci;

--
-- Create foreign key
--
ALTER TABLE specimens 
  ADD CONSTRAINT specimens_bookid_foreign FOREIGN KEY (bookId)
    REFERENCES books(id) ON DELETE CASCADE;

--
-- Create table `roles`
--
CREATE TABLE IF NOT EXISTS roles (
  id INT(11) NOT NULL AUTO_INCREMENT,
  role VARCHAR(25) NOT NULL,
  created_at TIMESTAMP NULL DEFAULT NULL,
  updated_at TIMESTAMP NULL DEFAULT NULL,
  PRIMARY KEY (id)
)
ENGINE = INNODB,
AUTO_INCREMENT = 4,
AVG_ROW_LENGTH = 5461,
CHARACTER SET utf8mb4,
COLLATE utf8mb4_unicode_ci;

--
-- Create table `users`
--
CREATE TABLE IF NOT EXISTS users (
  id INT(11) NOT NULL AUTO_INCREMENT,
  roleId INT(11) NOT NULL,
  groupId INT(11) NOT NULL,
  name VARCHAR(255) NOT NULL,
  email VARCHAR(255) NOT NULL,
  email_verified_at TIMESTAMP NULL DEFAULT NULL,
  password VARCHAR(255) NOT NULL,
  remember_token VARCHAR(100) DEFAULT NULL,
  created_at TIMESTAMP NULL DEFAULT NULL,
  updated_at TIMESTAMP NULL DEFAULT NULL,
  PRIMARY KEY (id)
)
ENGINE = INNODB,
AUTO_INCREMENT = 276,
AVG_ROW_LENGTH = 302,
CHARACTER SET utf8mb4,
COLLATE utf8mb4_unicode_ci;

--
-- Create index `users_email_unique` on table `users`
--
ALTER TABLE users 
  ADD UNIQUE INDEX users_email_unique(email);

--
-- Create foreign key
--
ALTER TABLE users 
  ADD CONSTRAINT users_groupid_foreign FOREIGN KEY (groupId)
    REFERENCES groups(id) ON DELETE CASCADE;

--
-- Create foreign key
--
ALTER TABLE users 
  ADD CONSTRAINT users_roleid_foreign FOREIGN KEY (roleId)
    REFERENCES roles(id);

--
-- Create foreign key
--
ALTER TABLE groups 
  ADD CONSTRAINT groups_teacherid_foreign FOREIGN KEY (teacherId)
    REFERENCES users(id) ON DELETE SET NULL;

--
-- Create table `rentals`
--
CREATE TABLE IF NOT EXISTS rentals (
  id INT(11) NOT NULL AUTO_INCREMENT,
  specimenId INT(11) NOT NULL,
  userId INT(11) DEFAULT NULL,
  startingDate DATE DEFAULT NULL,
  endingDate DATE DEFAULT NULL,
  opinion VARCHAR(250) DEFAULT NULL,
  created_at TIMESTAMP NULL DEFAULT NULL,
  updated_at TIMESTAMP NULL DEFAULT NULL,
  PRIMARY KEY (id)
)
ENGINE = INNODB,
AUTO_INCREMENT = 1040,
AVG_ROW_LENGTH = 79,
CHARACTER SET utf8mb4,
COLLATE utf8mb4_unicode_ci;

--
-- Create foreign key
--
ALTER TABLE rentals 
  ADD CONSTRAINT rentals_userid_foreign FOREIGN KEY (userId)
    REFERENCES users(id) ON DELETE SET NULL;

--
-- Create table `sessions`
--
CREATE TABLE IF NOT EXISTS sessions (
  id VARCHAR(255) NOT NULL,
  user_id BIGINT(20) UNSIGNED DEFAULT NULL,
  ip_address VARCHAR(45) DEFAULT NULL,
  user_agent TEXT DEFAULT NULL,
  payload LONGTEXT NOT NULL,
  last_activity INT(11) NOT NULL,
  PRIMARY KEY (id)
)
ENGINE = INNODB,
CHARACTER SET utf8mb4,
COLLATE utf8mb4_unicode_ci;

--
-- Create index `sessions_last_activity_index` on table `sessions`
--
ALTER TABLE sessions 
  ADD INDEX sessions_last_activity_index(last_activity);

--
-- Create index `sessions_user_id_index` on table `sessions`
--
ALTER TABLE sessions 
  ADD INDEX sessions_user_id_index(user_id);

--
-- Create table `personal_access_tokens`
--
CREATE TABLE IF NOT EXISTS personal_access_tokens (
  id BIGINT(20) UNSIGNED NOT NULL AUTO_INCREMENT,
  tokenable_type VARCHAR(255) NOT NULL,
  tokenable_id BIGINT(20) UNSIGNED NOT NULL,
  name VARCHAR(255) NOT NULL,
  token VARCHAR(64) NOT NULL,
  abilities TEXT DEFAULT NULL,
  last_used_at TIMESTAMP NULL DEFAULT NULL,
  expires_at TIMESTAMP NULL DEFAULT NULL,
  created_at TIMESTAMP NULL DEFAULT NULL,
  updated_at TIMESTAMP NULL DEFAULT NULL,
  PRIMARY KEY (id)
)
ENGINE = INNODB,
AUTO_INCREMENT = 6,
AVG_ROW_LENGTH = 4096,
CHARACTER SET utf8mb4,
COLLATE utf8mb4_unicode_ci;

--
-- Create index `personal_access_tokens_token_unique` on table `personal_access_tokens`
--
ALTER TABLE personal_access_tokens 
  ADD UNIQUE INDEX personal_access_tokens_token_unique(token);

--
-- Create index `personal_access_tokens_tokenable_type_tokenable_id_index` on table `personal_access_tokens`
--
ALTER TABLE personal_access_tokens 
  ADD INDEX personal_access_tokens_tokenable_type_tokenable_id_index(tokenable_type, tokenable_id);

--
-- Create table `password_reset_tokens`
--
CREATE TABLE IF NOT EXISTS password_reset_tokens (
  email VARCHAR(255) NOT NULL,
  token VARCHAR(255) NOT NULL,
  created_at TIMESTAMP NULL DEFAULT NULL,
  PRIMARY KEY (email)
)
ENGINE = INNODB,
CHARACTER SET utf8mb4,
COLLATE utf8mb4_unicode_ci;

--
-- Create table `migrations`
--
CREATE TABLE IF NOT EXISTS migrations (
  id INT(10) UNSIGNED NOT NULL AUTO_INCREMENT,
  migration VARCHAR(255) NOT NULL,
  batch INT(11) NOT NULL,
  PRIMARY KEY (id)
)
ENGINE = INNODB,
AUTO_INCREMENT = 12,
AVG_ROW_LENGTH = 1489,
CHARACTER SET utf8mb4,
COLLATE utf8mb4_unicode_ci;

--
-- Create table `job_batches`
--
CREATE TABLE IF NOT EXISTS job_batches (
  id VARCHAR(255) NOT NULL,
  name VARCHAR(255) NOT NULL,
  total_jobs INT(11) NOT NULL,
  pending_jobs INT(11) NOT NULL,
  failed_jobs INT(11) NOT NULL,
  failed_job_ids LONGTEXT NOT NULL,
  options MEDIUMTEXT DEFAULT NULL,
  cancelled_at INT(11) DEFAULT NULL,
  created_at INT(11) NOT NULL,
  finished_at INT(11) DEFAULT NULL,
  PRIMARY KEY (id)
)
ENGINE = INNODB,
CHARACTER SET utf8mb4,
COLLATE utf8mb4_unicode_ci;

--
-- Create table `jobs`
--
CREATE TABLE IF NOT EXISTS jobs (
  id BIGINT(20) UNSIGNED NOT NULL AUTO_INCREMENT,
  queue VARCHAR(255) NOT NULL,
  payload LONGTEXT NOT NULL,
  attempts TINYINT(3) UNSIGNED NOT NULL,
  reserved_at INT(10) UNSIGNED DEFAULT NULL,
  available_at INT(10) UNSIGNED NOT NULL,
  created_at INT(10) UNSIGNED NOT NULL,
  PRIMARY KEY (id)
)
ENGINE = INNODB,
CHARACTER SET utf8mb4,
COLLATE utf8mb4_unicode_ci;

--
-- Create index `jobs_queue_index` on table `jobs`
--
ALTER TABLE jobs 
  ADD INDEX jobs_queue_index(queue);

--
-- Create table `failed_jobs`
--
CREATE TABLE IF NOT EXISTS failed_jobs (
  id BIGINT(20) UNSIGNED NOT NULL AUTO_INCREMENT,
  uuid VARCHAR(255) NOT NULL,
  `connection` TEXT NOT NULL,
  queue TEXT NOT NULL,
  payload LONGTEXT NOT NULL,
  exception LONGTEXT NOT NULL,
  failed_at TIMESTAMP NOT NULL DEFAULT current_timestamp(),
  PRIMARY KEY (id)
)
ENGINE = INNODB,
CHARACTER SET utf8mb4,
COLLATE utf8mb4_unicode_ci;

--
-- Create index `failed_jobs_uuid_unique` on table `failed_jobs`
--
ALTER TABLE failed_jobs 
  ADD UNIQUE INDEX failed_jobs_uuid_unique(uuid);

--
-- Create table `cache_locks`
--
CREATE TABLE IF NOT EXISTS cache_locks (
  `key` VARCHAR(255) NOT NULL,
  owner VARCHAR(255) NOT NULL,
  expiration INT(11) NOT NULL,
  PRIMARY KEY (`key`)
)
ENGINE = INNODB,
CHARACTER SET utf8mb4,
COLLATE utf8mb4_unicode_ci;

--
-- Create table `cache`
--
CREATE TABLE IF NOT EXISTS cache (
  `key` VARCHAR(255) NOT NULL,
  value MEDIUMTEXT NOT NULL,
  expiration INT(11) NOT NULL,
  PRIMARY KEY (`key`)
)
ENGINE = INNODB,
CHARACTER SET utf8mb4,
COLLATE utf8mb4_unicode_ci;

-- 
-- Dumping data for table groups
--
INSERT INTO groups VALUES
(1, '9', 269, '2025-05-07 17:12:24', '2025-05-07 19:39:05'),
(2, '10', 270, '2025-05-07 17:12:24', '2025-05-07 17:12:24'),
(3, '11', 271, '2025-05-07 17:12:24', '2025-05-07 17:12:24'),
(4, '12', 272, '2025-05-07 17:12:24', '2025-05-07 17:12:24'),
(5, 'tanar', NULL, '2025-05-07 17:12:24', '2025-05-07 17:12:24'),
(6, 'admin', 273, '2025-05-07 17:12:24', '2025-05-07 17:12:24');

-- 
-- Dumping data for table roles
--
INSERT INTO roles VALUES
(1, 'admin', '2025-05-07 17:12:24', '2025-05-07 17:12:24'),
(2, 'student', '2025-05-07 17:12:24', '2025-05-07 17:12:24'),
(3, 'teacher', '2025-05-07 17:12:24', '2025-05-07 17:12:24');

-- 
-- Dumping data for table books
--
INSERT INTO books VALUES
(2, 'Garcia Marquez Gabriel', 'Száz év magány', 1, '2025-05-07 17:13:50', '2025-05-07 19:46:52'),
(3, 'Mikszáth Kálmán', 'Beszterce ostroma', 3, '2025-05-07 17:13:50', '2025-05-07 17:13:50'),
(4, 'Madách Imre', 'Az ember tragédiája', 3, '2025-05-07 17:13:50', '2025-05-07 17:13:50'),
(5, 'Hoffmann Ernst Theodor Amadeus', 'Az arany virágcserép', 2, '2025-05-07 17:13:50', '2025-05-07 17:13:50'),
(6, 'Szabó Magda', 'Abigél', 1, '2025-05-07 17:13:50', '2025-05-07 17:13:50'),
(7, 'Babits Mihály', 'A gólyakalifa', 4, '2025-05-07 17:13:50', '2025-05-07 17:13:50'),
(8, 'Flaubert Gustave', 'Bovaryné', 3, '2025-05-07 17:13:50', '2025-05-07 17:13:50'),
(9, 'Puskin Alekszandr Szergejevics', 'Anyegin', 3, '2025-05-07 17:13:50', '2025-05-07 17:13:50'),
(10, 'Márai Sándor', 'Béke Ithakában', 3, '2025-05-07 17:13:50', '2025-05-07 17:13:50'),
(11, 'Shakespeare William', 'Othello', 3, '2025-05-07 17:13:50', '2025-05-07 17:13:50'),
(12, 'Goethe Johann Wolfgang', 'Faust', 2, '2025-05-07 17:13:50', '2025-05-07 17:13:50'),
(13, 'Mikszáth Kálmán', 'A tót atyafiak', 3, '2025-05-07 17:13:50', '2025-05-07 17:13:50'),
(14, 'Bulgakov Mihail', 'A Mester és Margarita', 4, '2025-05-07 17:13:50', '2025-05-07 17:13:50'),
(15, 'Gogol Nyikolaj Vasziljevics', 'Az orr', 3, '2025-05-07 17:13:50', '2025-05-07 17:13:50'),
(16, 'Petőfi Sándor', 'A helység kalapácsa', 3, '2025-05-07 17:13:50', '2025-05-07 17:13:50'),
(17, 'Poe Edgar Allan', 'Válogatott novellák', 2, '2025-05-07 17:13:50', '2025-05-07 17:13:50'),
(18, 'Arany János', 'Toldi estéje', 3, '2025-05-07 17:13:50', '2025-05-07 17:13:50'),
(19, 'Dürrenmatt Friedrich', 'A fizikusok', 4, '2025-05-07 17:13:50', '2025-05-07 17:13:50'),
(20, 'Shakespeare William', 'Hamlet', 1, '2025-05-07 17:13:50', '2025-05-07 17:13:50'),
(21, 'Hugo Victor', 'A nyomorultak', 2, '2025-05-07 17:13:50', '2025-05-07 17:13:50'),
(22, 'Örkény István', 'Tóték', 4, '2025-05-07 17:13:50', '2025-05-07 17:13:50'),
(23, 'Hugo Victor', 'A párizsi Notre-Dame', 2, '2025-05-07 17:13:50', '2025-05-07 17:13:50'),
(24, 'Karinthy Frigyes', 'Tanár úr kérem', 3, '2025-05-07 17:13:50', '2025-05-07 17:13:50'),
(25, 'Brecht Bertolt', 'Kurázsi mama', 4, '2025-05-07 17:13:50', '2025-05-07 17:13:50'),
(26, 'Petőfi Sándor', 'Az apostol', 3, '2025-05-07 17:13:50', '2025-05-07 17:13:50'),
(27, 'Dosztojevszkij Fjodor Mihajlovics', 'Bűn és bűnhődés', 3, '2025-05-07 17:13:50', '2025-05-07 17:13:50'),
(28, 'Goethe Johann Wolfgang', 'Az ifjú Werther szenvedései', 2, '2025-05-07 17:13:50', '2025-05-07 17:13:50'),
(29, 'Rejtő Jenő', 'Piszkos Fred a kapitány', 1, '2025-05-07 17:13:50', '2025-05-07 17:13:50'),
(30, 'Móricz Zsigmond', 'Rokonok', 4, '2025-05-07 17:13:50', '2025-05-07 17:13:50'),
(31, 'Szophoklész', 'Elektra', 1, '2025-05-07 17:13:50', '2025-05-07 17:13:50'),
(32, 'Shakespeare William', 'Julius Caesar', 3, '2025-05-07 17:13:50', '2025-05-07 17:13:50'),
(33, 'Racine Jean', 'Phaedra', 2, '2025-05-07 17:13:50', '2025-05-07 17:13:50'),
(34, 'Moliere', 'A fösvény', 1, '2025-05-07 17:13:50', '2025-05-07 17:13:50'),
(35, 'Verne Jules', 'Kétévi vakáció', 1, '2025-05-07 17:13:50', '2025-05-07 17:13:50'),
(36, 'Eco Umberto', 'A rózsa neve', 2, '2025-05-07 17:13:50', '2025-05-07 17:13:50'),
(37, 'Mikes Kelemen', 'Törökországi levelek', 2, '2025-05-07 17:13:50', '2025-05-07 17:13:50'),
(38, 'Zrínyi Miklós', 'Szigeti veszedelem', 1, '2025-05-07 17:13:50', '2025-05-07 17:13:50'),
(39, 'Shakespeare William', 'Rómeó és Júlia', 1, '2025-05-07 17:13:50', '2025-05-07 17:13:50'),
(40, 'Jókai Mór', 'Az arany ember', 3, '2025-05-07 17:13:50', '2025-05-07 17:13:50'),
(41, 'Kármán József', 'Fanni hagyományai', 2, '2025-05-07 17:13:50', '2025-05-07 17:13:50'),
(42, 'Swift Jonathan', 'Gulliver utazásai', 1, '2025-05-07 17:13:50', '2025-05-07 17:13:50'),
(43, 'Shakespeare William', 'III Richard', 3, '2025-05-07 17:13:50', '2025-05-07 17:13:50'),
(44, 'Shelley Mary', 'Frankenstein', 1, '2025-05-07 17:13:50', '2025-05-07 17:13:50'),
(45, 'Csokonai Vitéz Mihály', 'Dorottya', 2, '2025-05-07 17:13:50', '2025-05-07 17:13:50'),
(46, 'Karinthy Frigyes', 'Capillária', 4, '2025-05-07 17:13:50', '2025-05-07 17:13:50'),
(47, 'Gárdonyi Géza', 'A láthatatlan ember', 1, '2025-05-07 17:13:50', '2025-05-07 17:13:50'),
(48, 'Csehov Anton Pavlovics', 'Ványa bácsi', 3, '2025-05-07 17:13:50', '2025-05-07 17:13:50'),
(49, 'Schiller Friedrich', 'Don Carlos', 2, '2025-05-07 17:13:50', '2025-05-07 17:13:50'),
(50, 'Karinthy Frigyes', 'Így írtok ti', 3, '2025-05-07 17:13:50', '2025-05-07 17:13:50'),
(51, 'Shakespeare William', 'A vihar', 2, '2025-05-07 17:13:50', '2025-05-07 17:13:50'),
(52, 'Moliere', 'Képzelt beteg', 1, '2025-05-07 17:13:50', '2025-05-07 17:13:50'),
(53, 'Kosztolányi Dezső', 'Édes Anna', 4, '2025-05-07 17:13:50', '2025-05-07 17:13:50'),
(54, 'Móricz Zsigmond', 'Légy jó mindhalálig', 1, '2025-05-07 17:13:50', '2025-05-07 17:13:50'),
(55, 'Szophoklész', 'Oidipusz király', 1, '2025-05-07 17:13:50', '2025-05-07 17:13:50'),
(56, 'Scott Walter', 'Ivanhoe', 1, '2025-05-07 17:13:50', '2025-05-07 17:13:50'),
(57, 'Moliere', 'Don Juan', 1, '2025-05-07 17:13:50', '2025-05-07 17:13:50'),
(58, 'Dante Alighieri', 'Isteni Színjáték', 2, '2025-05-07 17:13:50', '2025-05-07 17:13:50'),
(59, 'Boccaccio Giovanni', 'Dekameron', 2, '2025-05-07 17:13:50', '2025-05-07 17:13:50'),
(60, 'Villon Francois', 'A Nagy Testamentum', 1, '2025-05-07 17:13:50', '2025-05-07 17:13:50'),
(61, 'Moliere', 'Az embergyűlölő', 1, '2025-05-07 17:13:50', '2025-05-07 17:13:50'),
(62, 'Dumas Alexandre', 'A három testőr', 1, '2025-05-07 17:13:50', '2025-05-07 17:13:50'),
(63, 'Móricz Zsigmond', 'Árvácska', 1, '2025-05-07 17:13:50', '2025-05-07 17:13:50'),
(64, 'Jarry Alfred', 'Übü király', 2, '2025-05-07 17:13:50', '2025-05-07 17:13:50'),
(65, 'Verne Jules', 'A rejtelmes sziget', 1, '2025-05-07 17:13:50', '2025-05-07 17:13:50'),
(66, 'Katona József', 'Bánk bán', 2, '2025-05-07 17:13:50', '2025-05-07 17:13:50'),
(67, 'Voltaire', 'Candide', 2, '2025-05-07 17:13:50', '2025-05-07 17:13:50'),
(68, 'Mann Thomas', 'Mario és a varázsló', 4, '2025-05-07 17:13:50', '2025-05-07 17:13:50'),
(69, 'Tolsztoj Lev', 'Ivan Iljics halála', 3, '2025-05-07 17:13:50', '2025-05-07 17:13:50'),
(70, 'Móricz Zsigmond', 'Úri muri', 4, '2025-05-07 17:13:50', '2025-05-07 17:13:50'),
(71, 'Dumas Alexandre', 'Monte Christo grófja', 2, '2025-05-07 17:13:50', '2025-05-07 17:13:50'),
(72, 'Ottlik Géza', 'Iskola a határon', 4, '2025-05-07 17:13:50', '2025-05-07 17:13:50'),
(73, 'Defoe Daniel', 'Robinson Crusoe', 2, '2025-05-07 17:13:50', '2025-05-07 17:13:50'),
(74, 'Tolsztoj Lev', 'Anna Karenina', 3, '2025-05-07 17:13:50', '2025-05-07 17:13:50'),
(75, 'Ibsen Henrik', 'Nóra', 3, '2025-05-07 17:13:50', '2025-05-07 17:13:50'),
(76, 'Kafka Franz', 'A per', 4, '2025-05-07 17:13:50', '2025-05-07 17:13:50'),
(77, 'Orwell George', 'Állatfarm', 4, '2025-05-07 17:13:50', '2025-05-07 17:13:50'),
(78, 'Vergilius', 'Aeneis', 3, '2025-05-07 17:13:50', '2025-05-07 17:13:50'),
(79, '', 'Biblia', 1, '2025-05-07 17:13:50', '2025-05-07 17:13:50'),
(80, 'Bronte Emily', 'Üvöltő szelek', 3, '2025-05-07 17:13:50', '2025-05-07 17:13:50'),
(81, 'Szophoklész', 'Antigoné', 1, '2025-05-07 17:13:50', '2025-05-07 17:13:50'),
(82, 'Mann Thomas', 'A Buddenbrook-ház', 4, '2025-05-07 17:13:50', '2025-05-07 17:13:50'),
(83, 'Schiller Friedrich', 'Ármány és szerelem', 2, '2025-05-07 17:13:50', '2025-05-07 17:13:50'),
(84, 'Gogol Nyikolaj Vasziljevics', 'A köpönyeg', 3, '2025-05-07 17:13:50', '2025-05-07 17:13:50'),
(85, 'Shakespeare William', 'Lear király', 3, '2025-05-07 17:13:50', '2025-05-07 17:13:50'),
(86, 'Tamási Áron', 'Ábel a rengetegben', 1, '2025-05-07 17:13:50', '2025-05-07 17:13:50'),
(87, 'Vörösmarty Mihály', 'Csongor és Tünde', 3, '2025-05-07 17:13:50', '2025-05-07 17:13:50'),
(88, 'Moliere', 'Tartuffe', 1, '2025-05-07 17:13:50', '2025-05-07 17:13:50'),
(89, 'Cervantes Miguel de', 'Don Quijote', 1, '2025-05-07 17:13:50', '2025-05-07 17:13:50'),
(90, 'Krúdy Gyula', 'Szindbád', 4, '2025-05-07 17:13:50', '2025-05-07 17:13:50'),
(91, 'Shakespeare William', 'Macbeth', 3, '2025-05-07 17:13:50', '2025-05-07 17:13:50'),
(92, 'Homérosz', 'Odüsszeia', 1, '2025-05-07 17:13:50', '2025-05-07 17:13:50'),
(93, 'Mikszáth Kálmán', 'A jó palócok', 3, '2025-05-07 17:13:50', '2025-05-07 17:13:50'),
(94, 'Jókai Mór', 'Fekete gyémántok', 3, '2025-05-07 17:13:50', '2025-05-07 17:13:50'),
(95, 'Jókai Mór', 'A kőszívű ember fiai', 4, '2025-05-07 17:13:50', '2025-05-07 17:13:50'),
(96, 'Jókai Mór', 'Sárga rózsa', 3, '2025-05-07 17:13:50', '2025-05-07 17:13:50'),
(97, 'Mikszáth Kálmán', 'A Sipsirica', 3, '2025-05-07 17:13:50', '2025-05-07 17:13:50'),
(98, 'Mikszáth Kálmán', 'Szent Péter esernyője', 1, '2025-05-07 17:13:50', '2025-05-07 17:13:50'),
(99, 'Stendhal', 'Vörös és fekete', 3, '2025-05-07 17:13:50', '2025-05-07 17:13:50'),
(100, 'Keyes Daniel', 'Virágot Algernonnak', 1, '2025-05-07 17:13:50', '2025-05-07 17:13:50'),
(101, 'Csehov Anton Pavlovics', 'Sirály', 4, '2025-05-07 17:13:50', '2025-05-07 17:13:50'),
(102, 'Mikszáth Kálmán', 'Új Zrínyiász', 3, '2025-05-07 17:13:50', '2025-05-07 17:13:50'),
(103, 'Balzac Honoré de', 'Goriot apó', 2, '2025-05-07 17:13:50', '2025-05-07 17:13:50'),
(104, 'Steinbeck John', 'Édentől keletre', 2, '2025-05-07 17:13:50', '2025-05-07 17:13:50'),
(105, 'Hesse Hermann', 'A pusztai farkas', 4, '2025-05-07 17:13:50', '2025-05-07 17:13:50'),
(106, 'Golding William Gerald', 'A legyek ura', 1, '2025-05-07 17:13:50', '2025-05-07 17:13:50'),
(107, 'Örkény István', 'Egyperces novellák', 4, '2025-05-07 17:13:50', '2025-05-07 17:13:50'),
(108, 'Eötvös József', 'A falu jegyzője', 3, '2025-05-07 17:13:50', '2025-05-07 17:13:50'),
(109, 'Shakespeare William', 'Szentivánéji álom', 1, '2025-05-07 17:13:50', '2025-05-07 17:13:50'),
(110, 'dfgsí', 'dfg', 1, '2025-05-07 19:46:57', '2025-05-07 19:46:57'),
(111, 'sd', 'fgs', 3, '2025-05-07 19:47:04', '2025-05-07 19:47:04');

-- 
-- Dumping data for table users
--
INSERT INTO users VALUES
(1, 2, 3, 'Borbás Ferenc', 'borbas.ferenc@gmail.com', '2025-05-07 17:13:48', '$2y$12$4xIu4mGmOqnaFUfZDaGZDuzFsVU0FG9GfQ.MhtWL7brvvI3IP.rgq', 'yh7VZ7snjm', '2025-05-07 17:13:49', '2025-05-07 17:13:49'),
(2, 2, 3, 'Sima Dezső', 'sima.dezso@gmail.com', '2025-05-07 17:13:49', '$2y$12$TGsiP0hIXQbULoFNIbjfHewLFHqDbmr68Y.jEdrabwWzDJ5dI0MIq', 'X26AE27AJM', '2025-05-07 17:13:49', '2025-05-07 17:13:49'),
(3, 2, 3, 'Lajos Lajos', 'lajos.lajos@gmail.com', '2025-05-07 17:13:49', '$2y$12$fYKcO8b4ZLoOE896qiGqROBLAtCLf2ZGJxU6DHFobe/jqZux0/jeO', 'NPjHuOJmnx', '2025-05-07 17:13:49', '2025-05-07 17:13:49'),
(4, 2, 4, 'Lant János', 'lant.janos@gmail.com', '2025-05-07 17:13:49', '$2y$12$Kvj7s10czXZjPWSqypav/udEqJqYzBhhvgx7pBO8mQiNhbAJWCgZG', 'j41y9Eb7GO', '2025-05-07 17:13:49', '2025-05-07 17:13:49'),
(5, 2, 3, 'Fogó Róbert', 'fogo.robert@gmail.com', '2025-05-07 17:13:49', '$2y$12$HoP0JVrxT5b3Rp9yA/AZTOpc8dUeDGrDZdrzheovkUhGPpxgxVUri', '88czpAvnFZ', '2025-05-07 17:13:49', '2025-05-07 17:13:49'),
(6, 2, 4, 'Pisty Mihály', 'pisty.mihaly@gmail.com', '2025-05-07 17:13:49', '$2y$12$YdsolD3GXBfLPqjeCZG2m.1z/yP2CKF3oFCNjBqYYM6CHkeMByWR6', 'pjJ6Z1NH8e', '2025-05-07 17:13:49', '2025-05-07 17:13:49'),
(7, 2, 3, 'Déri Béla', 'deri.bela@gmail.com', '2025-05-07 17:13:49', '$2y$12$h9nw/oJOmRWgbt4i/YkF9.NzfxtUgOlRyG8RLn255MvAzY484WF4W', 'x3rwnTUOTc', '2025-05-07 17:13:49', '2025-05-07 17:13:49'),
(8, 2, 4, 'Nikk Gábor', 'nikk.gabor@gmail.com', '2025-05-07 17:13:49', '$2y$12$UYKfLGX8iAdsUzX4c6OsGeMPtxT5M9TD0jj1v1ba1bTxrhBmiO9a6', 'uQl08I70hm', '2025-05-07 17:13:49', '2025-05-07 17:13:49'),
(9, 2, 4, 'Budai Tamás', 'budai.tamas@gmail.com', '2025-05-07 17:13:49', '$2y$12$dr25s0JIEEp1Q/k1rd.C/.zVIix5nGXd1jd9mYqHTXTfaXy4Jrc2y', 'QUtwekmTt3', '2025-05-07 17:13:49', '2025-05-07 17:13:49'),
(10, 2, 4, 'Bog Aladár', 'bog.aladar@gmail.com', '2025-05-07 17:13:49', '$2y$12$5lNyIHkf8q8bO22Czgq4PeqrVYsoyXDvY3k3KjAYBDhprMdx1YOaC', '9bdrwaJNS3', '2025-05-07 17:13:49', '2025-05-07 17:13:49'),
(11, 2, 3, 'Bálint Gábor', 'balint.gabor@gmail.com', '2025-05-07 17:13:49', '$2y$12$xJkekedLjwvZeCEtvLkCCe9q4T9B4FqCB2v3xN6Vrg/r5mAh23bMa', 'QLFOsT91V8', '2025-05-07 17:13:49', '2025-05-07 17:13:49'),
(12, 2, 4, 'Fekete Zsolt', 'fekete.zsolt@gmail.com', '2025-05-07 17:13:49', '$2y$12$1Qp1x7zsRzPvxSZYMWbaUOKpJjDbqB3x.QFDcNOAs46TyqmbcgfQq', 'hPLL6Pe4jB', '2025-05-07 17:13:49', '2025-05-07 17:13:49'),
(13, 2, 2, 'Kisó Ábel', 'kiso.abel@gmail.com', '2025-05-07 17:13:49', '$2y$12$3zY3Ep.oTbBgdRfIJbiHkO3OcnUbchkqBbRzE4MwonADaJG0FoFJ6', 'gVDCf1msfA', '2025-05-07 17:13:49', '2025-05-07 17:13:49'),
(14, 2, 2, 'Hámori Frigyes', 'hamori.frigyes@gmail.com', '2025-05-07 17:13:49', '$2y$12$MrrE7rUv0QC0WqDe0.Ehb.ZOzY0Cbf81aKwDGPDiqhDsF9hkpyn0O', '6eDVaTAKGm', '2025-05-07 17:13:49', '2025-05-07 17:13:49'),
(15, 2, 3, 'Kosztolányi András', 'kosztolanyi.andras@gmail.com', '2025-05-07 17:13:49', '$2y$12$QNPSVbc39W7gN4RihrvRZe4XqARMP/SNrQQ2qzuO/AtQ194a088i2', 'uXYdoQE0xO', '2025-05-07 17:13:49', '2025-05-07 17:13:49'),
(16, 2, 3, 'Sebes Vilmos', 'sebes.vilmos@gmail.com', '2025-05-07 17:13:49', '$2y$12$c806jgPk1FtUyMPUboBYVeOXj73WaFUhsX3PO/87Lmi.wXNRISK7K', 'PHoDpACqtO', '2025-05-07 17:13:49', '2025-05-07 17:13:49'),
(17, 2, 4, 'Pölös Ágost', 'polos.agost@gmail.com', '2025-05-07 17:13:49', '$2y$12$CZmDbSCO2msPQWKEkEXu3eF8cF3549FrdT1zC7uDME492KBQHUNr.', 'wG6OoW2hJw', '2025-05-07 17:13:49', '2025-05-07 17:13:49'),
(18, 2, 4, 'Szűcs Lóránt', 'szucs.lorant@gmail.com', '2025-05-07 17:13:49', '$2y$12$2tYdYmSQo.QduiKCTuylye1kaPNjP1pHrTVsW8pq4a6xkfnpomIUC', 'XDUQmlihgd', '2025-05-07 17:13:49', '2025-05-07 17:13:49'),
(19, 2, 3, 'Weisz Richárd', 'weisz.richard@gmail.com', '2025-05-07 17:13:49', '$2y$12$t2ntU.OzFt8t3r6GU3OnvumpEzL8HQhkTVVbinw7LVJWBX0SJES9e', 'CMUl9BABeb', '2025-05-07 17:13:49', '2025-05-07 17:13:49'),
(20, 2, 2, 'Tóth Zoltán', 'toth.zoltan@gmail.com', '2025-05-07 17:13:49', '$2y$12$syK3do2xitHzUlMOwLWDWeFzUG/3/NWEredfV4fJefiYA/iNEqPWC', 'YAfEYYWfGi', '2025-05-07 17:13:49', '2025-05-07 17:13:49'),
(21, 2, 4, 'Pók Béla', 'pok.bela@gmail.com', '2025-05-07 17:13:49', '$2y$12$GofiFx/8nKF5.nCpjF7fXON18SLmRhoa45moHUHsfn40wA7ZxqsZa', 'ceTldMExYb', '2025-05-07 17:13:49', '2025-05-07 17:13:49'),
(23, 2, 4, 'Füst Szabolcs', 'fust.szabolcs@gmail.com', '2025-05-07 17:13:49', '$2y$12$16F4gZDIeGqVqJXEBL3Sie4jQmY4Mj4DqtYcqLKy9qyFExZkRG55W', 'fy9SSaz2o8', '2025-05-07 17:13:49', '2025-05-07 17:13:49'),
(25, 2, 1, 'Szósz György', 'szosz.gyorgy@gmail.com', '2025-05-07 17:13:49', '$2y$12$fYZhidsOU0odYvsWIQYjUuhRLX3rft9dJPkQRKJ6VQqw0zuUUMOIC', 'KB597cwPkx', '2025-05-07 17:13:49', '2025-05-07 17:13:49'),
(26, 2, 4, 'Fenyves Attila', 'fenyves.attila@gmail.com', '2025-05-07 17:13:49', '$2y$12$qcDbOJew9cDuqBAqDul2NOaVKXzoY83sC7.6/RS8AwF3laLrBujTK', 'Pz555ywDVt', '2025-05-07 17:13:49', '2025-05-07 17:13:49'),
(27, 2, 3, 'Ilkei Béla', 'ilkei.bela@gmail.com', '2025-05-07 17:13:49', '$2y$12$hOeDDtw/oKje7oSGrkfIO.Fviiuv63s6ey0Dvi5BRpc9nFT24tyka', 'z8luekZIVk', '2025-05-07 17:13:49', '2025-05-07 17:13:49'),
(28, 2, 4, 'Eszes Győző', 'eszes.gyozo@gmail.com', '2025-05-07 17:13:49', '$2y$12$02cGtyE3nGm4YX2.LjJLiOqzuIddqAowllvTvbztDRpv6NuPUlN5O', 'vQPLQkzj5w', '2025-05-07 17:13:49', '2025-05-07 17:13:49'),
(29, 2, 4, 'Izsó Gusztáv', 'izso.gusztav@gmail.com', '2025-05-07 17:13:49', '$2y$12$2GcQ13baglbssLPCg0fQwuGFu0gl76nLaGVHxw7YF0sgxX/NbMIQS', '3gxa36HmWA', '2025-05-07 17:13:49', '2025-05-07 17:13:49'),
(30, 2, 1, 'Mind Ákos', 'mind.akos@gmail.com', '2025-05-07 17:13:49', '$2y$12$rX5/IfxI23QZQ0e75/5NeenV3ArMVBFVjWLFtyG.UPZKm8OvpvJAu', 'CuqOMgi1yh', '2025-05-07 17:13:49', '2025-05-07 17:13:49'),
(31, 2, 4, 'Davidov Szurázs', 'davidov.szurazs@gmail.com', '2025-05-07 17:13:49', '$2y$12$PkvTco9k/8r/vZQSdXowre9dajswVDA8jJwoHwp5bvOv9A4lpeCxa', 'l7F9pMXLxL', '2025-05-07 17:13:49', '2025-05-07 17:13:49'),
(32, 2, 4, 'Kovács István', 'kovacs.istvan@gmail.com', '2025-05-07 17:13:49', '$2y$12$ft3iwNHopJB74VTSV/ysGOc6HyAQy4ix3XTFF/k4FmxsbGiuE1XRK', 'lCrcdfDYtQ', '2025-05-07 17:13:49', '2025-05-07 17:13:49'),
(33, 2, 1, 'Halmos István', 'halmos.istvan@gmail.com', '2025-05-07 17:13:49', '$2y$12$fZvGcCS7T3u7N4NyvxhPcOmo0xf8AlSdZe0tYeFATDgaQQimULF9S', 'nmKGIknCnk', '2025-05-07 17:13:49', '2025-05-07 17:13:49'),
(34, 2, 2, 'Hrisztov Temir', 'hrisztov.temir@gmail.com', '2025-05-07 17:13:49', '$2y$12$ywjvIiKHhNnQwdoH5zu7me9RzSfPiy1MTbQbPUGgPO8rw23G4wezC', 's5fZU0wGcI', '2025-05-07 17:13:49', '2025-05-07 17:13:49'),
(35, 2, 4, 'Holzi Ervin', 'holzi.ervin@gmail.com', '2025-05-07 17:13:49', '$2y$12$PhEzURuRaxxk83/Z9uwiaeDdz073RB3rak.XinHqKt.qRm30ks97K', 'aiU8DyBMdm', '2025-05-07 17:13:49', '2025-05-07 17:13:49'),
(36, 2, 2, 'Éger Imre', 'eger.imre@gmail.com', '2025-05-07 17:13:49', '$2y$12$7iunf5UGvmmAZnABBYZpZ.TuBKDxDsmkPxfUv0qBBzAZLe1B07diq', 'Lmbgj1CVxC', '2025-05-07 17:13:49', '2025-05-07 17:13:49'),
(37, 2, 1, 'Budavári Bence', 'budavari.bence@gmail.com', '2025-05-07 17:13:49', '$2y$12$6VgJV8.5..buX98h/g0lU.kLXgAZq1C6osgy2qMj79mgHdn19CrBO', 'Ye1EhqwVZS', '2025-05-07 17:13:49', '2025-05-07 17:13:49'),
(38, 2, 4, 'Korcsok Lajos', 'korcsok.lajos@gmail.com', '2025-05-07 17:13:49', '$2y$12$WN.InoUtNjpBD.D8zFLSMuSe/2vX1PGUm/q9d6UWfkvyGic9AXRGO', '17SF3XHAUX', '2025-05-07 17:13:49', '2025-05-07 17:13:49'),
(39, 2, 4, 'Vass István', 'vass.istvan@gmail.com', '2025-05-07 17:13:49', '$2y$12$inFEW3XtO2A/XK3bGjXRSOQcfEe6JM2fUlPRA0SakNeTBLLAKujUq', 'w00EnmCzBt', '2025-05-07 17:13:49', '2025-05-07 17:13:49'),
(40, 2, 2, 'Zerk Endre', 'zerk.endre@gmail.com', '2025-05-07 17:13:49', '$2y$12$5I5o3zy3fo7.gxQfB37g4ucXWqJ4A90LFc/K.n11W80Oqp.L170E.', 'ZUav297h4A', '2025-05-07 17:13:49', '2025-05-07 17:13:49'),
(41, 2, 2, 'Widek Zsolt', 'widek.zsolt@gmail.com', '2025-05-07 17:13:49', '$2y$12$G7WZmbm./Jb5lgimgyFV1OgFPmluUoyM5kCz576tKW8012sBYrkDS', 'iwRHLWlLgH', '2025-05-07 17:13:49', '2025-05-07 17:13:49'),
(42, 2, 4, 'Jag Antal', 'jag.antal@gmail.com', '2025-05-07 17:13:49', '$2y$12$2d7I.KgKaQG/YeyKg.vYP.o1LSUz9q7xwJuD/E84VyHu2T7SA5nf6', 'Oj3nxWX42Q', '2025-05-07 17:13:49', '2025-05-07 17:13:49'),
(43, 2, 2, 'Pusztai Tamás', 'pusztai.tamas@gmail.com', '2025-05-07 17:13:49', '$2y$12$kYah.j2eNw.Vk.gSdKGEE.z.2PMpHlDtt2Rk55ZhrHvtWMMGmsFkS', 'VH5NhUZSYy', '2025-05-07 17:13:49', '2025-05-07 17:13:49'),
(44, 2, 4, 'Tóth József', 'toth.jozsef@gmail.com', '2025-05-07 17:13:49', '$2y$12$AsYcYsi1Z9C2GHl1VEZZautIUPz51k6YRY3Hg6Y62sAfF9E91MlCC', 'zOMdsYWBsa', '2025-05-07 17:13:49', '2025-05-07 17:13:49'),
(45, 2, 4, 'Rém Elek', 'rem.elek@gmail.com', '2025-05-07 17:13:49', '$2y$12$h9BOunrFEWg6w5.zj.pE..VNJ3T5O15AMCG87rw9czYBNSUUNKApm', 'gMR8aoU5xd', '2025-05-07 17:13:49', '2025-05-07 17:13:49'),
(46, 2, 2, 'Orosz Pál', 'orosz.pal@gmail.com', '2025-05-07 17:13:49', '$2y$12$5hTnVhvSnk0ihD9hkMP7xuc5ba2Pd5PmoD6MtNkM4uHcaG3YGCUwa', '6apotCszFO', '2025-05-07 17:13:49', '2025-05-07 17:13:49'),
(47, 2, 2, 'Varga József', 'varga.jozsef@gmail.com', '2025-05-07 17:13:49', '$2y$12$JIhe0IDjXZajjXylSa4r2.z6TL8FyVhLLenVewhPfg0qCPKpnMmge', 'IUYXrQxSDC', '2025-05-07 17:13:49', '2025-05-07 17:13:49'),
(48, 2, 1, 'Duma Árpád', 'duma.arpad@gmail.com', '2025-05-07 17:13:49', '$2y$12$UFYBZCbt/0LViLGohPaEkeM7KrLmWWcyNpenkHy025hGFxLORsV3u', '2pX4NDbDq5', '2025-05-07 17:13:49', '2025-05-07 17:13:49'),
(49, 2, 1, 'Fazekas Tamás', 'fazekas.tamas@gmail.com', '2025-05-07 17:13:49', '$2y$12$ykfL/9Ozss2COY062LJfzOtoQG7Dr.xmmKTi15giYL5tiDX/PYXTa', '1HAjOXOJ21', '2025-05-07 17:13:49', '2025-05-07 17:13:49'),
(50, 2, 4, 'Minek Pál', 'minek.pal@gmail.com', '2025-05-07 17:13:49', '$2y$12$pfcw0v09MnRzSpDBKTj69ui6LnxHGSndOwEDhspW8B9VN8M9CuIjm', 'vKhJTfsoHz', '2025-05-07 17:13:49', '2025-05-07 17:13:49'),
(51, 2, 4, 'Szalma Sándor', 'szalma.sandor@gmail.com', '2025-05-07 17:13:49', '$2y$12$ctoIN0Zf9kpoJUR2d3WQJOkXGu7kqeb0tgU.eIAkHs0OBCo8yGY4C', 'bImvGAuhul', '2025-05-07 17:13:49', '2025-05-07 17:13:49'),
(52, 2, 3, 'Grúber Tamás', 'gruber.tamas@gmail.com', '2025-05-07 17:13:49', '$2y$12$MZkmm7NBvierGJoqZnv6JOyv.Gs/nbRETUwqEwttZViimSU6PrLq6', 'Aeb3YVpwFb', '2025-05-07 17:13:49', '2025-05-07 17:13:49'),
(53, 2, 3, 'Zombori Ákos', 'zombori.akos@gmail.com', '2025-05-07 17:13:49', '$2y$12$/O5PFNuzUrqKvSSQJ1yHDeYXOPS8KkCI.BVqbFquh7FRyW8l7I3b.', 'oycKKdBbfF', '2025-05-07 17:13:49', '2025-05-07 17:13:49'),
(54, 2, 1, 'Szőke Mátyás', 'szoke.matyas@gmail.com', '2025-05-07 17:13:49', '$2y$12$/N89nboL1TQnzoU1JpUbbeNPb4vsNfYmlvId0EO11d7FtYQghFXiS', 'KpIJWCNBhx', '2025-05-07 17:13:49', '2025-05-07 17:13:49'),
(55, 2, 4, 'Juhász Zsolt', 'juhasz.zsolt@gmail.com', '2025-05-07 17:13:49', '$2y$12$zQ8GEwxYdcmvcmTGqMYA9eUU8DCwJw5DShCQlMtJvmV4mL23jcIvy', '6iLCLjwe6B', '2025-05-07 17:13:49', '2025-05-07 17:13:49'),
(56, 2, 1, 'Som Lajos', 'som.lajos@gmail.com', '2025-05-07 17:13:49', '$2y$12$y/e73/MD4FAAxod1FecCxO0YJf41O5uG.shnYjLQha8HQPdrrr3CO', 'GzWAHQQ9vB', '2025-05-07 17:13:49', '2025-05-07 17:13:49'),
(57, 2, 1, 'Kecskés László', 'kecskes.laszlo@gmail.com', '2025-05-07 17:13:49', '$2y$12$cun3wJxjEvGLXfzNNbyIYOszHZFmzeSf9Asxc18TzdrorkB29CQXC', 'AQaXeuACcU', '2025-05-07 17:13:49', '2025-05-07 17:13:49'),
(58, 2, 4, 'Koródy Tamás', 'korody.tamas@gmail.com', '2025-05-07 17:13:49', '$2y$12$8DC07bFLQIXBfUJMCzHB.eWz2aoX85qCn7v1WfQilV.xT5zuxb1r2', '8j4sCUeT7o', '2025-05-07 17:13:49', '2025-05-07 17:13:49'),
(59, 2, 4, 'Vlad Igor', 'vlad.igor@gmail.com', '2025-05-07 17:13:49', '$2y$12$3Ghv9kfqJZJzYYlEQzcIyuiEFHcXGma8oCdc82KHHrY023GAdtmFG', 'cYHCMLSCzY', '2025-05-07 17:13:49', '2025-05-07 17:13:49'),
(60, 2, 4, 'Károly Gusztáv', 'karoly.gusztav@gmail.com', '2025-05-07 17:13:49', '$2y$12$3gYnRdEFchElRdlrtYrIOONWQ22vJmCpzMZqW/y6sw879/kacw0f6', '7gT3H9tFUZ', '2025-05-07 17:13:49', '2025-05-07 17:13:49'),
(61, 2, 4, 'Kertész Nándor', 'kertesz.nandor@gmail.com', '2025-05-07 17:13:49', '$2y$12$r/PJJ7tprGOK4QhudDHFL.PUc/ZFDDjtEnwpGkkbu8Zl0FKKLycvu', 'NevKh1jxFu', '2025-05-07 17:13:49', '2025-05-07 17:13:49'),
(62, 2, 4, 'Pintér Zoltán', 'pinte.zoltan@gmail.com', '2025-05-07 17:13:49', '$2y$12$yM3J6J6Z/B.RFWlZspVAA.saxQ2nSyoqB8B/gCgHyRZ5QpcHUyJ02', 'd3NyN7Gff6', '2025-05-07 17:13:49', '2025-05-07 17:13:49'),
(63, 2, 1, 'Koch Péter', 'koch.peter@gmail.com', '2025-05-07 17:13:49', '$2y$12$zrpF6AQDJmJgxQ5Ygl1yFeWgLfHQaaSi6faKfhGTTxgRpxpdo34Ju', 'bK9CUgMQQM', '2025-05-07 17:13:49', '2025-05-07 17:13:49'),
(64, 2, 2, 'Sár Gábor', 'sar.gabor@gmail.com', '2025-05-07 17:13:49', '$2y$12$Ju0HsP/1D0rvrM4xCnhrMOoqQb6KZOw0k4w5oy0kILp1LRaFc2ju6', 'Cx8Ppko5vU', '2025-05-07 17:13:49', '2025-05-07 17:13:49'),
(65, 2, 4, 'Berger Péter', 'berger.peter@gmail.com', '2025-05-07 17:13:49', '$2y$12$9FgEsTHTlNXeZOmAm2dDaeCFH6vFqEygn/0SWW.6omCJHIC4KQSxq', 'OOgQo6xqtT', '2025-05-07 17:13:49', '2025-05-07 17:13:49'),
(66, 2, 4, 'Karlsen Ottó', 'karlsen.otto@gmail.com', '2025-05-07 17:13:49', '$2y$12$.sWrh8/2f6BDUrL/3BoXueeeiiH/31yYDvN0hbuupGuoi2MXg56fe', 'ZKvBpo1myv', '2025-05-07 17:13:49', '2025-05-07 17:13:49'),
(67, 2, 2, 'Domonkos Zsolt', 'domonkos.zsolt@gmail.com', '2025-05-07 17:13:49', '$2y$12$yiUy8G4ufDIyIeBifCavCeTDHPu7eLCsftX4KjdRMCgPZQUBtAJ8C', 'EQ3wMWg66S', '2025-05-07 17:13:49', '2025-05-07 17:13:49'),
(68, 2, 2, 'Szónok Balázs', 'szonok.balazs@gmail.com', '2025-05-07 17:13:49', '$2y$12$xvjgTEE/A43PZhbKDmAv4OO8GPsI0y2JtGuowVf1LsqWKbpw4efL.', 'gkzKHbE4bA', '2025-05-07 17:13:49', '2025-05-07 17:13:49'),
(69, 2, 2, 'Szőke Péter', 'szoke.peter@gmail.com', '2025-05-07 17:13:49', '$2y$12$RwEr4bSDUAXEu0jf6EFSUekbINczgTtZF1rZlYEy/OHjZfcR.ijN2', 'KufYneMaYk', '2025-05-07 17:13:49', '2025-05-07 17:13:49'),
(70, 2, 3, 'Molnár Gergely', 'molnar.gergely@gmail.com', '2025-05-07 17:13:49', '$2y$12$c.aVP4KyOe33qwKeF6Faj.eUtj/ZBF/arjte5ZQ7m.xHxTV9Qv/zO', 'vB9740vTmp', '2025-05-07 17:13:49', '2025-05-07 17:13:49'),
(71, 2, 1, 'Kiss Sándor', 'kiss.sandor@gmail.com', '2025-05-07 17:13:49', '$2y$12$yi8AOxeYxGSkt07o.GwA/ur7rxcFnX9yvkOVDkZF.HnIXSxYmoVvu', 'WnJa8wCIEX', '2025-05-07 17:13:49', '2025-05-07 17:13:49'),
(72, 2, 1, 'Fehér Zoltán', 'feher.zoltan@gmail.com', '2025-05-07 17:13:49', '$2y$12$aAInIixF30HdgKRfVwNwx./bY06.vyp/NcSQSM6Jakb8JjkIgBsyi', 'xlr88Y8bgE', '2025-05-07 17:13:49', '2025-05-07 17:13:49'),
(73, 2, 4, 'Csordás Kálmán', 'csordas.kalman@gmail.com', '2025-05-07 17:13:49', '$2y$12$SMWvckt3L9nZXNEsg3J5De1M7iNfNd5R5LtNn2wr/7wJ6RxlA9Yaa', 'yk3gi2ft3P', '2025-05-07 17:13:49', '2025-05-07 17:13:49'),
(74, 2, 4, 'Mach Mózes', 'mach.mozes@gmail.com', '2025-05-07 17:13:49', '$2y$12$IAN10pXQaTk9FdcNR752aO/inya.Go5NQUJIMvOu2vm0vpQheaPyi', 'HYEBVrQREr', '2025-05-07 17:13:49', '2025-05-07 17:13:49'),
(75, 2, 2, 'Mike János', 'mike.janos@gmail.com', '2025-05-07 17:13:49', '$2y$12$B0HeKv929UAgHN.B86.ufeJdB2LoUnKg4jcO1DXUbaVR3jwkwj.T2', 'kYphm2AiZZ', '2025-05-07 17:13:49', '2025-05-07 17:13:49'),
(76, 2, 2, 'Mészáros Tibor', 'meszaros.tibor@gmail.com', '2025-05-07 17:13:49', '$2y$12$TbEWXcWAM1A0slEahEa.6.LXtMPXBqlMVH1rXEAjK1YmCHe.jivG.', 'iF931w0oJx', '2025-05-07 17:13:49', '2025-05-07 17:13:49'),
(77, 2, 3, 'Bodnár Zoltán', 'bodnar.zoltan@gmail.com', '2025-05-07 17:13:49', '$2y$12$oXON3fgZekllTlxu3eWNxOoDqTOqNexGve3HGiBaW3XKp4D81LyoG', 'nL8RrIci4p', '2025-05-07 17:13:49', '2025-05-07 17:13:49'),
(78, 2, 3, 'Démon Endre', 'demon.endre@gmail.com', '2025-05-07 17:13:49', '$2y$12$Ipuvb.N3dhYAxBiqBA6wU.vLutOsXakCfYgdv.leTLGFoVxfN8.Ea', 'qLapRrqo3M', '2025-05-07 17:13:49', '2025-05-07 17:13:49'),
(79, 2, 1, 'Farkas Béle', 'farkas.bele@gmail.com', '2025-05-07 17:13:49', '$2y$12$EEjPK3nC0c7qF3yAYUbZreCk/MuJs2869gjLwWJAjs647n6T0NWAC', 'jcLGDgl1PP', '2025-05-07 17:13:49', '2025-05-07 17:13:49'),
(80, 2, 2, 'Kovács Pál', 'kovacs.pal@gmail.com', '2025-05-07 17:13:49', '$2y$12$9DxpfW2KySwSiVzMTFdJY.0l0uwVinffgbZqRS3jf1PG5TV5FL22i', 'UvzXI4qWrR', '2025-05-07 17:13:49', '2025-05-07 17:13:49'),
(81, 2, 1, 'Spák Tamás', 'spak.tamas@gmail.com', '2025-05-07 17:13:49', '$2y$12$PLHYnJMNJKj5y3D1FdEW0eAy5TSLwpHdBgLNGLkNv2fRdwW0lWeee', 'Lhmghmf1XV', '2025-05-07 17:13:49', '2025-05-07 17:13:49'),
(82, 2, 3, 'Hirzer Zsolt', 'hirzer.zsolt@gmail.com', '2025-05-07 17:13:49', '$2y$12$uDqDbzvAPlFNzHTTJVx4jOll/fNEJwlmjdZ8ZIOXrqr7ksZnDGvMC', 'lxl4p4UHud', '2025-05-07 17:13:49', '2025-05-07 17:13:49'),
(83, 2, 3, 'Sebő Tas', 'sebo.tas@gmail.com', '2025-05-07 17:13:49', '$2y$12$ZPS/NFKdNi7leLteVGEGVeAbomPCk7U.aTA9DjzlvX5uUUipOF7JW', '2zlFEkepvQ', '2025-05-07 17:13:49', '2025-05-07 17:13:49'),
(84, 2, 4, 'Dábity Ottó', 'dabity.otto@gmail.com', '2025-05-07 17:13:49', '$2y$12$x5iN0KB98PLRXOCbLPG7vOkU65fj/YH2bllv2M8gAT9pfix.4qkGG', '76gBy5XFcq', '2025-05-07 17:13:49', '2025-05-07 17:13:49'),
(85, 2, 3, 'Kremp Gusztáv', 'kremp.gusztav@gmail.com', '2025-05-07 17:13:49', '$2y$12$JUzVXJ6Wusqq3FFdXVoFS.UkaomEjNHEdg/WufX3U7LrK2cGWfjiW', 'gg3X1W0RCb', '2025-05-07 17:13:49', '2025-05-07 17:13:49'),
(86, 2, 1, 'Kovács Győző', 'kovacs.gyozo@gmail.com', '2025-05-07 17:13:49', '$2y$12$ZPVameNt5t7YLYNn8BYx0ORX86fdKm5bEzZYK.a/p9V86lk9umKP2', 'Lyum458CLr', '2025-05-07 17:13:49', '2025-05-07 17:13:49'),
(87, 2, 4, 'Lindh Karl', 'lindh.karl@gmail.com', '2025-05-07 17:13:49', '$2y$12$o8qPOj2x8OxAccirVEQfKuXO8RcUqUNd/pEQGJkH8UuQHhQy/HGxO', '1SVSiVF0ce', '2025-05-07 17:13:49', '2025-05-07 17:13:49'),
(88, 2, 4, 'Nyíl Péter', 'nyil.peter@gmail.com', '2025-05-07 17:13:49', '$2y$12$UdE.i5FKugfDs7Ci7Gs7UOohU4juRIPgItmZFVqN.EW.7nGPFQO3K', 'f8rcvem0yF', '2025-05-07 17:13:49', '2025-05-07 17:13:49'),
(89, 2, 1, 'Presszer Hugó', 'presszer.hu@gmail.com', '2025-05-07 17:13:49', '$2y$12$rWBYz.35SNnnOeTkEXFrIe6tneBxQXsawIZgDRTgzM/PAduODbdiK', 'wloxasd4Xw', '2025-05-07 17:13:49', '2025-05-07 17:13:49'),
(90, 2, 4, 'Monostori Péter', 'monostori.peter@gmail.com', '2025-05-07 17:13:49', '$2y$12$ASDO7G02XaaZOWMpZVB9IevFvxPzvaIZ.OmTfxNwlg9nGYO88Fqii', '10FpDPW2YV', '2025-05-07 17:13:49', '2025-05-07 17:13:49'),
(91, 2, 1, 'Pipás Gábor', 'pipas.gabor@gmail.com', '2025-05-07 17:13:49', '$2y$12$XD6k3NuKOCaCH3YAMM7pXeIgevXwujb4E6Pdvj6KHtdAHQJ2vhYTW', 'R0KdhO475D', '2025-05-07 17:13:49', '2025-05-07 17:13:49'),
(92, 2, 4, 'Gömöri Vilmos', 'gomori.vilmos@gmail.com', '2025-05-07 17:13:49', '$2y$12$n8UirdxIrXwmWBSow76Ale1GF0ZkOsiXI5VCKg6122VVxwIvAkQ5K', 'IueAZA8pfE', '2025-05-07 17:13:49', '2025-05-07 17:13:49'),
(93, 2, 3, 'Bortoli Róbert', 'bortoli.robert@gmail.com', '2025-05-07 17:13:49', '$2y$12$77MWoc.ovjfAaUdCnVVCJOu45jNIYWx0TZgbUYnH46nFjzhLE5lmm', 'AkrPhY0FyM', '2025-05-07 17:13:49', '2025-05-07 17:13:49'),
(94, 2, 1, 'Szilágyi István', 'szilagyi.istvan@gmail.com', '2025-05-07 17:13:49', '$2y$12$K/RxB1DU3ZWdF6wYz8M24eUTYb7HxFV7i9ZeeHvvAGO9l.1obPoQy', 'Toe7HY48Zs', '2025-05-07 17:13:49', '2025-05-07 17:13:49'),
(95, 2, 4, 'Hajas Attila', 'hajas.attila@gmail.com', '2025-05-07 17:13:49', '$2y$12$bFQF.tIKxLxoWDEIruYbt.d3XaqRueFqdyPzn19qwkXQCGCl5ANA6', 'jmx08mMx2y', '2025-05-07 17:13:49', '2025-05-07 17:13:49'),
(96, 2, 3, 'Szűcs Miklós', 'szucs.miklos@gmail.com', '2025-05-07 17:13:49', '$2y$12$g2l46S1ZkNTI27/tr3mBHuwuXgO4pR/yzvG42F4EZPxbrGCMWvmpy', 'zHUtwVICfu', '2025-05-07 17:13:49', '2025-05-07 17:13:49'),
(97, 2, 4, 'Szentei Igor', 'szentei.igor@gmail.com', '2025-05-07 17:13:49', '$2y$12$jBjPV2ezpB7IQiXF9jzQluS41kpwbKxYzMuJThmhKYA7JwXKm.sPS', 'JyMErIZ2Tn', '2025-05-07 17:13:49', '2025-05-07 17:13:49'),
(98, 2, 2, 'Jeszmás Gábor', 'jeszmas.gabor@gmail.com', '2025-05-07 17:13:49', '$2y$12$2xW4HKqoj8fIQJmDSQn0eO4eOuIIoPKDPYNh2xv9VXB2i/noZwX4.', 'm5r7Ytnk5B', '2025-05-07 17:13:49', '2025-05-07 17:13:49'),
(99, 2, 4, 'Nagy László', 'nagy.laszlo@gmail.com', '2025-05-07 17:13:49', '$2y$12$9cuqWPgiRP.nJ4FV7Cn2f.Jbfo7neiIlHgSCbfZPl.6r0ZVAYDj.S', 'sC4aIkZlki', '2025-05-07 17:13:49', '2025-05-07 17:13:49'),
(100, 2, 3, 'Novák Tamás', 'novak.tamas@gmail.com', '2025-05-07 17:13:49', '$2y$12$hmgIMWKzEAsaK2I3a8f2mOmOySDJGFd.42a868I5GA/bWvbs4LNsG', 'Fxrq9CBQL8', '2025-05-07 17:13:49', '2025-05-07 17:13:49'),
(101, 2, 1, 'Horváth Ferenc', 'horvath.ferenc@gmail.com', '2025-05-07 17:13:49', '$2y$12$bXn5cDaMPiOmhoQNCwRPRuHr2LIbTkIhefdjZjUMRAlipaAcLboQS', 'tEffKnhf2U', '2025-05-07 17:13:49', '2025-05-07 17:13:49'),
(102, 2, 1, 'Dudás Krisztián', 'dudas.krisztian@gmail.com', '2025-05-07 17:13:49', '$2y$12$DyFbJQ5RCAFQJctaIAzdluGaGkPmXvPVARuBRY.MD4DZKx4h6GayO', 'PR7Renhtq3', '2025-05-07 17:13:49', '2025-05-07 17:13:49'),
(103, 2, 4, 'Kockás Tamás', 'kockas.tamas@gmail.com', '2025-05-07 17:13:49', '$2y$12$ryuCvADDxqtcvBOedW0gy.EfEi/fjvPiRSYxwM6M5cMJRDHfbK.FO', 'mCrgVz8GYS', '2025-05-07 17:13:49', '2025-05-07 17:13:49'),
(104, 2, 1, 'Rómer Flórián', 'romer.florian@gmail.com', '2025-05-07 17:13:49', '$2y$12$iaAmh5va7FgRLF7UUrMd0Oc6aDTx/tSotaZeNI4q/ZYtAqq0S2Yjm', 'SocQsJqy53', '2025-05-07 17:13:49', '2025-05-07 17:13:49'),
(105, 2, 2, 'Fekete Zoltán', 'fekete.zoltan@gmail.com', '2025-05-07 17:13:49', '$2y$12$70yYfTmYW17M2RdVmj9Eau.gbwRcym37guKGoTS1B3uIzNGcWQkLu', 'NPZR1epbOz', '2025-05-07 17:13:49', '2025-05-07 17:13:49'),
(106, 2, 4, 'Pótz Imre', 'potz.imre@gmail.com', '2025-05-07 17:13:49', '$2y$12$DRXtPNXE/tCoZmQMJK7eO.jO3CAl54hBj6gmOZY/fckDlqnTiC6l.', 'NnJAnqbhQv', '2025-05-07 17:13:49', '2025-05-07 17:13:49'),
(107, 2, 2, 'Tóti Albert', 'toti.albert@gmail.com', '2025-05-07 17:13:49', '$2y$12$H./IQ7NEuvVg22Lw3ry8i.X1uvr5cgHVjHNmeviIAddx/WOSC2PSC', 'Gg4ujPHtal', '2025-05-07 17:13:49', '2025-05-07 17:13:49'),
(108, 2, 4, 'Zsók Zsigmond', 'zsok.zsigmond@gmail.com', '2025-05-07 17:13:49', '$2y$12$NmZU3s6w1Ric5IXfoY8ace9YB.GdxZK5jtCLyWOk1m/VwqmXx9/cS', 'a7IOMXaAeR', '2025-05-07 17:13:49', '2025-05-07 17:13:49'),
(109, 2, 2, 'Tóth István', 'toth.istvan@gmail.com', '2025-05-07 17:13:49', '$2y$12$m5.H0LgmpB1L3PH.N.Q3Tud7sjvtoSRC1Q0l9Swq7JWfmfNKsAsYi', 'A22lRKDnqH', '2025-05-07 17:13:49', '2025-05-07 17:13:49'),
(110, 2, 3, 'Gőcze Tibor', 'gocze.tibor@gmail.com', '2025-05-07 17:13:49', '$2y$12$.rBGXZFAGDb3rxxmljkR2ut8jvJ9c6bw4zlE8xTPuWBQxlGhLHR.q', 'FD0a6vC9jv', '2025-05-07 17:13:49', '2025-05-07 17:13:49'),
(111, 2, 1, 'Lipót Ottó', 'lipot.otto@gmail.com', '2025-05-07 17:13:49', '$2y$12$aFn06Rs0TaO5HDBusXB3hOG/M3jbTTqeadYo98cRG8WtWDYmNSdIm', 'B7ulTCVF0l', '2025-05-07 17:13:49', '2025-05-07 17:13:49'),
(112, 2, 3, 'Sós Imre', 'sos.imre@gmail.com', '2025-05-07 17:13:49', '$2y$12$Co42ff.XrTshtPgyAQYQ4eK5jH/SaUyn9Ft1cdWb9XmLk3a6GjXw.', 'yaZKOkgUJX', '2025-05-07 17:13:49', '2025-05-07 17:13:49'),
(113, 2, 1, 'Kovács Zoltán', 'kovacs.zoltan@gmail.com', '2025-05-07 17:13:49', '$2y$12$qV6eTRYSTdqidd2fPfBNk.di8H9hTTrtbq2ZQdCaSFeO2appXmU42', '8hEddPHk73', '2025-05-07 17:13:49', '2025-05-07 17:13:49'),
(114, 2, 4, 'Müller Péter', 'muller.peter@gmail.com', '2025-05-07 17:13:49', '$2y$12$OEKy6EG/X.6yaocFU8DxJOtHb19Pg5uH8ITZefNLYLHJNeMj7OAzC', 'liYgvblHg0', '2025-05-07 17:13:49', '2025-05-07 17:13:49'),
(115, 2, 2, 'Máté Oszkár', 'mate.oszkar@gmail.com', '2025-05-07 17:13:49', '$2y$12$OfcXkYSwFejduG.UTSkKuO9opE8pkm7/K.nXTiLlQmsJOuzcXAOm.', 'xEX3JoDDoD', '2025-05-07 17:13:49', '2025-05-07 17:13:49'),
(116, 2, 3, 'Polgár István', 'polgar.istvan@gmail.com', '2025-05-07 17:13:49', '$2y$12$SxLqMMmoRGhlqcuCy199OuBGmY6JF2EP074HSQ0ukvvxqptZ5lXUy', 'Zjf121Sau4', '2025-05-07 17:13:49', '2025-05-07 17:13:49'),
(117, 2, 3, 'Kállai István', 'kallai.istvan@gmail.com', '2025-05-07 17:13:49', '$2y$12$Nuqp7Elp0fmiMqQiL.8b9.PPglUuqVLHGqadDZkXlMY4eoteeSFwC', 'l6qXFdBxjO', '2025-05-07 17:13:49', '2025-05-07 17:13:49'),
(118, 2, 4, 'Bognár Imre', 'bognar.imre@gmail.com', '2025-05-07 17:13:49', '$2y$12$xVvRPvC31wysdPf1ryWUN.gT6b2dR5DEUOC2JurQP0se/lO5L9H7K', 'QWn8jRWROb', '2025-05-07 17:13:49', '2025-05-07 17:13:49'),
(119, 2, 2, 'Palotai Márk', 'palotai.mark@gmail.com', '2025-05-07 17:13:49', '$2y$12$yiFpKrr1KaNOwqxBDvN0euirzbeRvudhv214qJoGkXoE7ZX3D/dNe', 'nDKVF76yO9', '2025-05-07 17:13:49', '2025-05-07 17:13:49'),
(120, 2, 3, 'Guttmann Gábor', 'guttmann.gabor@gmail.com', '2025-05-07 17:13:49', '$2y$12$3m7rg6FxFu1L8QhMeOz1d.apfjcxd7MMvGQUYszrwOUWm9E6hMegC', 'zGCHR559k0', '2025-05-07 17:13:49', '2025-05-07 17:13:49'),
(121, 2, 3, 'Alsó Emil', 'also.emil@gmail.com', '2025-05-07 17:13:49', '$2y$12$pzUM8V4.QYMe2EIXC8jlruHKLAEgNHPrZ2I4HMQsL6wTlc291uDYa', 'w7jDtifxoE', '2025-05-07 17:13:49', '2025-05-07 17:13:49'),
(122, 2, 4, 'Borisz Norbert', 'borisz.norbert@gmail.com', '2025-05-07 17:13:49', '$2y$12$QTr22wZgY1MBSulthJkzHeroubTGn601A4z3HPcxnrF4GPzPaadgy', 'gjyuWBcCR2', '2025-05-07 17:13:49', '2025-05-07 17:13:49'),
(123, 2, 1, 'Tan József', 'tan.jozsef@gmail.com', '2025-05-07 17:13:49', '$2y$12$wzelf3v/dR1lWF4llzIPKuU9ge6YMwmufCX7qApEQ2N1fVNp5UtY2', 'LJHXx2XNgc', '2025-05-07 17:13:49', '2025-05-07 17:13:49'),
(124, 2, 1, 'Dócz Károly', 'docz.karoly@gmail.com', '2025-05-07 17:13:49', '$2y$12$2KyqpgC9/0GtvhkpPdrDzej1Megac16vV2vcm3M40p1.dxvliHqs2', 'Fh8GmMfUNk', '2025-05-07 17:13:49', '2025-05-07 17:13:49'),
(125, 2, 2, 'Kiss Lajos', 'kiss.lajos@gmail.com', '2025-05-07 17:13:49', '$2y$12$0ZZ/shqZ.bb6/CQAv9cQcODZ5jOXQaTD8A48EkdFi.ECBXlHZ36oW', 'KVQuCicbYJ', '2025-05-07 17:13:49', '2025-05-07 17:13:49'),
(126, 2, 4, 'Kovai Róbert', 'kovai.robert@gmail.com', '2025-05-07 17:13:49', '$2y$12$kYa/oGCViaRsTsyOHJmxhOoqGeUcShBjV873IHULZGFXCWn1H4y3m', 'hZas4nAafy', '2025-05-07 17:13:49', '2025-05-07 17:13:49'),
(127, 2, 1, 'Dobó István', 'dobo.istvan@gmail.com', '2025-05-07 17:13:49', '$2y$12$yNEKBkFFO9wNM/c84TPvbOaTizi/Pg4ftluFY6ZyGEEzoG/2jYRci', 'PGifRDRrgC', '2025-05-07 17:13:49', '2025-05-07 17:13:49'),
(128, 2, 1, 'Séra Mihály', 'sera.mihaly@gmail.com', '2025-05-07 17:13:49', '$2y$12$He4ySqItv2d4CHJct3sfqeS8wvIO64PFxtRltThRjXDDL6hq.1yW2', '3uiMY7vpdr', '2025-05-07 17:13:49', '2025-05-07 17:13:49'),
(129, 2, 4, 'Miklósi István', 'miklosi.istvan@gmail.com', '2025-05-07 17:13:49', '$2y$12$olCJ65vXYSRBXF53XzwZ2eSTWyEmj.gvZGsTRu3mro/x6d.NZSOoK', 'E3RpHf2WY0', '2025-05-07 17:13:49', '2025-05-07 17:13:49'),
(130, 2, 3, 'Dombi Ákos', 'dombi.akos@gmail.com', '2025-05-07 17:13:49', '$2y$12$SXMGDhOg7XqEJ7w0jMCp8.cO5Rnkp9CApfZ94hiwUyCxPjdiXxg6.', 'cARHKCyEg4', '2025-05-07 17:13:49', '2025-05-07 17:13:49'),
(131, 2, 4, 'Nagy Attila', 'nagy.attila@gmail.com', '2025-05-07 17:13:49', '$2y$12$7zbfGxA6HRXlGN2Cc1ucMeK6nZW9Z//xeVM.6RFsZrtdZ7uoRR4hS', 'Q3FwTxXTa6', '2025-05-07 17:13:49', '2025-05-07 17:13:49'),
(132, 2, 3, 'Esztergályos Gábor', 'esztergalyos.gabor@gmail.com', '2025-05-07 17:13:49', '$2y$12$W8uYbAgJPa1dnnZ6nwne/uDfTW1tkP0Eqp8zyFdH7xKQYBgmzlCIO', 'pzyymoOdP6', '2025-05-07 17:13:49', '2025-05-07 17:13:49'),
(133, 2, 1, 'Eisner Tamás', 'eisner.tamas@gmail.com', '2025-05-07 17:13:49', '$2y$12$dT0PNCfYF7p9o.Wzf/1lc.Tc9hK6l9CruZk1alvxX9ofyu3vFnhli', 'EFUpeatLXn', '2025-05-07 17:13:49', '2025-05-07 17:13:49'),
(134, 2, 2, 'Várkonyi Gábor', 'varkonyi.gabor@gmail.com', '2025-05-07 17:13:49', '$2y$12$Y12WfGNg7i/6nWi99CHhg.GsxTA9wpAhM9x8xd4SNzdMm5TMnVm/2', 'MdeTVJ0QJv', '2025-05-07 17:13:49', '2025-05-07 17:13:49'),
(135, 2, 1, 'Péter Tamás', 'peter.tamas@gmail.com', '2025-05-07 17:13:49', '$2y$12$owJkXPtsmRRjN6l3VtSs8.SkyX4vKN6JxJPhiHKVQ/q7IsQKUlAuu', 'oTHBEw8O13', '2025-05-07 17:13:49', '2025-05-07 17:13:49'),
(136, 2, 3, 'Leander Jácint', 'leander.jacint@gmail.com', '2025-05-07 17:13:49', '$2y$12$6ZNZ5pDXT8pdOoB6ku.naOB3tRmh1cqs/h1YqFgfFIjrLd6QsVpOu', 'VjDuBheDgU', '2025-05-07 17:13:49', '2025-05-07 17:13:49'),
(137, 2, 3, 'Wollek Ottó', 'wollek.otto@gmail.com', '2025-05-07 17:13:49', '$2y$12$HWlOuywQ6eOU3SE70y8qU.f1VcjyAjKsXy5pV6My6n1E4/btzVL8e', 'FF6HU08F8T', '2025-05-07 17:13:49', '2025-05-07 17:13:49'),
(138, 2, 2, 'Blum Ottó', 'blum.otto@gmail.com', '2025-05-07 17:13:49', '$2y$12$o6ZmhnI8KPeITDpNlYJ/geg9P8DzqzctFQ26oIWyWOBhtfYiWQQMa', 'dVVY6CcJQM', '2025-05-07 17:13:49', '2025-05-07 17:13:49'),
(139, 2, 3, 'Hrúz Róbert', 'hrusz.robert@gmail.com', '2025-05-07 17:13:49', '$2y$12$6wbH5EU8jgq0glw.poeh/e7SXOdFGzsICfLm/XFZOS6SixVWrkbxK', '3BWUbqMXkT', '2025-05-07 17:13:49', '2025-05-07 17:13:49'),
(140, 2, 4, 'Teleki Kálmán', 'teleki.kalman@gmail.com', '2025-05-07 17:13:49', '$2y$12$NSQ4z8lmh.AQvxYdtUcL9eqqaKc3qgW91F0A8kTdolMCVNMGK5q1q', 'BWu9peoMDZ', '2025-05-07 17:13:49', '2025-05-07 17:13:49'),
(141, 2, 2, 'Stofin József', 'stofin.jozsef@gmail.com', '2025-05-07 17:13:49', '$2y$12$qZ0YqDMltn4cd6TRYPhoR.kui/jiSja2yL4HxUdWnAfDER8e.RRZm', 'ms4HegYn4L', '2025-05-07 17:13:49', '2025-05-07 17:13:49'),
(142, 2, 3, 'Bányai Balázs', 'banyai.balazs@gmail.com', '2025-05-07 17:13:49', '$2y$12$1.1WMzQ3cTOh/j2eRWMjU.iqQnlHCEW9nb7Etn0vLWQsyOAwK2XMW', 'mpza4p9qfi', '2025-05-07 17:13:49', '2025-05-07 17:13:49'),
(143, 2, 2, 'Szendrődi Csaba', 'szendrodi.csaba@gmail.com', '2025-05-07 17:13:49', '$2y$12$rNh9Ees.B4X6LXE5RA0/6etqymdfb0R3O3dexo0lSYLS6Ginozroa', 'BLBPdBDWye', '2025-05-07 17:13:49', '2025-05-07 17:13:49'),
(144, 2, 4, 'Bild Zsolt', 'bild.zsolt@gmail.com', '2025-05-07 17:13:49', '$2y$12$wAEqBW4.SU1CQtiK3p8AZ.FX4zHjTbTeb8L6dnZjwCMRgJl6AQf3G', 'BLOM6dyyhm', '2025-05-07 17:13:49', '2025-05-07 17:13:49'),
(145, 2, 4, 'Kalmár Gábor', 'kalmar.gabor@gmail.com', '2025-05-07 17:13:49', '$2y$12$nIIvWY80G/HFX8.8QrqSreDrHt5aeVs1sT.9xHD/cTDEDYFf9p7AK', 'lYHowFBIQG', '2025-05-07 17:13:49', '2025-05-07 17:13:49'),
(146, 2, 2, 'Tatár István', 'tatar.istvan@gmail.com', '2025-05-07 17:13:49', '$2y$12$YaY2tceGV6DRKE90pEhEpeHQfoWxakIKuym.ZnuPbB6U/yW5hYP3S', 'XV42uoY7Dy', '2025-05-07 17:13:49', '2025-05-07 17:13:49'),
(147, 2, 3, 'Szedlacsek Pál', 'szedlacsek.pal@gmail.com', '2025-05-07 17:13:49', '$2y$12$41nTRZxdEepuK59JnKvRH.rx2TLavZBcNPlB8hX9ZHGLuJNpKQj4O', 'YPBFzz0LTy', '2025-05-07 17:13:49', '2025-05-07 17:13:49'),
(148, 2, 3, 'Pályi Balázs', 'palyi.balazs@gmail.com', '2025-05-07 17:13:49', '$2y$12$23iAw7BJ6DAdJxY4h1MQ4.ZWjtUwKFOnwSg8RY4KTLgrrJyXX7696', 'YjXBdeXsUy', '2025-05-07 17:13:49', '2025-05-07 17:13:49'),
(149, 2, 2, 'Hajhtsa Dániel', 'hajhtsa.daniel@gmail.com', '2025-05-07 17:13:49', '$2y$12$.D4X7GwmIWXWctQHE6eU1uzMwkZgaUnNgVf5vR4jSZZXt5e47SoT2', 'SlikvDfgIR', '2025-05-07 17:13:49', '2025-05-07 17:13:49'),
(150, 2, 3, 'Csepp Zoltán', 'csepp.zoltan@gmail.com', '2025-05-07 17:13:49', '$2y$12$DZie9khIV.UvwqfrEhKxTOri5pk6Il0qUGGXCgys2Yh6nTEkAXo96', 'DrXEjKuhiz', '2025-05-07 17:13:49', '2025-05-07 17:13:49'),
(151, 2, 1, 'Javai Tamás', 'javai.tamas@gmail.com', '2025-05-07 17:13:49', '$2y$12$9.RlEZrtvzuiMowIhwETU.tsIYalngaSVkgpXfEPiIOUHnmBya8dm', 'w6jcqfmuqO', '2025-05-07 17:13:49', '2025-05-07 17:13:49'),
(152, 2, 3, 'Keresztes Zsolt', 'kereszt.zsolt@gmail.com', '2025-05-07 17:13:49', '$2y$12$c7haAVU8ttd5cheq1J3w3OFOLZeR12JpZaGY783fAru1AlZWE.JS.', 'eNnkuXYSXm', '2025-05-07 17:13:49', '2025-05-07 17:13:49'),
(153, 2, 3, 'Szednicsek Jenő', 'szednicsek.jeno@gmail.com', '2025-05-07 17:13:49', '$2y$12$pDHo1flNm5TSa42fpTIdmu0S7ASV7IVhtCXV7ZNs68428wyTEt4mS', 'LthPtNGa1O', '2025-05-07 17:13:49', '2025-05-07 17:13:49'),
(154, 2, 2, 'Turán Levente', 'turan.levente@gmail.com', '2025-05-07 17:13:49', '$2y$12$yGxP36851G9cGWLKckmyPuqPjN5awmxobMHm.4/rz/LrGd99ODBnO', 'Lp23x0He21', '2025-05-07 17:13:49', '2025-05-07 17:13:49'),
(155, 2, 3, 'Debreceni Péter', 'debreceni.peter@gmail.com', '2025-05-07 17:13:49', '$2y$12$YgIfA0BgEu76buZXgZlywO6Y9cWgRnD8cYEaOuaww3bg5L2OUwSse', 'Y9Qh0ICCCb', '2025-05-07 17:13:49', '2025-05-07 17:13:49'),
(156, 2, 4, 'Horváth Pál', 'horvath.pal@gmail.com', '2025-05-07 17:13:49', '$2y$12$iL3zm9AySSUxlkDY/PiV8.h8c8MdinwmxFMBbUZtPnux7u965Us62', 'UMjlWZJYq6', '2025-05-07 17:13:49', '2025-05-07 17:13:49'),
(157, 2, 3, 'Csontos Imre', 'csontos.imre@gmail.com', '2025-05-07 17:13:49', '$2y$12$TTlsyiMTrmd02Wfgcmjnr.j1x7vhc9uI2HcI/AAehiJnd4ncj04zq', 'rDZWLAwuZn', '2025-05-07 17:13:49', '2025-05-07 17:13:49'),
(158, 2, 4, 'Nyakas Dénes', 'nyakas.denes@gmail.com', '2025-05-07 17:13:49', '$2y$12$mR3uATheWGr7kmxBaR1ssOZY1HiryT7Q2iQevmkV0tt6VSQ97Ka4i', 'af1qnz5AP0', '2025-05-07 17:13:49', '2025-05-07 17:13:49'),
(159, 2, 4, 'Karsai Péter', 'karsai.peter@gmail.com', '2025-05-07 17:13:49', '$2y$12$cQBKoDIMm9rHAMiBiI4s6OD0iGJ9cG53AZqdB0i2x/hWuQxBhItyy', 'lFqig8Taga', '2025-05-07 17:13:49', '2025-05-07 17:13:49'),
(160, 2, 4, 'Schaff József', 'schaff.jozsef@gmail.com', '2025-05-07 17:13:49', '$2y$12$7iWLsA5h7ldodH0aXTh2WetQwG/UOJOM3dLGmxXRmYcwVfY35qxKe', 'R0KJLa6NFH', '2025-05-07 17:13:49', '2025-05-07 17:13:49'),
(161, 2, 1, 'Balog Tibor', 'balog.tibor@gmail.com', '2025-05-07 17:13:49', '$2y$12$Xi7wafXM8wzJiAcgq3ct7OIxrnX5PhyF4TZ8iExYPKyGP59lTD5g2', 'edO8ILfgrO', '2025-05-07 17:13:49', '2025-05-07 17:13:49'),
(162, 2, 2, 'Weiler Endre', 'weiler.endre@gmail.com', '2025-05-07 17:13:49', '$2y$12$pP0XfwsvrQSe0up940hUZ.FBzDAb2yViZ4XaIgg4vj0txUCeLFhxm', 'FIcwNwRc8y', '2025-05-07 17:13:49', '2025-05-07 17:13:49'),
(163, 2, 1, 'Nyers Sándor', 'nyers.sandor@gmail.com', '2025-05-07 17:13:49', '$2y$12$pL8nBLQlownIUn3Cibp1GeJLxM.ygxwhF3IJiKNjWNb1QMeNlsaL2', '16eOZf4fll', '2025-05-07 17:13:49', '2025-05-07 17:13:49'),
(164, 2, 2, 'Gyimesi Béla', 'gyimesi.bela@gmail.com', '2025-05-07 17:13:49', '$2y$12$40Akvvzw73vtYGLXcXRt8.VzLHccnpbnaZMFvgn5cno/Kr6JRaspe', 'CTnoluueSC', '2025-05-07 17:13:49', '2025-05-07 17:13:49'),
(165, 2, 3, 'Szekeres József', 'szekeres.jozsef@gmail.com', '2025-05-07 17:13:49', '$2y$12$gIBp8MnQ8CWVSiHpER33D.xDVjafKQPJzgauLNneZSjt8uUhxdRDi', 'yjnh0P97Yn', '2025-05-07 17:13:49', '2025-05-07 17:13:49'),
(166, 2, 3, 'Komlósi Imre', 'komlosi.imre@gmail.com', '2025-05-07 17:13:49', '$2y$12$as7IHACys7NxkPb1U32brObnTq/aPcUoHpRDgjmhLBEUXz.3SGaQO', 'majzjNADju', '2025-05-07 17:13:49', '2025-05-07 17:13:49'),
(167, 2, 3, 'Tánczos Ernő', 'tanczos.erno@gmail.com', '2025-05-07 17:13:49', '$2y$12$CwDyF4bAfGLLY6csCAJNEuFzCqywRH.c7kjmQMbVC/fqAiAQq.Sfa', 'Oz24xMqvVO', '2025-05-07 17:13:49', '2025-05-07 17:13:49'),
(168, 2, 4, 'Rácz Gábor', 'racz.gabor@gmail.com', '2025-05-07 17:13:49', '$2y$12$1aHfNcP38VMcLli0iNXr1eAFcozFiA88kk1Mue.X0PDrdP3RACMYa', 'bjzOycCVzu', '2025-05-07 17:13:49', '2025-05-07 17:13:49'),
(169, 2, 3, 'Szolnoki István', 'szolnoki.istvan@gmail.com', '2025-05-07 17:13:49', '$2y$12$kIwfl2fboTacnl6yCEKNh.iYldzQv9EPZjICtv/iEoll.GaYHt/F6', '5aWUUW4kyu', '2025-05-07 17:13:49', '2025-05-07 17:13:49'),
(170, 2, 4, 'Vég Kálmán', 'veg.kalman@gmail.com', '2025-05-07 17:13:49', '$2y$12$6SGVXYhu4ULbYBDZytBZduFSsXsArBYFb.Z8r.xGRoXy2NSpimR1G', 'XffIuD9tmA', '2025-05-07 17:13:49', '2025-05-07 17:13:49'),
(171, 2, 1, 'Olajos Csaba', 'olajos.csaba@gmail.com', '2025-05-07 17:13:49', '$2y$12$ru4IMm.hwx1xQLcNA2KAX./gOSpJF67EpBG5njNw5tjEZUIc4JzDO', 'UArkKtgWr3', '2025-05-07 17:13:49', '2025-05-07 17:13:49'),
(172, 2, 1, 'Lauck Róbert', 'lauck.robert@gmail.com', '2025-05-07 17:13:49', '$2y$12$5V3b.hZh0mOHT/AA6PhJzukhkO68LoKimyWp8/F4z/lqP6gvIlmr6', 'AibZUlCd2Y', '2025-05-07 17:13:49', '2025-05-07 17:13:49'),
(173, 2, 3, 'Bordás Gábor', 'bordas.gabor@gmail.com', '2025-05-07 17:13:49', '$2y$12$b4jG55EsyIWQ.9toUFJooeT.CT1anAceTuqIEFZN7./3qQwuqtJ52', 'ypqLrK6m5D', '2025-05-07 17:13:49', '2025-05-07 17:13:49'),
(174, 2, 1, 'Happ Csaba', 'happ.csaba@gmail.com', '2025-05-07 17:13:49', '$2y$12$qY3OCI/WYVZARbKw7E4Dqunc28.QtJ3Hp35Q0wBy.WqGQieizF1mq', 'DLLqp9Soot', '2025-05-07 17:13:49', '2025-05-07 17:13:49'),
(175, 2, 2, 'Zólyomi Kristóf', 'zolayomi.kristof@gmail.com', '2025-05-07 17:13:49', '$2y$12$R6bs2i0rxy2UI4Rm58xaoeEMzELIPtnLM.if0p7L2f4yJcZrgZTIW', 'mdmF3HXlZV', '2025-05-07 17:13:49', '2025-05-07 17:13:49'),
(176, 2, 3, 'Csíbor Tamás', 'csibor.tamas@gmail.com', '2025-05-07 17:13:49', '$2y$12$gLn1J/DmnSFlg30TjKN55eUCmwQ/kOSqQZiPLf0zcxB7Kdue./fJu', '83lcxD4DQ8', '2025-05-07 17:13:49', '2025-05-07 17:13:49'),
(177, 2, 1, 'Sarlós Róbert', 'sarlos.robert@gmail.com', '2025-05-07 17:13:49', '$2y$12$NoBUXIhLGVgyyihtK.SH0eGpYjUQYftePUGNPr.Pu3xYA67UHxgOW', 'iaeYkYy8aB', '2025-05-07 17:13:49', '2025-05-07 17:13:49'),
(178, 2, 1, 'Gors Zsigmond', 'gors.zsigmond@gmail.com', '2025-05-07 17:13:49', '$2y$12$eMb.TRQ9aTB/rnbuOP3zz.fLeQ9iM4qYmZPH8vVa.drfrqqJdbVHG', 'SZSw0swbYS', '2025-05-07 17:13:49', '2025-05-07 17:13:49'),
(179, 2, 3, 'Kiss-Szabó Péter', 'kiss.szabo.peter@gmail.com', '2025-05-07 17:13:49', '$2y$12$B/RIaPwgkISGBWjq9f5oEe8BHKJRMTw1d44z2MnoRj4LzqwEEacA6', 'P8VEltzDbq', '2025-05-07 17:13:49', '2025-05-07 17:13:49'),
(180, 2, 3, 'Nyolcas Péter', 'nyolcas.peter@gmail.com', '2025-05-07 17:13:49', '$2y$12$LQ0AY/H8ln.PSIkS535j4uNibIiOVQ6mvb2hKFMy/iQeUXElvQBQq', 'Fse1xHamB7', '2025-05-07 17:13:49', '2025-05-07 17:13:49'),
(181, 2, 4, 'Sebestyén Mátyás', 'sebestyen.matyas@gmail.com', '2025-05-07 17:13:49', '$2y$12$chaagVb92RciauUMORgdS.Vwpqmp/om/UgK.ZAABS08t5OHGj2Dea', 'zP4PecPR1E', '2025-05-07 17:13:49', '2025-05-07 17:13:49'),
(182, 2, 4, 'Kovács Imre', 'kovacs.imre@gmail.com', '2025-05-07 17:13:49', '$2y$12$/CUQDSaHL6X4ZMKuPXyMLOeUzp/hCPyFFsV8Zp8C77oNxNrwSYwCq', 'TNV0XgWicp', '2025-05-07 17:13:49', '2025-05-07 17:13:49'),
(183, 2, 4, 'Skvar Tamás', 'skvar.tamas@gmail.com', '2025-05-07 17:13:49', '$2y$12$zLf4dHBzCUYUsABz/FB07OP6KEoNwbkvfqYbacC7j3TBg2.tiq1F2', '537zsbDslw', '2025-05-07 17:13:49', '2025-05-07 17:13:49'),
(184, 2, 2, 'Markos Csaba', 'markos.csaba@gmail.com', '2025-05-07 17:13:49', '$2y$12$MPikfsTICyiD5PNWIxVn3eZe/4yCmJ/NjH7DLIWWhVEAmeg5.IRMG', 'KfNx9yo248', '2025-05-07 17:13:49', '2025-05-07 17:13:49'),
(185, 2, 1, 'Petres Zoltán', 'petres.zoltan@gmail.com', '2025-05-07 17:13:49', '$2y$12$Olt0s.HwSIkMIaixdanqJ.90/GFqYwfT889Whu6tFA8OF2L9gWqPm', 'HEszh2ZRps', '2025-05-07 17:13:49', '2025-05-07 17:13:49'),
(186, 2, 3, 'Kardos Ádám', 'kardos.adam@gmail.com', '2025-05-07 17:13:49', '$2y$12$BBNZMuFgM5OFQQrTIvi8MOXNrzbzdRVWwDfmrmW1zO60VxNYuo25q', '0GCZAUDoNv', '2025-05-07 17:13:49', '2025-05-07 17:13:49'),
(187, 2, 2, 'Klaumer Péter', 'klaumer.peter@gmail.com', '2025-05-07 17:13:49', '$2y$12$VeIvA4o6LGDMSEhvwpYeL.i5ZCJcc0cYkHqZm2pznK1KkI7a1BQSC', 'JivA6b32rV', '2025-05-07 17:13:49', '2025-05-07 17:13:49'),
(188, 2, 3, 'Gyetvai Zsolt', 'gyetvai.zsolt@gmail.com', '2025-05-07 17:13:49', '$2y$12$l7KxuxsgH6iaKzD4Eqg4/u4ESOj31fYv/A11drTYciaDfYFDfJOfK', 'Lk1eBp3LIa', '2025-05-07 17:13:49', '2025-05-07 17:13:49'),
(189, 2, 2, 'Tornyos Imre', 'tornyos.imre@gmail.com', '2025-05-07 17:13:49', '$2y$12$wNgWWNzJffhiqZP1fB4HWOxN738XQqRxU8hD06LkWSxPWSqtKfNmu', 'JpgtJxSJgu', '2025-05-07 17:13:49', '2025-05-07 17:13:49'),
(190, 2, 1, 'Sebok Géza', 'sebok.geza@gmail.com', '2025-05-07 17:13:49', '$2y$12$85l.MuEn0LA1k/Igzzeel.ymyoSEjQ96Vb5Fm8VHg5PFtyYH8noMK', 'fmmCwHjJFm', '2025-05-07 17:13:49', '2025-05-07 17:13:49'),
(191, 2, 1, 'Lisztes Imre', 'lisztes.imre@gmail.com', '2025-05-07 17:13:49', '$2y$12$HfzVGSrvRpA1tENGFnJqb.IS1XoV.eZQJ29vyatwdWvLjNrabhqEG', 'c3wvAqkAbe', '2025-05-07 17:13:49', '2025-05-07 17:13:49'),
(192, 2, 4, 'Tóth Kálmán', 'toth.kalman@gmail.com', '2025-05-07 17:13:49', '$2y$12$rONR4wgFN8CR3FECXd.l9OVOPekz5lSGne6JUzPNAFi4533M.UY9O', 'm6rRn3CemQ', '2025-05-07 17:13:49', '2025-05-07 17:13:49'),
(193, 2, 4, 'Rákos Pál', 'rakos.pal@gmail.com', '2025-05-07 17:13:49', '$2y$12$a5BSt0S/3Caue9iZ1CNXuOyuM4kV.OSpS03eBvJv9paVVAvjtHOMG', 'T7mssR55H1', '2025-05-07 17:13:49', '2025-05-07 17:13:49'),
(194, 2, 4, 'Kolláth György', 'kollath.gyorgy@gmail.com', '2025-05-07 17:13:49', '$2y$12$0sfZEQUn0ZUbiH1GXqluC.U.kTtksw4W.qMW9GvPzgv0ceKgOPJ5i', 'wd4iu8SBFe', '2025-05-07 17:13:49', '2025-05-07 17:13:49'),
(195, 2, 3, 'Kuti Zoltán', 'kuti.zoltan@gmail.com', '2025-05-07 17:13:50', '$2y$12$3Uv2nUPYmphfwisCgYkqVu3ztDHe/Xq9qL2FX7CuKn9pQfoF/QCc2', 'sNX183HLit', '2025-05-07 17:13:50', '2025-05-07 17:13:50'),
(196, 2, 1, 'Ádám Péter', 'adam.peter@gmail.com', '2025-05-07 17:13:50', '$2y$12$j5a70CPHdFR4u.ZghS4jp.i536kigfFf4amuafW/qUxqXunI0Vlfm', '4PMQvSvljv', '2025-05-07 17:13:50', '2025-05-07 17:13:50'),
(197, 2, 4, 'Vida Csongor', 'vida.csongor@gmail.com', '2025-05-07 17:13:50', '$2y$12$ohV5f9OOq3kP.fGCtB/ViO3J.410..Mpd70lzP0B5lmlWHhoUmGsK', 'coCMyx08fi', '2025-05-07 17:13:50', '2025-05-07 17:13:50'),
(198, 2, 1, 'Solymosi Ödön', 'solymosi.odon@gmail.com', '2025-05-07 17:13:50', '$2y$12$z3mAucc/VcpSGCjHk8w05eBhIVe/RkdTWmN781zen8RhI.T7Y5J.K', 'cUqw2JLB9j', '2025-05-07 17:13:50', '2025-05-07 17:13:50'),
(199, 2, 3, 'Szabó Géza', 'szabo.geza@gmail.com', '2025-05-07 17:13:50', '$2y$12$FZvJa7IxnbkvG6..fjMyKOsbxGegGdqnZ/SoxHhijkHlCK5i7EPGq', 'mgEFhYYbru', '2025-05-07 17:13:50', '2025-05-07 17:13:50'),
(200, 2, 4, 'Garadnai Zoltán', 'garadnai.zoltan@gmail.com', '2025-05-07 17:13:50', '$2y$12$sVBm4p/ktkkxhobXVRNM1evhLcy9lm8hxNbGqTQlV9kMRAtakACQC', 'MES8cdkzpM', '2025-05-07 17:13:50', '2025-05-07 17:13:50'),
(201, 2, 3, 'Bor János', 'bor.janos@gmail.com', '2025-05-07 17:13:50', '$2y$12$YokwceSg5u9BU6zgyWDpeu7HIq.d3zKBe.uaUK2cdHExsgXZZqe6m', 'rW6mNCWVuh', '2025-05-07 17:13:50', '2025-05-07 17:13:50'),
(202, 2, 1, 'Pusztai Géza', 'pusztai.geza@gmail.com', '2025-05-07 17:13:50', '$2y$12$wpfGqmiHGcQKHzHF2qbRL.znV/vTrtoVNxYeXEHLO/tcsMjh.lYQO', 'BAudpNvGbr', '2025-05-07 17:13:50', '2025-05-07 17:13:50'),
(203, 2, 4, 'Somi József', 'somi.jozsef@gmail.com', '2025-05-07 17:13:50', '$2y$12$s/GMqhaX6GLzehSgV.clS.cpnS0j1TIl4kYm65RBDIgVJjZVsRNzK', 'MMVRmy9nY3', '2025-05-07 17:13:50', '2025-05-07 17:13:50'),
(204, 2, 2, 'Senkey Tamás', 'senkey.tamas@gmail.com', '2025-05-07 17:13:50', '$2y$12$h.dXqUfAISOACd4MTHDcbeA4MHcn/U8L/6s/zJNt7l.qqoPdtUD.S', 'khnCW1axeN', '2025-05-07 17:13:50', '2025-05-07 17:13:50'),
(205, 2, 2, 'Jeny Imre', 'jeny.imre@gmail.com', '2025-05-07 17:13:50', '$2y$12$bJw0XuQAA/4sOxGlYqUBG.KjXSaaEHvreAWoKSl74wOJmNS3L7gy6', 'E6PylPIc9g', '2025-05-07 17:13:50', '2025-05-07 17:13:50'),
(206, 2, 2, 'Molnár Balázs', 'molnar.balazs@gmail.com', '2025-05-07 17:13:50', '$2y$12$VZZvmWRGb0D0g4vmEazE/e77OyznaOG1Z/GEI81dTEyk62eY6nJSC', 'k5Fv4ozrNt', '2025-05-07 17:13:50', '2025-05-07 17:13:50'),
(207, 2, 3, 'Tihanyi Károly', 'tihanyi.karoly@gmail.com', '2025-05-07 17:13:50', '$2y$12$hqa6n7pRVLIRegDnFX3gmuL7tsqFGNnzs2sMcq1ss4M0jWNHgAVH6', 'Wov0DuIjYT', '2025-05-07 17:13:50', '2025-05-07 17:13:50'),
(208, 2, 2, 'Kereki Pál', 'kereki.pal@gmail.com', '2025-05-07 17:13:50', '$2y$12$F9MwAkwvaryQyOqx44vOVuJnj9qQYPYIlp962syElQDm8GrXw5EOO', 'QOTuZEWMxn', '2025-05-07 17:13:50', '2025-05-07 17:13:50'),
(209, 2, 2, 'Kispéter Zoltán', 'kispeter.zoltan@gmail.com', '2025-05-07 17:13:50', '$2y$12$zvQWtiZWW.tqYSnMcbKW4.HJ0uNJ8obAJ7PqTAabRA3XO4zwj6AFq', 'AmOJCiLTgK', '2025-05-07 17:13:50', '2025-05-07 17:13:50'),
(210, 2, 1, 'Pataki Zsolt', 'pataki.zsolt@gmail.com', '2025-05-07 17:13:50', '$2y$12$0RkZXd4/Ksux4SR/.8vNFe2338wKbjDm4JR9xKbzTZT2zoe2Ab24O', 'PQTHaoRrSE', '2025-05-07 17:13:50', '2025-05-07 17:13:50'),
(211, 2, 4, 'Halász Norbert', 'halasz.norbert@gmail.com', '2025-05-07 17:13:50', '$2y$12$tb5hq06JOrRT9Maje/rw5.XqznqfK9zmXtolC0JkVAkmYlLYNcjFu', '816XRH20gu', '2025-05-07 17:13:50', '2025-05-07 17:13:50'),
(212, 2, 1, 'Keszthelyi Zsolt', 'keszthelyi.zsolt@gmail.com', '2025-05-07 17:13:50', '$2y$12$rAZyvjj4qg7RaTs9vwtkzevvLe3Nk.I7DsFNfsnRbw0h2GFf45sfy', 'Lo92Fc1wuH', '2025-05-07 17:13:50', '2025-05-07 17:13:50'),
(213, 2, 4, 'Ébner Dezső', 'ebner.dezso@gmail.com', '2025-05-07 17:13:50', '$2y$12$HFCO.WREy.petnGTHQMzO.FlmatLrjKxWQo39mtznair4.leDOqU2', 'D8WKWlISKl', '2025-05-07 17:13:50', '2025-05-07 17:13:50'),
(214, 2, 1, 'Lózung Rezső', 'lozung.rezso@gmail.com', '2025-05-07 17:13:50', '$2y$12$9/wleuqnLykrSpfCqPlKxOsXhnaC/s6IzqHR/RA82RttTLPLMXcHe', '9Tm81YPXhO', '2025-05-07 17:13:50', '2025-05-07 17:13:50'),
(215, 2, 2, 'Karasi Károly', 'karasi.karoly@gmail.com', '2025-05-07 17:13:50', '$2y$12$zRS91Ps2cIoaGE3Wryii.ed7KxMXcZDyRyNXEiwzmOfMpPExYKUjC', '0koFNvnkP2', '2025-05-07 17:13:50', '2025-05-07 17:13:50'),
(216, 2, 1, 'Lovai László', 'lovai.laszlo@gmail.com', '2025-05-07 17:13:50', '$2y$12$0bWQKbi02q.Vs8/KG/7ieuGXTti5kLHuYUTqb9Y0KISxI5dqPe.wC', 'hjbHrPrKJS', '2025-05-07 17:13:50', '2025-05-07 17:13:50'),
(217, 2, 2, 'Nik Ferenc', 'nik.ferenc@gmail.com', '2025-05-07 17:13:50', '$2y$12$jKTBEXUZvEbUJTQaSBU6COXcKl3v1B6P6qV4V20MA1GniRXHXhU.O', '1netY3ex5a', '2025-05-07 17:13:50', '2025-05-07 17:13:50'),
(218, 2, 1, 'Halmosi Róbert', 'halmosi.robert@gmail.com', '2025-05-07 17:13:50', '$2y$12$FYYU6aSVFkTxAqrfxPVEjexLIAUPG7ZX.KzHj.ReSGQtQbAkPRLaW', 'ePsOjVuCey', '2025-05-07 17:13:50', '2025-05-07 17:13:50'),
(219, 2, 1, 'Bíró Lajos', 'boro.lajos@gmail.com', '2025-05-07 17:13:50', '$2y$12$gPl8sdJ4COHWG.nXK128VeSL.cKFGLfBj5gDaUuYYQnyRJf7JOJYm', 'A5USwWtS74', '2025-05-07 17:13:50', '2025-05-07 17:13:50'),
(220, 2, 1, 'Jován Máté', 'jovan.mate@gmail.com', '2025-05-07 17:13:50', '$2y$12$2apz9ibKLQOAWJfojnyo6OeWu5ruLF.7P2vcktiDlPkv48WCSmtq6', 'd6lYsxxuHC', '2025-05-07 17:13:50', '2025-05-07 17:13:50'),
(221, 2, 2, 'Nagy Gábor', 'nagy.gabor@gmail.com', '2025-05-07 17:13:50', '$2y$12$hZtIAA2zMLv3YejpUCf2x.m11uE/UNj7nTLZTiMkaerJbU7ZLSxPS', 'szaUoHUGw1', '2025-05-07 17:13:50', '2025-05-07 17:13:50'),
(222, 2, 2, 'Kozmann György', 'kozmann.gyorgy@gmail.com', '2025-05-07 17:13:50', '$2y$12$PQLobDQbF7itpf8PrxYHF./GbQ0agFu3DXPxrleIv5t41xXrHC0OO', 'hTT1SHngmP', '2025-05-07 17:13:50', '2025-05-07 17:13:50'),
(223, 2, 4, 'Kaltenbrunner Norbert', 'kaltenbrunner.norbert@gmail.com', '2025-05-07 17:13:50', '$2y$12$GdOCVmpo7CBadKOxxV1IneopzyPg1p00NN8Bh87zJCBoJigdy.WOu', 'yXflckyQIb', '2025-05-07 17:13:50', '2025-05-07 17:13:50'),
(224, 2, 4, 'Kautzky Alfonz', 'kautzky.alfonz@gmail.com', '2025-05-07 17:13:50', '$2y$12$6l33iP1JT8BtYcM7vbrt0.IxvvT6CbWSvvf.8RCQRN6PxBuKclhbe', 'ZXStfCWbm9', '2025-05-07 17:13:50', '2025-05-07 17:13:50'),
(225, 2, 2, 'Buda Béla', 'buda.bela@gmail.com', '2025-05-07 17:13:50', '$2y$12$vN5LjlYUH7NH197rL9prrOsXV8PQkVip6i3U/5P26g8j47OEzEXXq', 'YWTbDj8S1t', '2025-05-07 17:13:50', '2025-05-07 17:13:50'),
(226, 2, 2, 'Szokai Tamás', 'szokai.tamas@gmail.com', '2025-05-07 17:13:50', '$2y$12$KQRqWQeexR/z6TwmJSGyAeMxZH4S6fUpJUYX25GQSonU.GWzvZMzO', 'YLRIp3yxjz', '2025-05-07 17:13:50', '2025-05-07 17:13:50'),
(227, 2, 1, 'Pálos Gábor', 'palos.gabor@gmail.com', '2025-05-07 17:13:50', '$2y$12$s5jSBYT3LSUaeP/Djrbpi.xB53BCTUZkqQdPLMkzVc3DnzXd7SwMy', 'EZab07JhzX', '2025-05-07 17:13:50', '2025-05-07 17:13:50'),
(228, 2, 3, 'Opál Ernő', 'opal.erno@gmail.com', '2025-05-07 17:13:50', '$2y$12$HgjifSPWHq4u8xdTXO5zteM1NMN.Kmh5dfMksSlmLla0pRN48YlGq', 'lnpcvzjidZ', '2025-05-07 17:13:50', '2025-05-07 17:13:50'),
(229, 2, 2, 'Késmárky Péter', 'kesmarky.peter@gmail.com', '2025-05-07 17:13:50', '$2y$12$4l/30/LuFdXjf5Kneflxb.4Bs1z/sgIjroqADd8uk8F4lUjXrpAku', '5uAKa3FBfr', '2025-05-07 17:13:50', '2025-05-07 17:13:50'),
(230, 2, 3, 'Kincses Zoltán', 'kincses.zoltan@gmail.com', '2025-05-07 17:13:50', '$2y$12$YVDstRUp756R0ARZj7K0sen2Tok8cCpW6kpcljJYatHSaIYeR843a', 'J9VDlTLCGz', '2025-05-07 17:13:50', '2025-05-07 17:13:50'),
(231, 2, 1, 'Szabó István', 'szabo.istvan@gmail.com', '2025-05-07 17:13:50', '$2y$12$DxtMmkG4rKK8HinA23u0OOMzRNnV.wWQB5lHBDxTek5dLnflY0Fv6', 'D1d9aVf4pa', '2025-05-07 17:13:50', '2025-05-07 17:13:50'),
(232, 2, 2, 'Pribai Zoltán', 'pribai.zoltan@gmail.com', '2025-05-07 17:13:50', '$2y$12$59i90mPvmtGzqhYQtGT/juQ3GCfRb9A3uzkOY9IChcS/PuIQs7dFG', 'lfBfwLCvM8', '2025-05-07 17:13:50', '2025-05-07 17:13:50'),
(233, 2, 4, 'Falch Emil', 'falch.emil@gmail.com', '2025-05-07 17:13:50', '$2y$12$VF./LrHpf8SnfPoDfcGMMOP3wL9HHRSEQiEciowQvarNLUeajCASy', '9mDCp4YCCv', '2025-05-07 17:13:50', '2025-05-07 17:13:50'),
(234, 2, 2, 'Ormos Zoltán', 'ormos.zoltan@gmail.com', '2025-05-07 17:13:50', '$2y$12$q0x5nclRaah54RP5LufH5.bjYDj5oqqG3CsLpJIgqLEYcoOU6ZRXG', 'DbJWzGqnWb', '2025-05-07 17:13:50', '2025-05-07 17:13:50'),
(235, 2, 1, 'Solti Pál', 'solti.pal@gmail.com', '2025-05-07 17:13:50', '$2y$12$5NEqrKpl1mhcd09cJjVuAeyQCF1HrfbFJR.SdEs.mjx2EKOPSx0X.', 'nrrmmXVrEU', '2025-05-07 17:13:50', '2025-05-07 17:13:50'),
(236, 2, 4, 'Magyar Attila', 'magyar.attila@gmail.com', '2025-05-07 17:13:50', '$2y$12$1GVS49VGaibo/ztKUtCU1etTQrR70VzFoHpusT1iTuW5J1oNjrB1a', '6b0686peae', '2025-05-07 17:13:50', '2025-05-07 17:13:50'),
(237, 2, 2, 'Vidács László', 'vidacs.laszlo@gmail.com', '2025-05-07 17:13:50', '$2y$12$OJTLG.DMup4tIzSLY8h65..3a/ouinHv1i/bv9dsWTYSFbTzbfcBy', 'nizBbnQ6Qj', '2025-05-07 17:13:50', '2025-05-07 17:13:50'),
(238, 2, 2, 'Varga Mátyás', 'varga.matyas@gmail.com', '2025-05-07 17:13:50', '$2y$12$jQl5X4xnqhuQs8d5N48wz.L/Pr8SE9C4h1ieOaBr0k4bgA3ot/ezK', 'K6ukucNduJ', '2025-05-07 17:13:50', '2025-05-07 17:13:50'),
(239, 2, 2, 'Kipall Ede', 'kipall.ede@gmail.com', '2025-05-07 17:13:50', '$2y$12$80j5nV.axgad0m5dtI8IfOvW9GmeLTK1dOBimUBScpgmVj8H0d3K.', 'qDQbEzfCT2', '2025-05-07 17:13:50', '2025-05-07 17:13:50'),
(240, 2, 1, 'Csapó Gábor', 'csapo.gabor@gmail.com', '2025-05-07 17:13:50', '$2y$12$uT2sF2pDicuE6NhiH1hX.OjSS9a4IirsZWX3PNZSDt0k4QtkeTS5y', 'AGCDs8nwXO', '2025-05-07 17:13:50', '2025-05-07 17:13:50'),
(241, 2, 1, 'Tóth András', 'toth.andras@gmail.com', '2025-05-07 17:13:50', '$2y$12$33N/8mNsH1ZUYK9nSEPIiuxFbRRD6RiglgJGaCYUowSwytDt9C.CK', '2Fcq8mp8lM', '2025-05-07 17:13:50', '2025-05-07 17:13:50'),
(242, 2, 3, 'Rudas Ádám', 'rudas.adam@gmail.com', '2025-05-07 17:13:50', '$2y$12$TQ1/X3bd6ggMGVcfjDEHR.Bygg/mit2kHewKge0LVTZ.m61qgnTye', '7Fe3EaGs4h', '2025-05-07 17:13:50', '2025-05-07 17:13:50'),
(243, 2, 2, 'Lima Id', 'lima.id@gmail.com', '2025-05-07 17:13:50', '$2y$12$A61n8VoNu18esWiV5y1UJ.1NMreVa.2c5sZS07NPWe0Saxqt/UlZu', '9rpYq6z82j', '2025-05-07 17:13:50', '2025-05-07 17:13:50'),
(244, 2, 2, 'Németh Zoltán', 'nemeth.zoltan@gmail.com', '2025-05-07 17:13:50', '$2y$12$SyZruoktssCCMFcQrEpXAONLs8z10xdhxMPH3k4jUIHYhvNdzms3y', '0Ct1unywnx', '2025-05-07 17:13:50', '2025-05-07 17:13:50'),
(245, 2, 4, 'Sütő Péter', 'suto.peter@gmail.com', '2025-05-07 17:13:50', '$2y$12$2sRhPw97qsQadKc8KOusBu0tvC1M4USrhDuk9qTqQeGd8tZm6Vw3S', 'KObLBysUJO', '2025-05-07 17:13:50', '2025-05-07 17:13:50'),
(246, 2, 2, 'Korsós Kálmán', 'korsos.kalman@gmail.com', '2025-05-07 17:13:50', '$2y$12$jw/vHhrLJ74PZM8vodsntOsm/NZFAWchzs4ARlC9PVIQq2PK5H5.a', 'IEcURgGWfA', '2025-05-07 17:13:50', '2025-05-07 17:13:50'),
(247, 2, 4, 'Sas József', 'sas.jozsef@gmail.com', '2025-05-07 17:13:50', '$2y$12$2YlxGsb/Grkz4mB1Mqj2OOXpWCJ0m4rdw1XtNIkCIL0Ngx8/weoKC', 'gOUj3KMvaH', '2025-05-07 17:13:50', '2025-05-07 17:13:50'),
(248, 2, 2, 'Marton József', 'marton.jozsef@gmail.com', '2025-05-07 17:13:50', '$2y$12$ME0g2.nbg5qGnSysFE.lpOESGTVf0KGLMBI6k1Arc1hBuG7M.rJEa', 'rhmILibSaV', '2025-05-07 17:13:50', '2025-05-07 17:13:50'),
(249, 2, 3, 'Pásztor Norbert', 'pasztor.norbert@gmail.com', '2025-05-07 17:13:50', '$2y$12$NWWg7vZvZrYS5Eo6ngGIOuahOrwAFIfygs45juZnFGC7dH5yDCm3m', 'CVNvpVIzrT', '2025-05-07 17:13:50', '2025-05-07 17:13:50'),
(250, 2, 2, 'Koch Róbert', 'koch.robert@gmail.com', '2025-05-07 17:13:50', '$2y$12$dBYBASI1u8Un5LxOBujnCOn96aGh5Kmyb1Dx1IPTfl1JrB15Cpujy', 'nUJpr62ZGV', '2025-05-07 17:13:50', '2025-05-07 17:13:50'),
(251, 2, 1, 'Hamar Gábor', 'hamar.gabor@gmail.com', '2025-05-07 17:13:50', '$2y$12$3VsWZ.a7HspanGuqS8y2juJ8.1tLFHk5iZz.KPDnfb.jRBwULAqUC', '3j98DyRn8y', '2025-05-07 17:13:50', '2025-05-07 17:13:50'),
(252, 2, 4, 'Plólyik Kálmán', 'ployik.kalman@gmail.com', '2025-05-07 17:13:50', '$2y$12$SLEVVV3UNlu0qNc0go3.eOSJgb2JEepFiUmFRRpv8shRYET1vebCy', 'j62K5SFbQz', '2025-05-07 17:13:50', '2025-05-07 17:13:50'),
(253, 2, 4, 'Guzmin Szabolcs', 'guzmin.szabolcs@gmail.com', '2025-05-07 17:13:50', '$2y$12$MQydOfy0L5TKepKFT7MX8.InlJwBgWepC.1KybFaJqRRVvddJeD7e', 'WHHrbRWLNZ', '2025-05-07 17:13:50', '2025-05-07 17:13:50'),
(254, 2, 4, 'Moli Hugó', 'moli.hu@gmail.com', '2025-05-07 17:13:50', '$2y$12$D8CEqB5QgXvl1aCbm49zJelNDxAjXa/iuONcSktv8rPt4WIX65Je2', 'nJhz3ArM7w', '2025-05-07 17:13:50', '2025-05-07 17:13:50'),
(255, 2, 4, 'Borcsa Attila', 'borcsa.attila@gmail.com', '2025-05-07 17:13:50', '$2y$12$J.3Ml435RyAKLriKl34/..t999fTe5yTwRxMwnK9Bs/K/CtzL/8sK', 'nzmxiuxRLg', '2025-05-07 17:13:50', '2025-05-07 17:13:50'),
(256, 2, 4, 'Csom Olivér', 'csom.oliver@gmail.com', '2025-05-07 17:13:50', '$2y$12$l7X8N4CCWoVqvdXy9UQlCuOWemGohpQPQubYngZzRbqSDfvBPy2NG', 'C2bvFCsL4H', '2025-05-07 17:13:50', '2025-05-07 17:13:50'),
(257, 2, 4, 'Tomma Árpád', 'tomma.arpad@gmail.com', '2025-05-07 17:13:50', '$2y$12$EWarOsEYlwMB.qRwjA8rGu.CNYCx9fhiPGIgz2lJWz21Q7IBGqt8C', 'pSO7UYyg42', '2025-05-07 17:13:50', '2025-05-07 17:13:50'),
(258, 2, 3, 'Zsolnai Péter', 'zsolnai.peter@gmail.com', '2025-05-07 17:13:50', '$2y$12$tLXdGSGwjg0InpI3jg2ESO2pw8AbeIx5CpoioCu4s/QjqYR2lFmwa', 'L5bwdeP1Q2', '2025-05-07 17:13:50', '2025-05-07 17:13:50'),
(259, 2, 3, 'Nagy Tibor', 'nagy.tibor@gmail.com', '2025-05-07 17:13:50', '$2y$12$pa5DbpWKMLBjsc.Ua16jn.Rcra8cwx6UbhzMlSch5My7tPq8g0Fo.', '3vdxFzZLcN', '2025-05-07 17:13:50', '2025-05-07 17:13:50'),
(260, 2, 3, 'Bodosi Béla', 'bodosi.bela@gmail.com', '2025-05-07 17:13:50', '$2y$12$YsejBalIjIqlMU7dUfd0U.pkOgSOpMPdEnLBX81wRpZScuKoIaQci', 'pNmZlVOXMe', '2025-05-07 17:13:50', '2025-05-07 17:13:50'),
(261, 2, 3, 'Berényi Zsolt', 'berkenyi.zsolt@gmail.com', '2025-05-07 17:13:50', '$2y$12$fc0GZXUl/Aelu3FROx0YlucxPYoBgwaymiIeFELWyp0DjeTJBk7.u', 'XC0qTYSX5K', '2025-05-07 17:13:50', '2025-05-07 17:13:50'),
(262, 2, 2, 'Urbán Roland', 'urban.roland@gmail.com', '2025-05-07 17:13:50', '$2y$12$SxPxtqBy1EVnFE/e8RAsbe2UG9FYUUmW0EW42IXyjhGkadVHZFcea', 'MekcggTiQ2', '2025-05-07 17:13:50', '2025-05-07 17:13:50'),
(263, 2, 4, 'Bencsik Áron', 'bencsik.aron@gmail.com', '2025-05-07 17:13:50', '$2y$12$.5expraonZepylmtPXCwtuW0Nxb90kRAdid5Caz.MEG9cfhJ/kUHS', 'f3sZ71rEkm', '2025-05-07 17:13:50', '2025-05-07 17:13:50'),
(264, 2, 2, 'Konrád János', 'konrad.janos@gmail.com', '2025-05-07 17:13:50', '$2y$12$995KSQu/15dP3hlT4GJdxOMkqeCBPBRJDmehCkhW9SM2pvv3bXaE.', '9y8W6Q45kX', '2025-05-07 17:13:50', '2025-05-07 17:13:50'),
(265, 2, 2, 'Juhász Imre', 'juhasz.imre@gmail.com', '2025-05-07 17:13:50', '$2y$12$APpIG.sUPEffnC8MFhzv9uhQMB8wKmoLx.TTLabK4huxh2oJwy3gy', 'RDxFlmMI8N', '2025-05-07 17:13:50', '2025-05-07 17:13:50'),
(266, 2, 4, 'Tari Endre', 'tari.endre@gmail.com', '2025-05-07 17:13:50', '$2y$12$varmFtzbmv/EW.8uaC0rbOKD8K6ElvJvMOJSg/n0JJUvGWQptQYXC', 'ITby454REn', '2025-05-07 17:13:50', '2025-05-07 17:13:50'),
(267, 2, 4, 'Nemes Elek', 'nemes.elek@gmail.com', '2025-05-07 17:13:50', '$2y$12$ebyS7gElVl4Oa3s/DGUuouFJJiK2swuNZsQRDz5HxGSC311wJ.VDa', 'Ju6htMjtzL', '2025-05-07 17:13:50', '2025-05-07 17:13:50'),
(268, 2, 1, 'Seik Áron', 'seik.aron@gmail.com', '2025-05-07 17:13:50', '$2y$12$ZtC54niQ9GsBiBApXKvp9O1TgKP.CkcHnCgenvmVc9LlI4ACvm11G', '46rPEwEun6', '2025-05-07 17:13:50', '2025-05-07 17:13:50'),
(269, 3, 5, 'Orsós Erzsébet', 'orsos.erzsebet@gmail.com', '2025-05-07 17:13:50', '$2y$12$yjaMs6kJm.CiJxBwNGNyMuLdFl8BoNDtqBj..MwjDESp7a3C4/O.6', 'w1BMR1vDzZ', '2025-05-07 17:13:50', '2025-05-07 17:13:50'),
(270, 3, 5, 'Nikk András', 'nikk.andras@gmail.com', '2025-05-07 17:13:50', '$2y$12$C0FiD5izXq7KSpjSEM0u4.FBlk9K60rC0yPwCIX4X267tKL82N9/u', 'eMu1aiHdM2', '2025-05-07 17:13:50', '2025-05-07 17:13:50'),
(271, 3, 5, 'Gyulainé Bangó Edit', 'gyulaine.bango.edit@gmail.com', '2025-05-07 17:13:50', '$2y$12$ZJHoR4DuMyXpgn6HyaJZHOB4KfN6xBxvJaoChjf2QsDzIM5XT7j1K', 'OOcOCew7kM', '2025-05-07 17:13:50', '2025-05-07 17:13:50'),
(272, 3, 5, 'Oláh Ferenc', 'olah.ferenc@gmail.com', '2025-05-07 17:13:50', '$2y$12$HGRz6pUSOlwjw3G5XBypAeDZk/CsExsfjzfgCaD2hFsAmYc5x4/AC', 'FW9LibhyRn', '2025-05-07 17:13:50', '2025-05-07 17:13:50'),
(273, 1, 6, 'admin', 'admin@gmail.com', '2025-05-07 17:13:50', '$2y$12$pXgbPwN7gdaG.9KoHhgzDeJ9nHnmDE8/MQplRhT3qW/HLLrTgeZEO', 'dTKGC5d7or', '2025-05-07 17:13:50', '2025-05-07 17:13:50');

-- 
-- Dumping data for table specimens
--
INSERT INTO specimens VALUES
(1, 10, 1459, '2008-11-21', '2025-05-07 17:13:50', '2025-05-07 17:13:50'),
(2, 20, 1123, '2007-09-22', '2025-05-07 17:13:50', '2025-05-07 17:13:50'),
(3, 92, 1242, '2008-09-12', '2025-05-07 17:13:50', '2025-05-07 17:13:50'),
(4, 94, 911, '2005-06-11', '2025-05-07 17:13:50', '2025-05-07 17:13:50'),
(5, 51, 1376, '2009-02-15', '2025-05-07 17:13:50', '2025-05-07 17:13:50'),
(6, 71, 909, '2006-04-23', '2025-05-07 17:13:50', '2025-05-07 17:13:50'),
(7, 59, 1461, '2008-03-15', '2025-05-07 17:13:50', '2025-05-07 17:13:50'),
(8, 72, 1341, '2008-10-21', '2025-05-07 17:13:50', '2025-05-07 17:13:50'),
(9, 100, 1188, '2004-12-01', '2025-05-07 17:13:50', '2025-05-07 17:13:50'),
(10, 47, 882, '2008-12-04', '2025-05-07 17:13:50', '2025-05-07 17:13:50'),
(11, 103, 1173, '2006-11-02', '2025-05-07 17:13:50', '2025-05-07 17:13:50'),
(12, 33, 787, '2004-06-22', '2025-05-07 17:13:50', '2025-05-07 17:13:50'),
(13, 51, 905, '2005-02-03', '2025-05-07 17:13:50', '2025-05-07 17:13:50'),
(15, 88, 1346, '2008-12-23', '2025-05-07 17:13:50', '2025-05-07 17:13:50'),
(16, 84, 1373, '2008-04-07', '2025-05-07 17:13:50', '2025-05-07 17:13:50'),
(17, 38, 1001, '2004-02-29', '2025-05-07 17:13:50', '2025-05-07 17:13:50'),
(18, 94, 872, '2009-02-10', '2025-05-07 17:13:50', '2025-05-07 17:13:50'),
(19, 61, 1015, '2007-08-17', '2025-05-07 17:13:50', '2025-05-07 17:13:50'),
(20, 7, 1358, '2004-06-12', '2025-05-07 17:13:50', '2025-05-07 17:13:50'),
(21, 84, 1157, '2004-05-31', '2025-05-07 17:13:50', '2025-05-07 17:13:50'),
(22, 92, 937, '2007-11-09', '2025-05-07 17:13:50', '2025-05-07 17:13:50'),
(23, 55, 1463, '2007-02-28', '2025-05-07 17:13:50', '2025-05-07 17:13:50'),
(24, 5, 914, '2008-01-12', '2025-05-07 17:13:50', '2025-05-07 17:13:50'),
(25, 41, 757, '2006-03-25', '2025-05-07 17:13:50', '2025-05-07 17:13:50'),
(26, 32, 1054, '2005-11-11', '2025-05-07 17:13:50', '2025-05-07 17:13:50'),
(27, 18, 984, '2006-12-12', '2025-05-07 17:13:50', '2025-05-07 17:13:50'),
(28, 20, 1263, '2005-05-18', '2025-05-07 17:13:50', '2025-05-07 17:13:50'),
(29, 18, 1404, '2005-02-10', '2025-05-07 17:13:50', '2025-05-07 17:13:50'),
(30, 11, 1496, '2008-05-06', '2025-05-07 17:13:50', '2025-05-07 17:13:50'),
(31, 25, 1426, '2004-05-27', '2025-05-07 17:13:50', '2025-05-07 17:13:50'),
(32, 83, 1412, '2004-08-06', '2025-05-07 17:13:50', '2025-05-07 17:13:50'),
(33, 95, 859, '2007-11-28', '2025-05-07 17:13:50', '2025-05-07 17:13:50'),
(34, 75, 1186, '2007-11-12', '2025-05-07 17:13:50', '2025-05-07 17:13:50'),
(35, 44, 1112, '2005-08-26', '2025-05-07 17:13:50', '2025-05-07 17:13:50'),
(36, 66, 708, '2007-10-30', '2025-05-07 17:13:50', '2025-05-07 17:13:50'),
(37, 92, 772, '2004-08-31', '2025-05-07 17:13:50', '2025-05-07 17:13:50'),
(38, 56, 1310, '2008-04-20', '2025-05-07 17:13:50', '2025-05-07 17:13:50'),
(39, 24, 1465, '2005-12-09', '2025-05-07 17:13:50', '2025-05-07 17:13:50'),
(40, 81, 1057, '2005-03-04', '2025-05-07 17:13:50', '2025-05-07 17:13:50'),
(41, 74, 958, '2004-11-21', '2025-05-07 17:13:50', '2025-05-07 17:13:50'),
(42, 69, 1215, '2009-03-26', '2025-05-07 17:13:50', '2025-05-07 17:13:50'),
(43, 24, 765, '2007-04-06', '2025-05-07 17:13:50', '2025-05-07 17:13:50'),
(44, 6, 1156, '2007-01-03', '2025-05-07 17:13:50', '2025-05-07 17:13:50'),
(45, 45, 1124, '2004-10-11', '2025-05-07 17:13:50', '2025-05-07 17:13:50'),
(46, 35, 1180, '2005-06-07', '2025-05-07 17:13:50', '2025-05-07 17:13:50'),
(47, 8, 773, '2008-04-18', '2025-05-07 17:13:50', '2025-05-07 17:13:50'),
(48, 28, 878, '2005-08-18', '2025-05-07 17:13:50', '2025-05-07 17:13:50'),
(49, 39, 1064, '2009-02-25', '2025-05-07 17:13:50', '2025-05-07 17:13:50'),
(50, 57, 992, '2006-04-03', '2025-05-07 17:13:50', '2025-05-07 17:13:50'),
(51, 82, 1183, '2006-10-29', '2025-05-07 17:13:50', '2025-05-07 17:13:50'),
(52, 37, 925, '2008-05-17', '2025-05-07 17:13:50', '2025-05-07 17:13:50'),
(53, 34, 824, '2009-02-18', '2025-05-07 17:13:50', '2025-05-07 17:13:50'),
(54, 62, 1142, '2004-01-28', '2025-05-07 17:13:50', '2025-05-07 17:13:50'),
(55, 50, 1033, '2008-10-29', '2025-05-07 17:13:50', '2025-05-07 17:13:50'),
(56, 31, 1004, '2005-03-14', '2025-05-07 17:13:50', '2025-05-07 17:13:50'),
(57, 38, 721, '2008-11-08', '2025-05-07 17:13:50', '2025-05-07 17:13:50'),
(58, 47, 1403, '2008-05-31', '2025-05-07 17:13:50', '2025-05-07 17:13:50'),
(59, 37, 1090, '2006-05-12', '2025-05-07 17:13:50', '2025-05-07 17:13:50'),
(60, 38, 1306, '2005-01-02', '2025-05-07 17:13:50', '2025-05-07 17:13:50'),
(61, 56, 725, '2006-12-12', '2025-05-07 17:13:50', '2025-05-07 17:13:50'),
(62, 18, 1239, '2007-02-16', '2025-05-07 17:13:50', '2025-05-07 17:13:50'),
(63, 37, 1230, '2009-03-21', '2025-05-07 17:13:50', '2025-05-07 17:13:50'),
(64, 69, 1164, '2008-07-28', '2025-05-07 17:13:50', '2025-05-07 17:13:50'),
(65, 48, 1301, '2005-01-04', '2025-05-07 17:13:50', '2025-05-07 17:13:50'),
(66, 99, 1442, '2005-02-05', '2025-05-07 17:13:50', '2025-05-07 17:13:50'),
(67, 42, 909, '2008-03-18', '2025-05-07 17:13:50', '2025-05-07 17:13:50'),
(68, 49, 1148, '2006-02-24', '2025-05-07 17:13:50', '2025-05-07 17:13:50'),
(69, 76, 1402, '2006-07-05', '2025-05-07 17:13:50', '2025-05-07 17:13:50'),
(70, 60, 1448, '2006-12-31', '2025-05-07 17:13:50', '2025-05-07 17:13:50'),
(71, 65, 861, '2006-09-08', '2025-05-07 17:13:50', '2025-05-07 17:13:50'),
(72, 105, 1312, '2007-08-13', '2025-05-07 17:13:50', '2025-05-07 17:13:50'),
(73, 82, 1285, '2008-02-24', '2025-05-07 17:13:50', '2025-05-07 17:13:50'),
(74, 37, 874, '2007-09-18', '2025-05-07 17:13:50', '2025-05-07 17:13:50'),
(75, 2, 903, '2005-10-12', '2025-05-07 17:13:50', '2025-05-07 17:13:50'),
(76, 13, 949, '2006-06-13', '2025-05-07 17:13:50', '2025-05-07 17:13:50'),
(77, 40, 974, '2006-12-15', '2025-05-07 17:13:50', '2025-05-07 17:13:50'),
(78, 107, 1286, '2005-03-15', '2025-05-07 17:13:50', '2025-05-07 17:13:50'),
(79, 109, 954, '2007-02-25', '2025-05-07 17:13:50', '2025-05-07 17:13:50'),
(80, 42, 973, '2004-11-15', '2025-05-07 17:13:50', '2025-05-07 17:13:50'),
(81, 61, 1155, '2005-04-12', '2025-05-07 17:13:50', '2025-05-07 17:13:50'),
(82, 5, 724, '2004-07-05', '2025-05-07 17:13:50', '2025-05-07 17:13:50'),
(83, 89, 1027, '2006-12-06', '2025-05-07 17:13:50', '2025-05-07 17:13:50'),
(84, 106, 1235, '2004-07-16', '2025-05-07 17:13:50', '2025-05-07 17:13:50'),
(85, 20, 1467, '2004-11-24', '2025-05-07 17:13:50', '2025-05-07 17:13:50'),
(86, 33, 927, '2007-05-02', '2025-05-07 17:13:50', '2025-05-07 17:13:50'),
(87, 77, 753, '2008-06-29', '2025-05-07 17:13:50', '2025-05-07 17:13:50'),
(88, 49, 1186, '2007-09-08', '2025-05-07 17:13:50', '2025-05-07 17:13:50'),
(89, 53, 739, '2005-01-10', '2025-05-07 17:13:50', '2025-05-07 17:13:50'),
(90, 85, 915, '2008-07-24', '2025-05-07 17:13:50', '2025-05-07 17:13:50'),
(91, 60, 723, '2007-12-28', '2025-05-07 17:13:50', '2025-05-07 17:13:50'),
(92, 32, 1436, '2007-09-12', '2025-05-07 17:13:50', '2025-05-07 17:13:50'),
(93, 3, 1386, '2008-12-08', '2025-05-07 17:13:50', '2025-05-07 17:13:50'),
(94, 79, 752, '2006-05-31', '2025-05-07 17:13:50', '2025-05-07 17:13:50'),
(95, 70, 820, '2006-03-12', '2025-05-07 17:13:50', '2025-05-07 17:13:50'),
(96, 78, 842, '2008-08-10', '2025-05-07 17:13:50', '2025-05-07 17:13:50'),
(97, 78, 1198, '2004-11-28', '2025-05-07 17:13:50', '2025-05-07 17:13:50'),
(98, 37, 1344, '2006-07-17', '2025-05-07 17:13:50', '2025-05-07 17:13:50'),
(99, 59, 800, '2005-11-09', '2025-05-07 17:13:50', '2025-05-07 17:13:50'),
(100, 44, 998, '2008-04-30', '2025-05-07 17:13:50', '2025-05-07 17:13:50'),
(101, 31, 1258, '2005-05-20', '2025-05-07 17:13:50', '2025-05-07 17:13:50'),
(102, 61, 990, '2007-04-19', '2025-05-07 17:13:50', '2025-05-07 17:13:50'),
(103, 25, 1337, '2007-05-31', '2025-05-07 17:13:50', '2025-05-07 17:13:50'),
(104, 51, 1211, '2005-12-08', '2025-05-07 17:13:50', '2025-05-07 17:13:50'),
(105, 73, 1137, '2004-01-30', '2025-05-07 17:13:50', '2025-05-07 17:13:50'),
(106, 25, 1261, '2006-06-03', '2025-05-07 17:13:50', '2025-05-07 17:13:50'),
(107, 97, 1494, '2007-11-04', '2025-05-07 17:13:50', '2025-05-07 17:13:50'),
(108, 2, 1259, '2007-04-15', '2025-05-07 17:13:50', '2025-05-07 17:13:50'),
(109, 6, 1321, '2004-12-27', '2025-05-07 17:13:50', '2025-05-07 17:13:50'),
(110, 108, 828, '2005-07-02', '2025-05-07 17:13:50', '2025-05-07 17:13:50'),
(111, 93, 924, '2006-08-26', '2025-05-07 17:13:50', '2025-05-07 17:13:50'),
(112, 21, 1365, '2006-09-13', '2025-05-07 17:13:50', '2025-05-07 17:13:50'),
(113, 6, 711, '2008-07-05', '2025-05-07 17:13:50', '2025-05-07 17:13:50'),
(114, 102, 1288, '2004-02-28', '2025-05-07 17:13:50', '2025-05-07 17:13:50'),
(115, 62, 926, '2005-06-06', '2025-05-07 17:13:50', '2025-05-07 17:13:50'),
(116, 6, 1257, '2008-04-30', '2025-05-07 17:13:50', '2025-05-07 17:13:50'),
(117, 79, 1159, '2008-07-29', '2025-05-07 17:13:50', '2025-05-07 17:13:50'),
(118, 90, 1294, '2006-03-27', '2025-05-07 17:13:50', '2025-05-07 17:13:50'),
(119, 78, 1287, '2007-02-08', '2025-05-07 17:13:50', '2025-05-07 17:13:50'),
(120, 65, 1217, '2008-03-10', '2025-05-07 17:13:50', '2025-05-07 17:13:50'),
(121, 22, 741, '2009-01-05', '2025-05-07 17:13:50', '2025-05-07 17:13:50'),
(122, 88, 710, '2006-12-17', '2025-05-07 17:13:50', '2025-05-07 17:13:50'),
(124, 57, 1271, '2006-10-07', '2025-05-07 17:13:50', '2025-05-07 17:13:50'),
(125, 90, 900, '2008-05-26', '2025-05-07 17:13:50', '2025-05-07 17:13:50'),
(126, 103, 919, '2006-08-27', '2025-05-07 17:13:50', '2025-05-07 17:13:50'),
(127, 41, 1037, '2006-09-28', '2025-05-07 17:13:50', '2025-05-07 17:13:50'),
(128, 43, 1405, '2007-05-16', '2025-05-07 17:13:50', '2025-05-07 17:13:50'),
(129, 74, 1390, '2007-05-21', '2025-05-07 17:13:50', '2025-05-07 17:13:50'),
(130, 75, 1377, '2006-03-07', '2025-05-07 17:13:50', '2025-05-07 17:13:50'),
(131, 15, 1037, '2006-07-25', '2025-05-07 17:13:50', '2025-05-07 17:13:50'),
(132, 92, 1408, '2006-09-06', '2025-05-07 17:13:50', '2025-05-07 17:13:50'),
(134, 45, 1290, '2007-12-19', '2025-05-07 17:13:50', '2025-05-07 17:13:50'),
(135, 18, 934, '2006-04-14', '2025-05-07 17:13:50', '2025-05-07 17:13:50'),
(136, 22, 1186, '2007-07-05', '2025-05-07 17:13:50', '2025-05-07 17:13:50'),
(137, 105, 867, '2009-02-12', '2025-05-07 17:13:50', '2025-05-07 17:13:50'),
(138, 14, 961, '2005-07-28', '2025-05-07 17:13:50', '2025-05-07 17:13:50'),
(139, 14, 1126, '2008-10-05', '2025-05-07 17:13:50', '2025-05-07 17:13:50'),
(140, 94, 961, '2006-02-08', '2025-05-07 17:13:50', '2025-05-07 17:13:50'),
(141, 74, 1479, '2004-05-18', '2025-05-07 17:13:50', '2025-05-07 17:13:50'),
(142, 44, 1417, '2006-06-30', '2025-05-07 17:13:50', '2025-05-07 17:13:50'),
(143, 101, 780, '2005-11-16', '2025-05-07 17:13:50', '2025-05-07 17:13:50'),
(144, 64, 1446, '2008-01-16', '2025-05-07 17:13:50', '2025-05-07 17:13:50'),
(145, 46, 1276, '2006-10-05', '2025-05-07 17:13:50', '2025-05-07 17:13:50'),
(146, 75, 996, '2004-05-06', '2025-05-07 17:13:50', '2025-05-07 17:13:50'),
(147, 40, 1495, '2006-06-11', '2025-05-07 17:13:50', '2025-05-07 17:13:50'),
(148, 99, 1112, '2009-02-17', '2025-05-07 17:13:50', '2025-05-07 17:13:50'),
(149, 49, 741, '2009-03-11', '2025-05-07 17:13:50', '2025-05-07 17:13:50'),
(150, 100, 1353, '2008-02-09', '2025-05-07 17:13:50', '2025-05-07 17:13:50'),
(151, 53, 879, '2007-11-21', '2025-05-07 17:13:50', '2025-05-07 17:13:50'),
(152, 46, 1353, '2007-10-02', '2025-05-07 17:13:50', '2025-05-07 17:13:50'),
(153, 56, 916, '2005-04-06', '2025-05-07 17:13:50', '2025-05-07 17:13:50'),
(154, 66, 1369, '2004-12-20', '2025-05-07 17:13:50', '2025-05-07 17:13:50'),
(155, 102, 792, '2005-01-01', '2025-05-07 17:13:50', '2025-05-07 17:13:50'),
(156, 20, 1022, '2006-05-27', '2025-05-07 17:13:50', '2025-05-07 17:13:50'),
(157, 78, 1147, '2004-03-31', '2025-05-07 17:13:50', '2025-05-07 17:13:50'),
(158, 43, 1075, '2006-03-13', '2025-05-07 17:13:50', '2025-05-07 17:13:50'),
(159, 106, 1109, '2008-02-04', '2025-05-07 17:13:50', '2025-05-07 17:13:50'),
(160, 107, 1387, '2006-07-11', '2025-05-07 17:13:50', '2025-05-07 17:13:50'),
(161, 64, 1281, '2004-11-07', '2025-05-07 17:13:50', '2025-05-07 17:13:50'),
(162, 109, 840, '2004-08-16', '2025-05-07 17:13:50', '2025-05-07 17:13:50'),
(163, 79, 1248, '2005-07-27', '2025-05-07 17:13:50', '2025-05-07 17:13:50'),
(164, 107, 1197, '2008-03-17', '2025-05-07 17:13:50', '2025-05-07 17:13:50'),
(165, 56, 1195, '2005-10-10', '2025-05-07 17:13:50', '2025-05-07 17:13:50'),
(166, 36, 862, '2008-08-03', '2025-05-07 17:13:50', '2025-05-07 17:13:50'),
(167, 73, 1378, '2008-04-05', '2025-05-07 17:13:50', '2025-05-07 17:13:50'),
(168, 72, 1480, '2006-06-17', '2025-05-07 17:13:50', '2025-05-07 17:13:50'),
(169, 53, 1210, '2009-01-22', '2025-05-07 17:13:50', '2025-05-07 17:13:50'),
(170, 83, 941, '2005-10-08', '2025-05-07 17:13:50', '2025-05-07 17:13:50'),
(171, 82, 814, '2004-02-12', '2025-05-07 17:13:50', '2025-05-07 17:13:50'),
(172, 43, 846, '2006-05-07', '2025-05-07 17:13:50', '2025-05-07 17:13:50'),
(173, 107, 892, '2007-05-15', '2025-05-07 17:13:50', '2025-05-07 17:13:50'),
(174, 108, 777, '2004-11-02', '2025-05-07 17:13:50', '2025-05-07 17:13:50'),
(175, 31, 928, '2004-03-17', '2025-05-07 17:13:50', '2025-05-07 17:13:50'),
(176, 93, 1420, '2005-10-22', '2025-05-07 17:13:50', '2025-05-07 17:13:50'),
(177, 30, 915, '2005-01-31', '2025-05-07 17:13:50', '2025-05-07 17:13:50'),
(178, 50, 1300, '2008-02-19', '2025-05-07 17:13:50', '2025-05-07 17:13:50'),
(179, 33, 761, '2004-02-22', '2025-05-07 17:13:50', '2025-05-07 17:13:50'),
(180, 16, 1265, '2004-05-02', '2025-05-07 17:13:50', '2025-05-07 17:13:50'),
(181, 78, 1338, '2007-10-08', '2025-05-07 17:13:50', '2025-05-07 17:13:50'),
(182, 19, 1480, '2006-02-07', '2025-05-07 17:13:50', '2025-05-07 17:13:50'),
(183, 74, 1098, '2007-10-01', '2025-05-07 17:13:50', '2025-05-07 17:13:50'),
(184, 9, 1141, '2008-12-03', '2025-05-07 17:13:50', '2025-05-07 17:13:50'),
(185, 45, 794, '2008-10-22', '2025-05-07 17:13:50', '2025-05-07 17:13:50'),
(186, 9, 1192, '2004-05-19', '2025-05-07 17:13:50', '2025-05-07 17:13:50'),
(187, 34, 1333, '2004-04-17', '2025-05-07 17:13:50', '2025-05-07 17:13:50'),
(188, 54, 1006, '2004-05-02', '2025-05-07 17:13:51', '2025-05-07 17:13:51'),
(189, 36, 1358, '2007-09-30', '2025-05-07 17:13:51', '2025-05-07 17:13:51'),
(190, 76, 1237, '2008-07-11', '2025-05-07 17:13:51', '2025-05-07 17:13:51'),
(191, 14, 846, '2008-04-01', '2025-05-07 17:13:51', '2025-05-07 17:13:51'),
(192, 40, 771, '2007-06-08', '2025-05-07 17:13:51', '2025-05-07 17:13:51'),
(193, 85, 1220, '2004-03-14', '2025-05-07 17:13:51', '2025-05-07 17:13:51'),
(194, 84, 903, '2004-03-26', '2025-05-07 17:13:51', '2025-05-07 17:13:51'),
(195, 97, 782, '2004-10-31', '2025-05-07 17:13:51', '2025-05-07 17:13:51'),
(196, 93, 1051, '2008-04-20', '2025-05-07 17:13:51', '2025-05-07 17:13:51'),
(197, 93, 1445, '2006-02-20', '2025-05-07 17:13:51', '2025-05-07 17:13:51'),
(198, 78, 1452, '2005-02-02', '2025-05-07 17:13:51', '2025-05-07 17:13:51'),
(199, 2, 1284, '2007-08-13', '2025-05-07 17:13:51', '2025-05-07 17:13:51'),
(200, 105, 1452, '2005-04-08', '2025-05-07 17:13:51', '2025-05-07 17:13:51'),
(201, 75, 1072, '2005-05-03', '2025-05-07 17:13:51', '2025-05-07 17:13:51'),
(202, 50, 1059, '2009-02-27', '2025-05-07 17:13:51', '2025-05-07 17:13:51'),
(203, 21, 729, '2004-09-06', '2025-05-07 17:13:51', '2025-05-07 17:13:51'),
(204, 90, 1065, '2006-05-21', '2025-05-07 17:13:51', '2025-05-07 17:13:51'),
(205, 58, 788, '2006-09-25', '2025-05-07 17:13:51', '2025-05-07 17:13:51'),
(206, 31, 762, '2006-03-23', '2025-05-07 17:13:51', '2025-05-07 17:13:51'),
(207, 85, 1500, '2004-09-17', '2025-05-07 17:13:51', '2025-05-07 17:13:51'),
(208, 92, 899, '2006-04-27', '2025-05-07 17:13:51', '2025-05-07 17:13:51'),
(209, 77, 1135, '2005-02-14', '2025-05-07 17:13:51', '2025-05-07 17:13:51'),
(210, 81, 917, '2007-07-09', '2025-05-07 17:13:51', '2025-05-07 17:13:51'),
(211, 16, 1189, '2008-07-19', '2025-05-07 17:13:51', '2025-05-07 17:13:51'),
(212, 15, 973, '2004-09-11', '2025-05-07 17:13:51', '2025-05-07 17:13:51'),
(213, 27, 980, '2009-01-12', '2025-05-07 17:13:51', '2025-05-07 17:13:51'),
(214, 101, 1314, '2006-07-28', '2025-05-07 17:13:51', '2025-05-07 17:13:51'),
(215, 109, 1476, '2006-08-22', '2025-05-07 17:13:51', '2025-05-07 17:13:51'),
(216, 62, 1282, '2006-12-07', '2025-05-07 17:13:51', '2025-05-07 17:13:51'),
(217, 80, 879, '2008-01-24', '2025-05-07 17:13:51', '2025-05-07 17:13:51'),
(218, 95, 834, '2007-07-30', '2025-05-07 17:13:51', '2025-05-07 17:13:51'),
(219, 37, 1039, '2005-09-12', '2025-05-07 17:13:51', '2025-05-07 17:13:51'),
(220, 74, 704, '2004-09-15', '2025-05-07 17:13:51', '2025-05-07 17:13:51'),
(221, 38, 1471, '2008-03-12', '2025-05-07 17:13:51', '2025-05-07 17:13:51'),
(222, 21, 754, '2005-01-05', '2025-05-07 17:13:51', '2025-05-07 17:13:51'),
(223, 17, 1011, '2004-02-25', '2025-05-07 17:13:51', '2025-05-07 17:13:51'),
(224, 73, 1353, '2007-12-06', '2025-05-07 17:13:51', '2025-05-07 17:13:51'),
(225, 54, 891, '2007-01-05', '2025-05-07 17:13:51', '2025-05-07 17:13:51'),
(226, 35, 951, '2005-08-01', '2025-05-07 17:13:51', '2025-05-07 17:13:51'),
(227, 62, 1498, '2005-07-30', '2025-05-07 17:13:51', '2025-05-07 17:13:51'),
(228, 87, 978, '2008-05-07', '2025-05-07 17:13:51', '2025-05-07 17:13:51'),
(229, 90, 798, '2007-01-29', '2025-05-07 17:13:51', '2025-05-07 17:13:51'),
(230, 7, 1448, '2006-08-23', '2025-05-07 17:13:51', '2025-05-07 17:13:51'),
(231, 23, 1173, '2006-04-21', '2025-05-07 17:13:51', '2025-05-07 17:13:51'),
(232, 49, 1288, '2009-01-03', '2025-05-07 17:13:51', '2025-05-07 17:13:51'),
(233, 11, 861, '2006-05-01', '2025-05-07 17:13:51', '2025-05-07 17:13:51'),
(234, 88, 1320, '2008-08-24', '2025-05-07 17:13:51', '2025-05-07 17:13:51'),
(235, 18, 1213, '2006-10-18', '2025-05-07 17:13:51', '2025-05-07 17:13:51'),
(236, 41, 1012, '2006-05-30', '2025-05-07 17:13:51', '2025-05-07 17:13:51'),
(237, 30, 1347, '2007-07-31', '2025-05-07 17:13:51', '2025-05-07 17:13:51'),
(238, 21, 703, '2004-05-09', '2025-05-07 17:13:51', '2025-05-07 17:13:51'),
(239, 83, 1005, '2007-08-21', '2025-05-07 17:13:51', '2025-05-07 17:13:51'),
(240, 108, 738, '2008-07-04', '2025-05-07 17:13:51', '2025-05-07 17:13:51'),
(241, 28, 751, '2009-03-07', '2025-05-07 17:13:51', '2025-05-07 17:13:51'),
(242, 25, 1172, '2004-03-22', '2025-05-07 17:13:51', '2025-05-07 17:13:51'),
(243, 63, 1179, '2008-09-25', '2025-05-07 17:13:51', '2025-05-07 17:13:51'),
(244, 3, 750, '2006-12-03', '2025-05-07 17:13:51', '2025-05-07 17:13:51'),
(245, 65, 962, '2008-01-04', '2025-05-07 17:13:51', '2025-05-07 17:13:51'),
(246, 74, 793, '2006-11-27', '2025-05-07 17:13:51', '2025-05-07 17:13:51'),
(247, 50, 1135, '2004-12-11', '2025-05-07 17:13:51', '2025-05-07 17:13:51'),
(248, 33, 1397, '2006-02-27', '2025-05-07 17:13:51', '2025-05-07 17:13:51'),
(249, 41, 1228, '2005-01-21', '2025-05-07 17:13:51', '2025-05-07 17:13:51'),
(250, 89, 951, '2005-12-08', '2025-05-07 17:13:51', '2025-05-07 17:13:51'),
(251, 39, 924, '2006-04-18', '2025-05-07 17:13:51', '2025-05-07 17:13:51'),
(252, 53, 994, '2005-03-18', '2025-05-07 17:13:51', '2025-05-07 17:13:51'),
(253, 15, 897, '2008-11-28', '2025-05-07 17:13:51', '2025-05-07 17:13:51'),
(254, 69, 1265, '2004-09-09', '2025-05-07 17:13:51', '2025-05-07 17:13:51'),
(255, 15, 1138, '2007-11-20', '2025-05-07 17:13:51', '2025-05-07 17:13:51'),
(256, 48, 996, '2004-03-02', '2025-05-07 17:13:51', '2025-05-07 17:13:51'),
(257, 3, 1106, '2008-06-04', '2025-05-07 17:13:51', '2025-05-07 17:13:51'),
(258, 40, 1190, '2005-08-08', '2025-05-07 17:13:51', '2025-05-07 17:13:51'),
(259, 104, 1325, '2008-10-26', '2025-05-07 17:13:51', '2025-05-07 17:13:51'),
(260, 63, 1345, '2006-09-20', '2025-05-07 17:13:51', '2025-05-07 17:13:51'),
(261, 56, 1145, '2005-02-10', '2025-05-07 17:13:51', '2025-05-07 17:13:51'),
(262, 38, 746, '2009-03-09', '2025-05-07 17:13:51', '2025-05-07 17:13:51'),
(263, 27, 1260, '2004-05-04', '2025-05-07 17:13:51', '2025-05-07 17:13:51'),
(264, 78, 740, '2007-04-15', '2025-05-07 17:13:51', '2025-05-07 17:13:51'),
(265, 91, 1001, '2004-07-08', '2025-05-07 17:13:51', '2025-05-07 17:13:51'),
(266, 61, 1409, '2005-06-18', '2025-05-07 17:13:51', '2025-05-07 17:13:51'),
(267, 20, 1238, '2005-01-17', '2025-05-07 17:13:51', '2025-05-07 17:13:51'),
(268, 27, 1336, '2005-05-01', '2025-05-07 17:13:51', '2025-05-07 17:13:51'),
(269, 79, 1490, '2004-07-18', '2025-05-07 17:13:51', '2025-05-07 17:13:51'),
(270, 82, 789, '2008-12-28', '2025-05-07 17:13:51', '2025-05-07 17:13:51'),
(271, 10, 988, '2004-11-10', '2025-05-07 17:13:51', '2025-05-07 17:13:51'),
(272, 63, 963, '2004-11-19', '2025-05-07 17:13:51', '2025-05-07 17:13:51'),
(273, 42, 859, '2007-07-21', '2025-05-07 17:13:51', '2025-05-07 17:13:51'),
(274, 107, 1006, '2004-09-09', '2025-05-07 17:13:51', '2025-05-07 17:13:51'),
(275, 43, 871, '2006-09-04', '2025-05-07 17:13:51', '2025-05-07 17:13:51'),
(276, 35, 1282, '2006-10-03', '2025-05-07 17:13:51', '2025-05-07 17:13:51'),
(277, 71, 743, '2008-04-29', '2025-05-07 17:13:51', '2025-05-07 17:13:51'),
(278, 52, 752, '2006-03-27', '2025-05-07 17:13:51', '2025-05-07 17:13:51'),
(279, 66, 733, '2008-02-27', '2025-05-07 17:13:51', '2025-05-07 17:13:51'),
(280, 101, 945, '2009-01-24', '2025-05-07 17:13:51', '2025-05-07 17:13:51'),
(281, 55, 1043, '2008-12-29', '2025-05-07 17:13:51', '2025-05-07 17:13:51'),
(282, 58, 915, '2008-05-21', '2025-05-07 17:13:51', '2025-05-07 17:13:51'),
(283, 79, 727, '2006-01-30', '2025-05-07 17:13:51', '2025-05-07 17:13:51'),
(284, 7, 787, '2004-04-18', '2025-05-07 17:13:51', '2025-05-07 17:13:51'),
(285, 80, 701, '2008-11-15', '2025-05-07 17:13:51', '2025-05-07 17:13:51'),
(286, 40, 1000, '2007-04-15', '2025-05-07 17:13:51', '2025-05-07 17:13:51'),
(287, 57, 1157, '2004-03-27', '2025-05-07 17:13:51', '2025-05-07 17:13:51'),
(288, 24, 1401, '2004-01-28', '2025-05-07 17:13:51', '2025-05-07 17:13:51'),
(289, 81, 1413, '2006-09-05', '2025-05-07 17:13:51', '2025-05-07 17:13:51'),
(290, 17, 1176, '2007-05-05', '2025-05-07 17:13:51', '2025-05-07 17:13:51'),
(291, 94, 796, '2008-02-14', '2025-05-07 17:13:51', '2025-05-07 17:13:51'),
(292, 43, 1125, '2006-11-10', '2025-05-07 17:13:51', '2025-05-07 17:13:51'),
(293, 57, 826, '2008-04-08', '2025-05-07 17:13:51', '2025-05-07 17:13:51'),
(294, 95, 1024, '2005-11-21', '2025-05-07 17:13:51', '2025-05-07 17:13:51'),
(295, 11, 1471, '2008-01-07', '2025-05-07 17:13:51', '2025-05-07 17:13:51'),
(296, 69, 795, '2005-11-11', '2025-05-07 17:13:51', '2025-05-07 17:13:51'),
(297, 4, 1118, '2007-07-21', '2025-05-07 17:13:51', '2025-05-07 17:13:51'),
(298, 31, 712, '2005-07-25', '2025-05-07 17:13:51', '2025-05-07 17:13:51'),
(299, 29, 1234, '2007-02-18', '2025-05-07 17:13:51', '2025-05-07 17:13:51'),
(300, 81, 866, '2006-11-10', '2025-05-07 17:13:51', '2025-05-07 17:13:51'),
(301, 54, 1362, '2005-11-02', '2025-05-07 17:13:51', '2025-05-07 17:13:51'),
(302, 87, 1270, '2007-12-27', '2025-05-07 17:13:51', '2025-05-07 17:13:51'),
(303, 80, 1070, '2006-05-19', '2025-05-07 17:13:51', '2025-05-07 17:13:51'),
(304, 84, 953, '2004-11-22', '2025-05-07 17:13:51', '2025-05-07 17:13:51'),
(305, 29, 1424, '2005-06-12', '2025-05-07 17:13:51', '2025-05-07 17:13:51'),
(306, 88, 1180, '2005-10-15', '2025-05-07 17:13:51', '2025-05-07 17:13:51'),
(307, 58, 1258, '2005-07-23', '2025-05-07 17:13:51', '2025-05-07 17:13:51'),
(308, 22, 856, '2006-05-03', '2025-05-07 17:13:51', '2025-05-07 17:13:51'),
(309, 24, 804, '2008-10-19', '2025-05-07 17:13:51', '2025-05-07 17:13:51'),
(310, 4, 902, '2008-11-26', '2025-05-07 17:13:51', '2025-05-07 17:13:51'),
(311, 65, 1153, '2006-04-28', '2025-05-07 17:13:51', '2025-05-07 17:13:51'),
(312, 35, 1421, '2004-05-29', '2025-05-07 17:13:51', '2025-05-07 17:13:51'),
(313, 40, 1076, '2008-04-11', '2025-05-07 17:13:51', '2025-05-07 17:13:51'),
(314, 83, 700, '2006-10-17', '2025-05-07 17:13:51', '2025-05-07 17:13:51'),
(315, 19, 1315, '2008-02-13', '2025-05-07 17:13:51', '2025-05-07 17:13:51'),
(316, 67, 911, '2005-04-07', '2025-05-07 17:13:51', '2025-05-07 17:13:51'),
(317, 60, 1232, '2008-05-09', '2025-05-07 17:13:51', '2025-05-07 17:13:51'),
(318, 34, 1028, '2008-08-27', '2025-05-07 17:13:51', '2025-05-07 17:13:51'),
(319, 84, 1208, '2005-01-28', '2025-05-07 17:13:51', '2025-05-07 17:13:51'),
(320, 67, 1432, '2004-10-02', '2025-05-07 17:13:51', '2025-05-07 17:13:51'),
(321, 68, 757, '2006-05-29', '2025-05-07 17:13:51', '2025-05-07 17:13:51'),
(322, 19, 870, '2004-06-01', '2025-05-07 17:13:51', '2025-05-07 17:13:51'),
(323, 106, 1299, '2006-05-29', '2025-05-07 17:13:51', '2025-05-07 17:13:51'),
(324, 39, 1089, '2004-04-12', '2025-05-07 17:13:51', '2025-05-07 17:13:51'),
(325, 108, 713, '2008-03-05', '2025-05-07 17:13:51', '2025-05-07 17:13:51'),
(326, 43, 706, '2008-09-10', '2025-05-07 17:13:51', '2025-05-07 17:13:51'),
(327, 38, 911, '2007-03-04', '2025-05-07 17:13:51', '2025-05-07 17:13:51'),
(328, 55, 1349, '2004-08-19', '2025-05-07 17:13:51', '2025-05-07 17:13:51'),
(329, 103, 894, '2006-04-29', '2025-05-07 17:13:51', '2025-05-07 17:13:51'),
(331, 105, 1287, '2007-04-14', '2025-05-07 17:13:51', '2025-05-07 17:13:51'),
(332, 63, 1434, '2008-11-30', '2025-05-07 17:13:51', '2025-05-07 17:13:51'),
(333, 99, 756, '2007-08-18', '2025-05-07 17:13:51', '2025-05-07 17:13:51'),
(334, 5, 1474, '2009-01-20', '2025-05-07 17:13:51', '2025-05-07 17:13:51'),
(335, 59, 1321, '2005-05-06', '2025-05-07 17:13:51', '2025-05-07 17:13:51'),
(336, 44, 718, '2007-10-26', '2025-05-07 17:13:51', '2025-05-07 17:13:51'),
(337, 84, 877, '2009-02-08', '2025-05-07 17:13:51', '2025-05-07 17:13:51'),
(338, 98, 718, '2008-03-04', '2025-05-07 17:13:51', '2025-05-07 17:13:51'),
(339, 20, 1098, '2007-05-24', '2025-05-07 17:13:51', '2025-05-07 17:13:51'),
(340, 27, 815, '2005-11-04', '2025-05-07 17:13:51', '2025-05-07 17:13:51'),
(341, 67, 1216, '2006-02-09', '2025-05-07 17:13:51', '2025-05-07 17:13:51'),
(342, 10, 1243, '2005-01-15', '2025-05-07 17:13:51', '2025-05-07 17:13:51'),
(343, 7, 812, '2004-08-17', '2025-05-07 17:13:51', '2025-05-07 17:13:51'),
(344, 25, 791, '2007-08-05', '2025-05-07 17:13:51', '2025-05-07 17:13:51'),
(345, 69, 1329, '2006-07-22', '2025-05-07 17:13:51', '2025-05-07 17:13:51'),
(346, 34, 1219, '2006-12-20', '2025-05-07 17:13:51', '2025-05-07 17:13:51'),
(347, 8, 1396, '2009-02-08', '2025-05-07 17:13:51', '2025-05-07 17:13:51'),
(348, 53, 955, '2008-11-17', '2025-05-07 17:13:51', '2025-05-07 17:13:51'),
(349, 89, 1447, '2005-02-04', '2025-05-07 17:13:51', '2025-05-07 17:13:51'),
(350, 13, 1139, '2004-10-05', '2025-05-07 17:13:51', '2025-05-07 17:13:51'),
(351, 48, 1250, '2004-05-07', '2025-05-07 17:13:51', '2025-05-07 17:13:51'),
(352, 99, 1341, '2008-12-25', '2025-05-07 17:13:51', '2025-05-07 17:13:51'),
(353, 40, 1356, '2008-10-15', '2025-05-07 17:13:51', '2025-05-07 17:13:51'),
(354, 64, 1395, '2007-05-19', '2025-05-07 17:13:51', '2025-05-07 17:13:51'),
(355, 89, 1117, '2009-02-15', '2025-05-07 17:13:51', '2025-05-07 17:13:51'),
(356, 70, 1036, '2004-11-02', '2025-05-07 17:13:51', '2025-05-07 17:13:51'),
(357, 81, 1273, '2009-01-09', '2025-05-07 17:13:51', '2025-05-07 17:13:51'),
(358, 105, 1414, '2008-12-08', '2025-05-07 17:13:51', '2025-05-07 17:13:51'),
(359, 95, 999, '2005-07-24', '2025-05-07 17:13:51', '2025-05-07 17:13:51'),
(360, 3, 1310, '2007-12-12', '2025-05-07 17:13:51', '2025-05-07 17:13:51'),
(361, 89, 1218, '2005-03-30', '2025-05-07 17:13:51', '2025-05-07 17:13:51'),
(362, 80, 765, '2005-07-15', '2025-05-07 17:13:51', '2025-05-07 17:13:51'),
(363, 49, 792, '2004-08-24', '2025-05-07 17:13:51', '2025-05-07 17:13:51'),
(364, 108, 1069, '2004-06-23', '2025-05-07 17:13:51', '2025-05-07 17:13:51'),
(365, 23, 1084, '2004-02-09', '2025-05-07 17:13:51', '2025-05-07 17:13:51'),
(366, 13, 1229, '2006-12-17', '2025-05-07 17:13:51', '2025-05-07 17:13:51'),
(367, 75, 970, '2009-03-21', '2025-05-07 17:13:51', '2025-05-07 17:13:51'),
(368, 101, 1174, '2008-12-01', '2025-05-07 17:13:51', '2025-05-07 17:13:51'),
(369, 30, 725, '2006-10-08', '2025-05-07 17:13:51', '2025-05-07 17:13:51'),
(370, 53, 1464, '2004-01-14', '2025-05-07 17:13:51', '2025-05-07 17:13:51'),
(371, 72, 794, '2008-12-26', '2025-05-07 17:13:51', '2025-05-07 17:13:51'),
(372, 89, 1383, '2008-06-07', '2025-05-07 17:13:51', '2025-05-07 17:13:51'),
(373, 25, 917, '2004-01-16', '2025-05-07 17:13:51', '2025-05-07 17:13:51'),
(374, 30, 1182, '2004-05-22', '2025-05-07 17:13:51', '2025-05-07 17:13:51'),
(375, 59, 1041, '2004-10-31', '2025-05-07 17:13:51', '2025-05-07 17:13:51'),
(376, 6, 1397, '2005-12-25', '2025-05-07 17:13:51', '2025-05-07 17:13:51'),
(377, 30, 1055, '2007-12-11', '2025-05-07 17:13:51', '2025-05-07 17:13:51'),
(378, 93, 1330, '2008-10-24', '2025-05-07 17:13:51', '2025-05-07 17:13:51'),
(379, 43, 1291, '2004-11-03', '2025-05-07 17:13:51', '2025-05-07 17:13:51'),
(380, 14, 910, '2004-11-29', '2025-05-07 17:13:51', '2025-05-07 17:13:51'),
(381, 43, 1011, '2004-04-30', '2025-05-07 17:13:51', '2025-05-07 17:13:51'),
(382, 8, 1320, '2008-02-11', '2025-05-07 17:13:51', '2025-05-07 17:13:51'),
(383, 52, 1108, '2007-09-27', '2025-05-07 17:13:51', '2025-05-07 17:13:51'),
(384, 37, 1294, '2005-11-18', '2025-05-07 17:13:51', '2025-05-07 17:13:51'),
(385, 59, 1080, '2006-05-15', '2025-05-07 17:13:51', '2025-05-07 17:13:51'),
(386, 12, 707, '2007-06-22', '2025-05-07 17:13:51', '2025-05-07 17:13:51'),
(387, 101, 729, '2005-03-20', '2025-05-07 17:13:51', '2025-05-07 17:13:51'),
(388, 45, 870, '2004-08-05', '2025-05-07 17:13:51', '2025-05-07 17:13:51'),
(389, 105, 727, '2006-04-05', '2025-05-07 17:13:51', '2025-05-07 17:13:51'),
(390, 96, 935, '2008-11-24', '2025-05-07 17:13:51', '2025-05-07 17:13:51'),
(391, 62, 1396, '2004-04-03', '2025-05-07 17:13:51', '2025-05-07 17:13:51'),
(392, 67, 1190, '2005-10-11', '2025-05-07 17:13:51', '2025-05-07 17:13:51'),
(393, 103, 1313, '2004-06-28', '2025-05-07 17:13:51', '2025-05-07 17:13:51'),
(394, 19, 730, '2006-10-06', '2025-05-07 17:13:51', '2025-05-07 17:13:51'),
(395, 9, 1027, '2006-05-25', '2025-05-07 17:13:51', '2025-05-07 17:13:51'),
(396, 48, 1415, '2007-07-16', '2025-05-07 17:13:51', '2025-05-07 17:13:51'),
(397, 35, 735, '2006-12-08', '2025-05-07 17:13:51', '2025-05-07 17:13:51'),
(398, 22, 1466, '2008-01-09', '2025-05-07 17:13:51', '2025-05-07 17:13:51'),
(399, 66, 1394, '2005-04-19', '2025-05-07 17:13:51', '2025-05-07 17:13:51'),
(400, 71, 1188, '2006-10-27', '2025-05-07 17:13:51', '2025-05-07 17:13:51'),
(401, 20, 907, '2009-01-28', '2025-05-07 17:13:51', '2025-05-07 17:13:51'),
(402, 14, 1431, '2004-05-26', '2025-05-07 17:13:51', '2025-05-07 17:13:51'),
(403, 39, 873, '2005-08-19', '2025-05-07 17:13:51', '2025-05-07 17:13:51'),
(404, 59, 1436, '2007-11-15', '2025-05-07 17:13:51', '2025-05-07 17:13:51'),
(405, 40, 1406, '2004-03-31', '2025-05-07 17:13:51', '2025-05-07 17:13:51'),
(406, 2, 1348, '2004-04-11', '2025-05-07 17:13:51', '2025-05-07 17:13:51'),
(407, 68, 1317, '2007-06-07', '2025-05-07 17:13:51', '2025-05-07 17:13:51'),
(408, 55, 1209, '2006-12-24', '2025-05-07 17:13:51', '2025-05-07 17:13:51'),
(409, 11, 810, '2005-09-02', '2025-05-07 17:13:51', '2025-05-07 17:13:51'),
(410, 108, 1298, '2004-04-29', '2025-05-07 17:13:51', '2025-05-07 17:13:51'),
(411, 106, 1401, '2007-09-24', '2025-05-07 17:13:51', '2025-05-07 17:13:51'),
(412, 44, 1048, '2008-12-27', '2025-05-07 17:13:51', '2025-05-07 17:13:51'),
(413, 12, 771, '2004-02-19', '2025-05-07 17:13:51', '2025-05-07 17:13:51'),
(414, 59, 775, '2005-07-11', '2025-05-07 17:13:51', '2025-05-07 17:13:51'),
(415, 6, 1092, '2005-02-20', '2025-05-07 17:13:51', '2025-05-07 17:13:51'),
(416, 56, 789, '2008-10-24', '2025-05-07 17:13:51', '2025-05-07 17:13:51'),
(417, 39, 1293, '2009-01-01', '2025-05-07 17:13:51', '2025-05-07 17:13:51'),
(418, 41, 1482, '2005-03-28', '2025-05-07 17:13:51', '2025-05-07 17:13:51'),
(419, 23, 1364, '2004-08-14', '2025-05-07 17:13:51', '2025-05-07 17:13:51'),
(420, 26, 1044, '2005-09-10', '2025-05-07 17:13:51', '2025-05-07 17:13:51'),
(421, 88, 735, '2007-04-17', '2025-05-07 17:13:51', '2025-05-07 17:13:51'),
(422, 96, 846, '2006-09-13', '2025-05-07 17:13:51', '2025-05-07 17:13:51'),
(423, 14, 1406, '2004-01-26', '2025-05-07 17:13:51', '2025-05-07 17:13:51'),
(424, 29, 1069, '2009-02-23', '2025-05-07 17:13:51', '2025-05-07 17:13:51'),
(425, 39, 1343, '2004-06-17', '2025-05-07 17:13:51', '2025-05-07 17:13:51'),
(426, 91, 1497, '2008-11-17', '2025-05-07 17:13:51', '2025-05-07 17:13:51'),
(427, 83, 1437, '2004-12-04', '2025-05-07 17:13:51', '2025-05-07 17:13:51'),
(428, 54, 1057, '2004-12-30', '2025-05-07 17:13:51', '2025-05-07 17:13:51'),
(429, 87, 1244, '2007-08-28', '2025-05-07 17:13:51', '2025-05-07 17:13:51'),
(430, 45, 1480, '2006-04-13', '2025-05-07 17:13:51', '2025-05-07 17:13:51'),
(431, 97, 1062, '2005-05-07', '2025-05-07 17:13:51', '2025-05-07 17:13:51'),
(432, 4, 991, '2005-11-24', '2025-05-07 17:13:51', '2025-05-07 17:13:51'),
(433, 102, 932, '2007-11-11', '2025-05-07 17:13:51', '2025-05-07 17:13:51'),
(434, 57, 1042, '2006-11-30', '2025-05-07 17:13:51', '2025-05-07 17:13:51'),
(435, 35, 1066, '2008-02-10', '2025-05-07 17:13:51', '2025-05-07 17:13:51'),
(436, 95, 1444, '2004-01-22', '2025-05-07 17:13:51', '2025-05-07 17:13:51'),
(437, 76, 843, '2005-06-26', '2025-05-07 17:13:51', '2025-05-07 17:13:51'),
(438, 77, 830, '2004-04-12', '2025-05-07 17:13:51', '2025-05-07 17:13:51'),
(439, 21, 1199, '2008-09-18', '2025-05-07 17:13:51', '2025-05-07 17:13:51'),
(440, 102, 716, '2009-03-20', '2025-05-07 17:13:51', '2025-05-07 17:13:51'),
(441, 98, 794, '2009-03-01', '2025-05-07 17:13:51', '2025-05-07 17:13:51'),
(442, 30, 890, '2004-10-02', '2025-05-07 17:13:51', '2025-05-07 17:13:51'),
(443, 100, 1378, '2008-06-09', '2025-05-07 17:13:51', '2025-05-07 17:13:51'),
(444, 51, 791, '2007-10-09', '2025-05-07 17:13:51', '2025-05-07 17:13:51'),
(445, 47, 1238, '2005-03-23', '2025-05-07 17:13:51', '2025-05-07 17:13:51'),
(446, 38, 1446, '2007-11-12', '2025-05-07 17:13:51', '2025-05-07 17:13:51'),
(447, 93, 1165, '2005-08-17', '2025-05-07 17:13:51', '2025-05-07 17:13:51'),
(448, 60, 838, '2005-04-24', '2025-05-07 17:13:51', '2025-05-07 17:13:51'),
(449, 68, 1419, '2008-10-02', '2025-05-07 17:13:51', '2025-05-07 17:13:51'),
(450, 94, 1012, '2006-10-07', '2025-05-07 17:13:51', '2025-05-07 17:13:51'),
(451, 46, 806, '2007-12-07', '2025-05-07 17:13:51', '2025-05-07 17:13:51'),
(452, 29, 979, '2006-12-14', '2025-05-07 17:13:51', '2025-05-07 17:13:51'),
(453, 90, 1039, '2006-01-20', '2025-05-07 17:13:51', '2025-05-07 17:13:51'),
(454, 11, 1115, '2006-07-07', '2025-05-07 17:13:51', '2025-05-07 17:13:51'),
(455, 20, 1428, '2008-07-25', '2025-05-07 17:13:51', '2025-05-07 17:13:51'),
(456, 2, 1208, '2006-08-16', '2025-05-07 17:13:51', '2025-05-07 17:13:51'),
(457, 105, 1007, '2006-10-09', '2025-05-07 17:13:51', '2025-05-07 17:13:51'),
(458, 39, 1038, '2008-10-27', '2025-05-07 17:13:51', '2025-05-07 17:13:51'),
(459, 12, 1432, '2006-06-25', '2025-05-07 17:13:51', '2025-05-07 17:13:51'),
(460, 109, 700, '2006-12-21', '2025-05-07 17:13:51', '2025-05-07 17:13:51'),
(461, 52, 1248, '2005-05-23', '2025-05-07 17:13:51', '2025-05-07 17:13:51'),
(462, 20, 933, '2004-03-15', '2025-05-07 17:13:51', '2025-05-07 17:13:51'),
(463, 9, 1357, '2007-07-27', '2025-05-07 17:13:51', '2025-05-07 17:13:51'),
(464, 19, 1251, '2006-04-02', '2025-05-07 17:13:51', '2025-05-07 17:13:51'),
(465, 80, 1210, '2009-03-28', '2025-05-07 17:13:51', '2025-05-07 17:13:51'),
(466, 68, 1203, '2004-11-26', '2025-05-07 17:13:51', '2025-05-07 17:13:51'),
(467, 19, 895, '2004-09-30', '2025-05-07 17:13:51', '2025-05-07 17:13:51'),
(468, 32, 1385, '2007-01-13', '2025-05-07 17:13:51', '2025-05-07 17:13:51'),
(469, 32, 1270, '2004-07-04', '2025-05-07 17:13:51', '2025-05-07 17:13:51'),
(470, 92, 1318, '2004-06-26', '2025-05-07 17:13:51', '2025-05-07 17:13:51'),
(471, 27, 1120, '2006-09-08', '2025-05-07 17:13:51', '2025-05-07 17:13:51'),
(472, 27, 1286, '2004-09-01', '2025-05-07 17:13:51', '2025-05-07 17:13:51'),
(473, 83, 1196, '2005-12-13', '2025-05-07 17:13:51', '2025-05-07 17:13:51'),
(474, 23, 817, '2004-10-19', '2025-05-07 17:13:51', '2025-05-07 17:13:51'),
(475, 104, 855, '2004-10-15', '2025-05-07 17:13:51', '2025-05-07 17:13:51'),
(476, 92, 988, '2008-07-07', '2025-05-07 17:13:51', '2025-05-07 17:13:51'),
(477, 29, 1285, '2007-10-17', '2025-05-07 17:13:51', '2025-05-07 17:13:51'),
(478, 17, 1367, '2005-08-28', '2025-05-07 17:13:51', '2025-05-07 17:13:51'),
(479, 47, 818, '2007-01-22', '2025-05-07 17:13:51', '2025-05-07 17:13:51'),
(480, 3, 1220, '2005-10-01', '2025-05-07 17:13:51', '2025-05-07 17:13:51'),
(481, 7, 1384, '2004-10-10', '2025-05-07 17:13:51', '2025-05-07 17:13:51'),
(482, 2, 738, '2007-10-19', '2025-05-07 17:13:51', '2025-05-07 17:13:51'),
(483, 51, 855, '2004-06-07', '2025-05-07 17:13:51', '2025-05-07 17:13:51'),
(484, 34, 1460, '2005-12-11', '2025-05-07 17:13:51', '2025-05-07 17:13:51'),
(485, 26, 1209, '2008-11-18', '2025-05-07 17:13:51', '2025-05-07 17:13:51'),
(486, 53, 904, '2008-03-20', '2025-05-07 17:13:51', '2025-05-07 17:13:51'),
(487, 71, 833, '2005-04-26', '2025-05-07 17:13:51', '2025-05-07 17:13:51'),
(488, 52, 1083, '2007-05-29', '2025-05-07 17:13:51', '2025-05-07 17:13:51'),
(489, 44, 1354, '2004-08-17', '2025-05-07 17:13:51', '2025-05-07 17:13:51'),
(490, 83, 1132, '2004-02-01', '2025-05-07 17:13:51', '2025-05-07 17:13:51'),
(491, 5, 1309, '2005-11-12', '2025-05-07 17:13:51', '2025-05-07 17:13:51'),
(492, 77, 919, '2006-06-24', '2025-05-07 17:13:51', '2025-05-07 17:13:51'),
(493, 80, 1451, '2008-03-19', '2025-05-07 17:13:51', '2025-05-07 17:13:51'),
(494, 45, 959, '2006-10-17', '2025-05-07 17:13:51', '2025-05-07 17:13:51'),
(495, 3, 966, '2005-07-26', '2025-05-07 17:13:51', '2025-05-07 17:13:51'),
(496, 53, 1375, '2007-01-17', '2025-05-07 17:13:51', '2025-05-07 17:13:51'),
(497, 22, 1441, '2007-09-10', '2025-05-07 17:13:51', '2025-05-07 17:13:51'),
(498, 7, 1218, '2006-10-17', '2025-05-07 17:13:51', '2025-05-07 17:13:51'),
(499, 109, 1196, '2006-02-16', '2025-05-07 17:13:51', '2025-05-07 17:13:51'),
(500, 75, 1276, '2004-11-09', '2025-05-07 17:13:51', '2025-05-07 17:13:51'),
(501, 25, 1477, '2005-01-24', '2025-05-07 17:13:51', '2025-05-07 17:13:51'),
(502, 55, 1298, '2009-03-06', '2025-05-07 17:13:51', '2025-05-07 17:13:51'),
(503, 64, 950, '2008-11-18', '2025-05-07 17:13:51', '2025-05-07 17:13:51'),
(504, 16, 795, '2005-07-04', '2025-05-07 17:13:51', '2025-05-07 17:13:51'),
(505, 35, 976, '2005-11-29', '2025-05-07 17:13:51', '2025-05-07 17:13:51'),
(506, 11, 1026, '2004-04-25', '2025-05-07 17:13:51', '2025-05-07 17:13:51'),
(507, 22, 1402, '2006-02-26', '2025-05-07 17:13:51', '2025-05-07 17:13:51'),
(508, 66, 1140, '2005-02-12', '2025-05-07 17:13:51', '2025-05-07 17:13:51'),
(509, 108, 1374, '2005-04-26', '2025-05-07 17:13:51', '2025-05-07 17:13:51'),
(510, 22, 805, '2005-09-04', '2025-05-07 17:13:51', '2025-05-07 17:13:51'),
(511, 84, 788, '2006-11-29', '2025-05-07 17:13:51', '2025-05-07 17:13:51'),
(512, 11, 886, '2006-08-30', '2025-05-07 17:13:51', '2025-05-07 17:13:51'),
(513, 20, 1187, '2004-05-21', '2025-05-07 17:13:51', '2025-05-07 17:13:51'),
(514, 71, 1379, '2005-02-19', '2025-05-07 17:13:51', '2025-05-07 17:13:51'),
(515, 88, 825, '2004-04-14', '2025-05-07 17:13:51', '2025-05-07 17:13:51'),
(516, 66, 1420, '2005-08-18', '2025-05-07 17:13:51', '2025-05-07 17:13:51'),
(517, 38, 1141, '2007-01-08', '2025-05-07 17:13:51', '2025-05-07 17:13:51'),
(518, 50, 919, '2006-04-20', '2025-05-07 17:13:51', '2025-05-07 17:13:51'),
(519, 22, 881, '2006-09-01', '2025-05-07 17:13:51', '2025-05-07 17:13:51'),
(520, 72, 1251, '2006-08-10', '2025-05-07 17:13:51', '2025-05-07 17:13:51'),
(521, 101, 1111, '2007-01-19', '2025-05-07 17:13:51', '2025-05-07 17:13:51'),
(522, 54, 777, '2004-06-26', '2025-05-07 17:13:51', '2025-05-07 17:13:51'),
(523, 51, 1185, '2005-08-09', '2025-05-07 17:13:51', '2025-05-07 17:13:51'),
(524, 87, 838, '2005-06-28', '2025-05-07 17:13:51', '2025-05-07 17:13:51'),
(525, 65, 1293, '2009-03-07', '2025-05-07 17:13:51', '2025-05-07 17:13:51'),
(526, 88, 990, '2007-06-23', '2025-05-07 17:13:51', '2025-05-07 17:13:51'),
(527, 54, 1272, '2008-11-05', '2025-05-07 17:13:51', '2025-05-07 17:13:51'),
(528, 109, 929, '2006-10-28', '2025-05-07 17:13:51', '2025-05-07 17:13:51'),
(529, 35, 1155, '2005-02-07', '2025-05-07 17:13:51', '2025-05-07 17:13:51'),
(530, 30, 941, '2005-05-31', '2025-05-07 17:13:51', '2025-05-07 17:13:51'),
(531, 7, 723, '2007-08-20', '2025-05-07 17:13:51', '2025-05-07 17:13:51'),
(532, 57, 762, '2006-05-27', '2025-05-07 17:13:51', '2025-05-07 17:13:51'),
(533, 20, 1378, '2007-11-27', '2025-05-07 17:13:51', '2025-05-07 17:13:51'),
(534, 70, 1176, '2007-09-12', '2025-05-07 17:13:51', '2025-05-07 17:13:51'),
(535, 79, 1439, '2009-02-01', '2025-05-07 17:13:51', '2025-05-07 17:13:51'),
(536, 48, 894, '2008-01-19', '2025-05-07 17:13:51', '2025-05-07 17:13:51'),
(537, 100, 818, '2007-06-01', '2025-05-07 17:13:51', '2025-05-07 17:13:51'),
(538, 8, 760, '2007-02-02', '2025-05-07 17:13:51', '2025-05-07 17:13:51'),
(539, 55, 1133, '2005-12-27', '2025-05-07 17:13:51', '2025-05-07 17:13:51'),
(540, 44, 1087, '2005-04-28', '2025-05-07 17:13:51', '2025-05-07 17:13:51'),
(541, 11, 1191, '2007-07-04', '2025-05-07 17:13:51', '2025-05-07 17:13:51'),
(542, 39, 1458, '2006-12-27', '2025-05-07 17:13:51', '2025-05-07 17:13:51'),
(543, 102, 741, '2004-05-04', '2025-05-07 17:13:51', '2025-05-07 17:13:51'),
(544, 100, 1404, '2008-10-07', '2025-05-07 17:13:51', '2025-05-07 17:13:51'),
(545, 7, 1142, '2005-10-19', '2025-05-07 17:13:51', '2025-05-07 17:13:51'),
(546, 42, 1494, '2004-05-12', '2025-05-07 17:13:51', '2025-05-07 17:13:51'),
(547, 44, 832, '2005-02-20', '2025-05-07 17:13:51', '2025-05-07 17:13:51'),
(548, 24, 1071, '2008-02-08', '2025-05-07 17:13:51', '2025-05-07 17:13:51'),
(549, 68, 1177, '2004-07-28', '2025-05-07 17:13:51', '2025-05-07 17:13:51'),
(550, 15, 1113, '2007-07-22', '2025-05-07 17:13:51', '2025-05-07 17:13:51'),
(551, 27, 1362, '2005-08-30', '2025-05-07 17:13:51', '2025-05-07 17:13:51'),
(552, 7, 1079, '2009-02-19', '2025-05-07 17:13:51', '2025-05-07 17:13:51'),
(553, 81, 942, '2007-11-07', '2025-05-07 17:13:51', '2025-05-07 17:13:51'),
(554, 4, 1423, '2008-05-23', '2025-05-07 17:13:51', '2025-05-07 17:13:51'),
(555, 90, 989, '2005-05-23', '2025-05-07 17:13:51', '2025-05-07 17:13:51'),
(556, 95, 1393, '2008-08-07', '2025-05-07 17:13:51', '2025-05-07 17:13:51'),
(557, 4, 1487, '2005-01-20', '2025-05-07 17:13:51', '2025-05-07 17:13:51'),
(558, 42, 1215, '2009-01-20', '2025-05-07 17:13:51', '2025-05-07 17:13:51'),
(559, 84, 1258, '2005-09-26', '2025-05-07 17:13:51', '2025-05-07 17:13:51'),
(560, 60, 1397, '2006-05-03', '2025-05-07 17:13:51', '2025-05-07 17:13:51'),
(561, 46, 997, '2006-04-01', '2025-05-07 17:13:51', '2025-05-07 17:13:51'),
(562, 38, 1267, '2008-09-03', '2025-05-07 17:13:51', '2025-05-07 17:13:51'),
(563, 72, 1315, '2008-06-22', '2025-05-07 17:13:51', '2025-05-07 17:13:51'),
(564, 12, 1127, '2005-08-21', '2025-05-07 17:13:51', '2025-05-07 17:13:51'),
(565, 40, 1216, '2005-12-06', '2025-05-07 17:13:51', '2025-05-07 17:13:51'),
(566, 32, 914, '2008-03-17', '2025-05-07 17:13:51', '2025-05-07 17:13:51'),
(567, 9, 836, '2008-01-31', '2025-05-07 17:13:51', '2025-05-07 17:13:51'),
(568, 73, 1162, '2004-05-30', '2025-05-07 17:13:51', '2025-05-07 17:13:51'),
(569, 84, 979, '2005-03-23', '2025-05-07 17:13:51', '2025-05-07 17:13:51'),
(570, 67, 1000, '2007-06-19', '2025-05-07 17:13:51', '2025-05-07 17:13:51'),
(571, 73, 768, '2006-07-29', '2025-05-07 17:13:51', '2025-05-07 17:13:51'),
(572, 47, 844, '2007-05-23', '2025-05-07 17:13:51', '2025-05-07 17:13:51'),
(573, 29, 865, '2004-06-03', '2025-05-07 17:13:51', '2025-05-07 17:13:51'),
(574, 59, 965, '2009-01-17', '2025-05-07 17:13:51', '2025-05-07 17:13:51'),
(575, 99, 1086, '2008-10-19', '2025-05-07 17:13:51', '2025-05-07 17:13:51'),
(576, 97, 998, '2008-09-07', '2025-05-07 17:13:51', '2025-05-07 17:13:51'),
(577, 34, 1104, '2004-06-10', '2025-05-07 17:13:51', '2025-05-07 17:13:51'),
(578, 77, 880, '2004-12-09', '2025-05-07 17:13:51', '2025-05-07 17:13:51'),
(579, 87, 1194, '2006-12-29', '2025-05-07 17:13:51', '2025-05-07 17:13:51'),
(580, 62, 760, '2007-06-12', '2025-05-07 17:13:51', '2025-05-07 17:13:51'),
(581, 74, 1200, '2009-01-26', '2025-05-07 17:13:51', '2025-05-07 17:13:51'),
(582, 25, 701, '2005-05-25', '2025-05-07 17:13:51', '2025-05-07 17:13:51'),
(583, 66, 1254, '2007-08-24', '2025-05-07 17:13:51', '2025-05-07 17:13:51'),
(584, 52, 1223, '2005-01-22', '2025-05-07 17:13:51', '2025-05-07 17:13:51'),
(585, 98, 1074, '2004-06-21', '2025-05-07 17:13:51', '2025-05-07 17:13:51'),
(586, 79, 854, '2007-09-26', '2025-05-07 17:13:51', '2025-05-07 17:13:51'),
(587, 13, 1025, '2007-06-10', '2025-05-07 17:13:51', '2025-05-07 17:13:51'),
(588, 83, 1462, '2005-04-04', '2025-05-07 17:13:51', '2025-05-07 17:13:51'),
(589, 53, 1489, '2004-05-14', '2025-05-07 17:13:51', '2025-05-07 17:13:51'),
(590, 98, 1189, '2006-12-31', '2025-05-07 17:13:51', '2025-05-07 17:13:51'),
(591, 47, 1047, '2006-11-28', '2025-05-07 17:13:51', '2025-05-07 17:13:51'),
(592, 50, 868, '2005-08-21', '2025-05-07 17:13:51', '2025-05-07 17:13:51'),
(593, 74, 1429, '2008-12-02', '2025-05-07 17:13:51', '2025-05-07 17:13:51'),
(594, 106, 1185, '2009-01-31', '2025-05-07 17:13:51', '2025-05-07 17:13:51'),
(595, 37, 899, '2008-01-17', '2025-05-07 17:13:51', '2025-05-07 17:13:51'),
(596, 84, 813, '2007-03-29', '2025-05-07 17:13:51', '2025-05-07 17:13:51'),
(597, 5, 1029, '2005-05-09', '2025-05-07 17:13:51', '2025-05-07 17:13:51'),
(598, 14, 1482, '2005-01-22', '2025-05-07 17:13:51', '2025-05-07 17:13:51'),
(599, 55, 853, '2005-06-23', '2025-05-07 17:13:51', '2025-05-07 17:13:51'),
(600, 66, 1178, '2006-08-27', '2025-05-07 17:13:51', '2025-05-07 17:13:51'),
(601, 42, 1380, '2007-01-15', '2025-05-07 17:13:51', '2025-05-07 17:13:51'),
(602, 8, 1269, '2007-06-15', '2025-05-07 17:13:51', '2025-05-07 17:13:51'),
(603, 23, 1313, '2009-02-28', '2025-05-07 17:13:51', '2025-05-07 17:13:51'),
(605, 35, 1015, '2007-06-14', '2025-05-07 17:13:51', '2025-05-07 17:13:51'),
(606, 60, 1168, '2006-06-27', '2025-05-07 17:13:51', '2025-05-07 17:13:51'),
(607, 26, 1108, '2007-07-24', '2025-05-07 17:13:51', '2025-05-07 17:13:51'),
(608, 76, 957, '2008-01-06', '2025-05-07 17:13:51', '2025-05-07 17:13:51'),
(609, 87, 1473, '2007-07-04', '2025-05-07 17:13:51', '2025-05-07 17:13:51'),
(610, 80, 1375, '2007-03-23', '2025-05-07 17:13:51', '2025-05-07 17:13:51'),
(611, 41, 936, '2005-06-02', '2025-05-07 17:13:51', '2025-05-07 17:13:51'),
(612, 50, 1440, '2005-10-15', '2025-05-07 17:13:51', '2025-05-07 17:13:51'),
(613, 30, 826, '2008-02-03', '2025-05-07 17:13:51', '2025-05-07 17:13:51'),
(614, 71, 1430, '2005-10-18', '2025-05-07 17:13:51', '2025-05-07 17:13:51'),
(615, 33, 1143, '2005-12-23', '2025-05-07 17:13:51', '2025-05-07 17:13:51'),
(616, 100, 882, '2004-01-28', '2025-05-07 17:13:51', '2025-05-07 17:13:51'),
(617, 3, 1436, '2004-05-24', '2025-05-07 17:13:51', '2025-05-07 17:13:51'),
(618, 64, 975, '2009-03-19', '2025-05-07 17:13:51', '2025-05-07 17:13:51'),
(619, 5, 1410, '2007-03-10', '2025-05-07 17:13:51', '2025-05-07 17:13:51'),
(620, 6, 1486, '2008-03-06', '2025-05-07 17:13:51', '2025-05-07 17:13:51'),
(621, 57, 966, '2005-12-03', '2025-05-07 17:13:51', '2025-05-07 17:13:51'),
(622, 48, 1466, '2008-03-13', '2025-05-07 17:13:51', '2025-05-07 17:13:51'),
(623, 10, 798, '2006-07-18', '2025-05-07 17:13:51', '2025-05-07 17:13:51'),
(624, 3, 801, '2007-08-02', '2025-05-07 17:13:52', '2025-05-07 17:13:52'),
(625, 61, 1346, '2008-10-19', '2025-05-07 17:13:52', '2025-05-07 17:13:52'),
(626, 24, 740, '2006-12-07', '2025-05-07 17:13:52', '2025-05-07 17:13:52'),
(627, 4, 927, '2009-03-27', '2025-05-07 17:13:52', '2025-05-07 17:13:52'),
(628, 60, 1308, '2004-02-21', '2025-05-07 17:13:52', '2025-05-07 17:13:52'),
(629, 27, 1171, '2007-05-07', '2025-05-07 17:13:52', '2025-05-07 17:13:52'),
(630, 99, 730, '2007-04-19', '2025-05-07 17:13:52', '2025-05-07 17:13:52'),
(631, 68, 1088, '2007-07-31', '2025-05-07 17:13:52', '2025-05-07 17:13:52'),
(632, 41, 1063, '2007-01-27', '2025-05-07 17:13:52', '2025-05-07 17:13:52'),
(633, 102, 1072, '2005-07-07', '2025-05-07 17:13:52', '2025-05-07 17:13:52'),
(634, 88, 1040, '2008-02-19', '2025-05-07 17:13:52', '2025-05-07 17:13:52'),
(635, 5, 1449, '2008-09-21', '2025-05-07 17:13:52', '2025-05-07 17:13:52'),
(636, 63, 823, '2007-03-26', '2025-05-07 17:13:52', '2025-05-07 17:13:52'),
(637, 79, 778, '2006-09-28', '2025-05-07 17:13:52', '2025-05-07 17:13:52'),
(638, 105, 1223, '2005-06-01', '2025-05-07 17:13:52', '2025-05-07 17:13:52'),
(639, 108, 1082, '2005-09-06', '2025-05-07 17:13:52', '2025-05-07 17:13:52'),
(640, 21, 1034, '2005-07-11', '2025-05-07 17:13:52', '2025-05-07 17:13:52'),
(641, 84, 1398, '2008-08-05', '2025-05-07 17:13:52', '2025-05-07 17:13:52'),
(642, 98, 1379, '2005-04-25', '2025-05-07 17:13:52', '2025-05-07 17:13:52'),
(643, 86, 1283, '2009-03-11', '2025-05-07 17:13:52', '2025-05-07 17:13:52'),
(644, 46, 1061, '2008-02-12', '2025-05-07 17:13:52', '2025-05-07 17:13:52'),
(645, 16, 769, '2005-03-06', '2025-05-07 17:13:52', '2025-05-07 17:13:52'),
(646, 60, 1028, '2008-10-31', '2025-05-07 17:13:52', '2025-05-07 17:13:52'),
(647, 23, 753, '2008-02-20', '2025-05-07 17:13:52', '2025-05-07 17:13:52'),
(648, 86, 1156, '2007-07-16', '2025-05-07 17:13:52', '2025-05-07 17:13:52'),
(649, 28, 1132, '2005-10-23', '2025-05-07 17:13:52', '2025-05-07 17:13:52'),
(650, 26, 943, '2004-05-15', '2025-05-07 17:13:52', '2025-05-07 17:13:52'),
(651, 96, 1482, '2008-09-19', '2025-05-07 17:13:52', '2025-05-07 17:13:52'),
(652, 37, 1204, '2008-11-20', '2025-05-07 17:13:52', '2025-05-07 17:13:52'),
(653, 15, 1469, '2009-01-22', '2025-05-07 17:13:52', '2025-05-07 17:13:52'),
(654, 102, 1237, '2008-09-14', '2025-05-07 17:13:52', '2025-05-07 17:13:52'),
(655, 100, 1289, '2006-03-29', '2025-05-07 17:13:52', '2025-05-07 17:13:52'),
(656, 65, 1458, '2007-03-02', '2025-05-07 17:13:52', '2025-05-07 17:13:52'),
(657, 14, 1076, '2008-02-06', '2025-05-07 17:13:52', '2025-05-07 17:13:52'),
(658, 70, 1418, '2006-09-03', '2025-05-07 17:13:52', '2025-05-07 17:13:52'),
(659, 40, 885, '2004-10-04', '2025-05-07 17:13:52', '2025-05-07 17:13:52'),
(660, 61, 1079, '2004-04-15', '2025-05-07 17:13:52', '2025-05-07 17:13:52'),
(661, 97, 1303, '2004-04-27', '2025-05-07 17:13:52', '2025-05-07 17:13:52'),
(662, 29, 1119, '2004-08-09', '2025-05-07 17:13:52', '2025-05-07 17:13:52'),
(663, 72, 1366, '2009-02-18', '2025-05-07 17:13:52', '2025-05-07 17:13:52'),
(664, 14, 1241, '2006-01-31', '2025-05-07 17:13:52', '2025-05-07 17:13:52'),
(665, 53, 1019, '2005-07-17', '2025-05-07 17:13:52', '2025-05-07 17:13:52'),
(666, 76, 1008, '2008-09-03', '2025-05-07 17:13:52', '2025-05-07 17:13:52'),
(667, 62, 837, '2008-06-08', '2025-05-07 17:13:52', '2025-05-07 17:13:52'),
(668, 100, 1493, '2005-10-05', '2025-05-07 17:13:52', '2025-05-07 17:13:52'),
(669, 90, 1129, '2008-04-01', '2025-05-07 17:13:52', '2025-05-07 17:13:52'),
(670, 25, 931, '2005-03-31', '2025-05-07 17:13:52', '2025-05-07 17:13:52'),
(671, 96, 1342, '2005-11-10', '2025-05-07 17:13:52', '2025-05-07 17:13:52'),
(672, 48, 1085, '2006-05-13', '2025-05-07 17:13:52', '2025-05-07 17:13:52'),
(673, 47, 1289, '2005-11-19', '2025-05-07 17:13:52', '2025-05-07 17:13:52'),
(674, 102, 996, '2004-07-10', '2025-05-07 17:13:52', '2025-05-07 17:13:52'),
(675, 67, 1457, '2005-01-31', '2025-05-07 17:13:52', '2025-05-07 17:13:52'),
(676, 2, 1399, '2004-12-09', '2025-05-07 17:13:52', '2025-05-07 17:13:52'),
(677, 56, 1005, '2007-06-17', '2025-05-07 17:13:52', '2025-05-07 17:13:52'),
(678, 20, 1492, '2005-03-24', '2025-05-07 17:13:52', '2025-05-07 17:13:52'),
(679, 109, 764, '2008-11-02', '2025-05-07 17:13:52', '2025-05-07 17:13:52'),
(680, 15, 1164, '2008-03-20', '2025-05-07 17:13:52', '2025-05-07 17:13:52'),
(681, 109, 1056, '2008-06-22', '2025-05-07 17:13:52', '2025-05-07 17:13:52'),
(682, 79, 1324, '2006-07-24', '2025-05-07 17:13:52', '2025-05-07 17:13:52'),
(683, 35, 1396, '2004-01-29', '2025-05-07 17:13:52', '2025-05-07 17:13:52'),
(684, 39, 758, '2008-04-23', '2025-05-07 17:13:52', '2025-05-07 17:13:52'),
(685, 44, 972, '2007-12-31', '2025-05-07 17:13:52', '2025-05-07 17:13:52'),
(686, 17, 896, '2006-10-30', '2025-05-07 17:13:52', '2025-05-07 17:13:52'),
(687, 80, 1260, '2004-09-10', '2025-05-07 17:13:52', '2025-05-07 17:13:52'),
(688, 11, 835, '2005-12-31', '2025-05-07 17:13:52', '2025-05-07 17:13:52'),
(689, 88, 1015, '2007-10-21', '2025-05-07 17:13:52', '2025-05-07 17:13:52'),
(690, 97, 1328, '2004-08-26', '2025-05-07 17:13:52', '2025-05-07 17:13:52'),
(691, 17, 1341, '2005-04-29', '2025-05-07 17:13:52', '2025-05-07 17:13:52'),
(692, 16, 1456, '2007-11-08', '2025-05-07 17:13:52', '2025-05-07 17:13:52'),
(693, 93, 835, '2004-06-14', '2025-05-07 17:13:52', '2025-05-07 17:13:52'),
(694, 50, 779, '2008-08-24', '2025-05-07 17:13:52', '2025-05-07 17:13:52'),
(695, 41, 1126, '2008-12-09', '2025-05-07 17:13:52', '2025-05-07 17:13:52'),
(696, 35, 1091, '2008-06-10', '2025-05-07 17:13:52', '2025-05-07 17:13:52'),
(697, 27, 700, '2008-07-09', '2025-05-07 17:13:52', '2025-05-07 17:13:52'),
(698, 65, 1407, '2006-07-04', '2025-05-07 17:13:52', '2025-05-07 17:13:52'),
(699, 45, 934, '2006-06-18', '2025-05-07 17:13:52', '2025-05-07 17:13:52'),
(700, 23, 1389, '2004-12-12', '2025-05-07 17:13:52', '2025-05-07 17:13:52'),
(701, 70, 1252, '2008-09-08', '2025-05-07 17:13:52', '2025-05-07 17:13:52'),
(702, 8, 1129, '2004-08-05', '2025-05-07 17:13:52', '2025-05-07 17:13:52'),
(703, 27, 1400, '2007-03-14', '2025-05-07 17:13:52', '2025-05-07 17:13:52'),
(704, 64, 734, '2005-01-12', '2025-05-07 17:13:52', '2025-05-07 17:13:52'),
(705, 23, 893, '2005-10-16', '2025-05-07 17:13:52', '2025-05-07 17:13:52'),
(706, 47, 933, '2004-05-19', '2025-05-07 17:13:52', '2025-05-07 17:13:52'),
(707, 56, 1475, '2006-04-15', '2025-05-07 17:13:52', '2025-05-07 17:13:52'),
(708, 77, 1389, '2005-04-21', '2025-05-07 17:13:52', '2025-05-07 17:13:52'),
(709, 16, 1240, '2009-03-17', '2025-05-07 17:13:52', '2025-05-07 17:13:52'),
(710, 53, 1044, '2005-11-14', '2025-05-07 17:13:52', '2025-05-07 17:13:52'),
(711, 45, 1175, '2005-06-09', '2025-05-07 17:13:52', '2025-05-07 17:13:52'),
(712, 106, 1324, '2006-09-27', '2025-05-07 17:13:52', '2025-05-07 17:13:52'),
(713, 40, 1165, '2005-04-09', '2025-05-07 17:13:52', '2025-05-07 17:13:52'),
(714, 89, 862, '2008-12-11', '2025-05-07 17:13:52', '2025-05-07 17:13:52'),
(715, 51, 1236, '2006-04-08', '2025-05-07 17:13:52', '2025-05-07 17:13:52'),
(716, 46, 921, '2005-04-04', '2025-05-07 17:13:52', '2025-05-07 17:13:52'),
(717, 87, 914, '2006-06-25', '2025-05-07 17:13:52', '2025-05-07 17:13:52'),
(718, 102, 1377, '2006-05-11', '2025-05-07 17:13:52', '2025-05-07 17:13:52'),
(719, 16, 1430, '2007-07-11', '2025-05-07 17:13:52', '2025-05-07 17:13:52'),
(720, 48, 1275, '2004-09-05', '2025-05-07 17:13:52', '2025-05-07 17:13:52'),
(721, 97, 922, '2007-09-11', '2025-05-07 17:13:52', '2025-05-07 17:13:52'),
(722, 68, 973, '2005-01-19', '2025-05-07 17:13:52', '2025-05-07 17:13:52'),
(723, 72, 1125, '2004-12-14', '2025-05-07 17:13:52', '2025-05-07 17:13:52'),
(724, 32, 1486, '2008-05-10', '2025-05-07 17:13:52', '2025-05-07 17:13:52'),
(725, 89, 1078, '2007-08-04', '2025-05-07 17:13:52', '2025-05-07 17:13:52'),
(726, 33, 1206, '2007-11-05', '2025-05-07 17:13:52', '2025-05-07 17:13:52'),
(727, 10, 1078, '2007-01-21', '2025-05-07 17:13:52', '2025-05-07 17:13:52'),
(728, 97, 1418, '2006-11-07', '2025-05-07 17:13:52', '2025-05-07 17:13:52'),
(729, 108, 1133, '2006-05-06', '2025-05-07 17:13:52', '2025-05-07 17:13:52'),
(730, 17, 705, '2008-07-07', '2025-05-07 17:13:52', '2025-05-07 17:13:52'),
(731, 62, 976, '2006-02-02', '2025-05-07 17:13:52', '2025-05-07 17:13:52'),
(732, 93, 1229, '2007-06-29', '2025-05-07 17:13:52', '2025-05-07 17:13:52'),
(733, 98, 1405, '2005-08-23', '2025-05-07 17:13:52', '2025-05-07 17:13:52'),
(734, 26, 1133, '2007-11-22', '2025-05-07 17:13:52', '2025-05-07 17:13:52'),
(735, 102, 1161, '2007-09-17', '2025-05-07 17:13:52', '2025-05-07 17:13:52'),
(736, 90, 1014, '2005-09-21', '2025-05-07 17:13:52', '2025-05-07 17:13:52'),
(737, 86, 1321, '2005-07-10', '2025-05-07 17:13:52', '2025-05-07 17:13:52'),
(738, 75, 907, '2007-05-09', '2025-05-07 17:13:52', '2025-05-07 17:13:52'),
(739, 22, 1491, '2008-05-08', '2025-05-07 17:13:52', '2025-05-07 17:13:52'),
(740, 2, 1488, '2007-02-19', '2025-05-07 17:13:52', '2025-05-07 17:13:52'),
(741, 38, 861, '2006-07-05', '2025-05-07 17:13:52', '2025-05-07 17:13:52'),
(742, 85, 1195, '2009-01-27', '2025-05-07 17:13:52', '2025-05-07 17:13:52'),
(743, 38, 1331, '2005-05-03', '2025-05-07 17:13:52', '2025-05-07 17:13:52'),
(744, 21, 945, '2008-07-14', '2025-05-07 17:13:52', '2025-05-07 17:13:52'),
(745, 101, 920, '2008-09-25', '2025-05-07 17:13:52', '2025-05-07 17:13:52'),
(746, 61, 1460, '2006-02-14', '2025-05-07 17:13:52', '2025-05-07 17:13:52'),
(747, 24, 944, '2006-06-15', '2025-05-07 17:13:52', '2025-05-07 17:13:52'),
(748, 55, 1438, '2006-10-31', '2025-05-07 17:13:52', '2025-05-07 17:13:52'),
(749, 95, 1469, '2004-05-21', '2025-05-07 17:13:52', '2025-05-07 17:13:52'),
(750, 23, 728, '2007-10-22', '2025-05-07 17:13:52', '2025-05-07 17:13:52'),
(751, 98, 934, '2006-10-26', '2025-05-07 17:13:52', '2025-05-07 17:13:52'),
(752, 35, 811, '2007-12-06', '2025-05-07 17:13:52', '2025-05-07 17:13:52'),
(753, 77, 1084, '2004-06-17', '2025-05-07 17:13:52', '2025-05-07 17:13:52'),
(754, 106, 1464, '2004-05-23', '2025-05-07 17:13:52', '2025-05-07 17:13:52'),
(755, 11, 1280, '2004-06-30', '2025-05-07 17:13:52', '2025-05-07 17:13:52'),
(756, 3, 1131, '2008-10-03', '2025-05-07 17:13:52', '2025-05-07 17:13:52'),
(757, 60, 1473, '2007-05-01', '2025-05-07 17:13:52', '2025-05-07 17:13:52'),
(758, 76, 817, '2005-02-26', '2025-05-07 17:13:52', '2025-05-07 17:13:52'),
(759, 90, 1269, '2005-11-26', '2025-05-07 17:13:52', '2025-05-07 17:13:52'),
(760, 19, 1442, '2004-07-26', '2025-05-07 17:13:52', '2025-05-07 17:13:52'),
(761, 105, 1338, '2007-12-11', '2025-05-07 17:13:52', '2025-05-07 17:13:52'),
(762, 10, 874, '2007-07-16', '2025-05-07 17:13:52', '2025-05-07 17:13:52'),
(763, 64, 1039, '2005-11-16', '2025-05-07 17:13:52', '2025-05-07 17:13:52'),
(764, 13, 898, '2005-10-14', '2025-05-07 17:13:52', '2025-05-07 17:13:52'),
(765, 11, 721, '2008-09-04', '2025-05-07 17:13:52', '2025-05-07 17:13:52'),
(766, 36, 1434, '2008-09-27', '2025-05-07 17:13:52', '2025-05-07 17:13:52'),
(767, 79, 918, '2004-05-24', '2025-05-07 17:13:52', '2025-05-07 17:13:52'),
(768, 71, 769, '2008-08-27', '2025-05-07 17:13:52', '2025-05-07 17:13:52'),
(769, 36, 1307, '2007-02-01', '2025-05-07 17:13:52', '2025-05-07 17:13:52'),
(770, 17, 756, '2009-03-05', '2025-05-07 17:13:52', '2025-05-07 17:13:52'),
(771, 37, 849, '2007-05-21', '2025-05-07 17:13:52', '2025-05-07 17:13:52'),
(772, 85, 1436, '2008-01-19', '2025-05-07 17:13:52', '2025-05-07 17:13:52'),
(773, 8, 1345, '2008-06-11', '2025-05-07 17:13:52', '2025-05-07 17:13:52'),
(774, 58, 1004, '2005-05-18', '2025-05-07 17:13:52', '2025-05-07 17:13:52'),
(775, 79, 829, '2007-05-28', '2025-05-07 17:13:52', '2025-05-07 17:13:52'),
(776, 36, 1472, '2005-01-26', '2025-05-07 17:13:52', '2025-05-07 17:13:52'),
(777, 34, 1244, '2007-04-20', '2025-05-07 17:13:52', '2025-05-07 17:13:52'),
(778, 12, 1458, '2006-10-23', '2025-05-07 17:13:52', '2025-05-07 17:13:52'),
(779, 9, 976, '2005-09-26', '2025-05-07 17:13:52', '2025-05-07 17:13:52'),
(780, 86, 1397, '2006-07-07', '2025-05-07 17:13:52', '2025-05-07 17:13:52'),
(781, 91, 810, '2006-03-15', '2025-05-07 17:13:52', '2025-05-07 17:13:52'),
(782, 50, 829, '2004-02-07', '2025-05-07 17:13:52', '2025-05-07 17:13:52'),
(783, 89, 837, '2008-08-12', '2025-05-07 17:13:52', '2025-05-07 17:13:52'),
(784, 85, 965, '2009-03-23', '2025-05-07 17:13:52', '2025-05-07 17:13:52'),
(785, 63, 1459, '2004-01-16', '2025-05-07 17:13:52', '2025-05-07 17:13:52'),
(786, 3, 1170, '2005-02-01', '2025-05-07 17:13:52', '2025-05-07 17:13:52'),
(787, 89, 786, '2007-12-15', '2025-05-07 17:13:52', '2025-05-07 17:13:52'),
(788, 32, 965, '2008-11-13', '2025-05-07 17:13:52', '2025-05-07 17:13:52'),
(789, 2, 814, '2008-10-15', '2025-05-07 17:13:52', '2025-05-07 17:13:52'),
(790, 68, 1393, '2008-06-03', '2025-05-07 17:13:52', '2025-05-07 17:13:52'),
(791, 104, 804, '2004-02-16', '2025-05-07 17:13:52', '2025-05-07 17:13:52'),
(792, 19, 971, '2005-09-27', '2025-05-07 17:13:52', '2025-05-07 17:13:52'),
(793, 76, 1173, '2006-08-29', '2025-05-07 17:13:52', '2025-05-07 17:13:52'),
(794, 4, 762, '2006-01-17', '2025-05-07 17:13:52', '2025-05-07 17:13:52'),
(795, 12, 822, '2004-10-17', '2025-05-07 17:13:52', '2025-05-07 17:13:52'),
(796, 75, 1326, '2005-07-08', '2025-05-07 17:13:52', '2025-05-07 17:13:52'),
(797, 102, 831, '2006-07-16', '2025-05-07 17:13:52', '2025-05-07 17:13:52'),
(798, 82, 929, '2006-08-24', '2025-05-07 17:13:52', '2025-05-07 17:13:52'),
(799, 102, 1492, '2008-11-19', '2025-05-07 17:13:52', '2025-05-07 17:13:52'),
(800, 33, 1117, '2005-08-24', '2025-05-07 17:13:52', '2025-05-07 17:13:52'),
(801, 76, 792, '2004-10-28', '2025-05-07 17:13:52', '2025-05-07 17:13:52'),
(802, 106, 714, '2005-01-19', '2025-05-07 17:13:52', '2025-05-07 17:13:52'),
(803, 33, 1473, '2007-02-25', '2025-05-07 17:13:52', '2025-05-07 17:13:52'),
(804, 105, 982, '2006-06-10', '2025-05-07 17:13:52', '2025-05-07 17:13:52'),
(805, 48, 780, '2005-07-10', '2025-05-07 17:13:52', '2025-05-07 17:13:52'),
(806, 35, 1231, '2006-02-04', '2025-05-07 17:13:52', '2025-05-07 17:13:52'),
(807, 51, 766, '2007-06-10', '2025-05-07 17:13:52', '2025-05-07 17:13:52'),
(808, 24, 779, '2008-06-20', '2025-05-07 17:13:52', '2025-05-07 17:13:52'),
(809, 14, 1215, '2005-10-02', '2025-05-07 17:13:52', '2025-05-07 17:13:52'),
(810, 51, 1020, '2007-08-16', '2025-05-07 17:13:52', '2025-05-07 17:13:52'),
(811, 3, 1144, '2004-10-03', '2025-05-07 17:13:52', '2025-05-07 17:13:52'),
(812, 46, 1251, '2006-06-06', '2025-05-07 17:13:52', '2025-05-07 17:13:52'),
(813, 82, 1234, '2007-06-28', '2025-05-07 17:13:52', '2025-05-07 17:13:52'),
(814, 100, 1213, '2005-04-01', '2025-05-07 17:13:52', '2025-05-07 17:13:52'),
(815, 98, 743, '2008-07-02', '2025-05-07 17:13:52', '2025-05-07 17:13:52'),
(816, 16, 744, '2004-11-05', '2025-05-07 17:13:52', '2025-05-07 17:13:52'),
(817, 4, 877, '2008-07-29', '2025-05-07 17:13:52', '2025-05-07 17:13:52'),
(818, 106, 803, '2007-04-02', '2025-05-07 17:13:52', '2025-05-07 17:13:52'),
(819, 26, 968, '2004-09-13', '2025-05-07 17:13:52', '2025-05-07 17:13:52'),
(820, 61, 1130, '2004-12-13', '2025-05-07 17:13:52', '2025-05-07 17:13:52'),
(821, 109, 1234, '2007-08-31', '2025-05-07 17:13:52', '2025-05-07 17:13:52'),
(822, 62, 1472, '2005-03-31', '2025-05-07 17:13:52', '2025-05-07 17:13:52'),
(823, 76, 932, '2007-09-07', '2025-05-07 17:13:52', '2025-05-07 17:13:52'),
(824, 64, 1166, '2007-07-13', '2025-05-07 17:13:52', '2025-05-07 17:13:52'),
(825, 10, 1319, '2006-01-12', '2025-05-07 17:13:52', '2025-05-07 17:13:52'),
(826, 6, 1066, '2004-10-22', '2025-05-07 17:13:52', '2025-05-07 17:13:52'),
(827, 68, 847, '2008-08-09', '2025-05-07 17:13:52', '2025-05-07 17:13:52'),
(828, 72, 1010, '2007-08-19', '2025-05-07 17:13:52', '2025-05-07 17:13:52'),
(829, 68, 808, '2007-01-25', '2025-05-07 17:13:52', '2025-05-07 17:13:52'),
(830, 85, 775, '2005-09-14', '2025-05-07 17:13:52', '2025-05-07 17:13:52'),
(831, 105, 1248, '2005-09-30', '2025-05-07 17:13:52', '2025-05-07 17:13:52'),
(832, 47, 704, '2004-07-13', '2025-05-07 17:13:52', '2025-05-07 17:13:52'),
(833, 106, 1350, '2007-01-26', '2025-05-07 17:13:52', '2025-05-07 17:13:52'),
(834, 39, 1229, '2007-02-20', '2025-05-07 17:13:52', '2025-05-07 17:13:52'),
(835, 50, 1173, '2006-06-25', '2025-05-07 17:13:52', '2025-05-07 17:13:52'),
(836, 8, 709, '2006-06-06', '2025-05-07 17:13:52', '2025-05-07 17:13:52'),
(837, 92, 962, '2008-03-09', '2025-05-07 17:13:52', '2025-05-07 17:13:52'),
(838, 10, 772, '2006-03-20', '2025-05-07 17:13:52', '2025-05-07 17:13:52'),
(839, 104, 1465, '2006-06-22', '2025-05-07 17:13:52', '2025-05-07 17:13:52'),
(840, 72, 1201, '2005-12-12', '2025-05-07 17:13:52', '2025-05-07 17:13:52'),
(841, 70, 871, '2006-11-08', '2025-05-07 17:13:52', '2025-05-07 17:13:52'),
(842, 17, 947, '2007-06-29', '2025-05-07 17:13:52', '2025-05-07 17:13:52'),
(843, 85, 1131, '2007-03-18', '2025-05-07 17:13:52', '2025-05-07 17:13:52'),
(844, 26, 904, '2008-01-15', '2025-05-07 17:13:52', '2025-05-07 17:13:52'),
(845, 14, 986, '2005-11-26', '2025-05-07 17:13:52', '2025-05-07 17:13:52'),
(846, 98, 1099, '2004-10-20', '2025-05-07 17:13:52', '2025-05-07 17:13:52'),
(847, 28, 1412, '2006-04-28', '2025-05-07 17:13:52', '2025-05-07 17:13:52'),
(848, 58, 1284, '2005-11-21', '2025-05-07 17:13:52', '2025-05-07 17:13:52'),
(849, 33, 1283, '2008-11-01', '2025-05-07 17:13:52', '2025-05-07 17:13:52'),
(850, 96, 986, '2004-05-09', '2025-05-07 17:13:52', '2025-05-07 17:13:52'),
(851, 17, 782, '2004-04-20', '2025-05-07 17:13:52', '2025-05-07 17:13:52'),
(852, 51, 1351, '2008-10-17', '2025-05-07 17:13:52', '2025-05-07 17:13:52'),
(853, 13, 1114, '2004-06-06', '2025-05-07 17:13:52', '2025-05-07 17:13:52'),
(854, 13, 1279, '2007-08-15', '2025-05-07 17:13:52', '2025-05-07 17:13:52'),
(855, 21, 1110, '2006-07-08', '2025-05-07 17:13:52', '2025-05-07 17:13:52'),
(856, 109, 1450, '2006-04-24', '2025-05-07 17:13:52', '2025-05-07 17:13:52'),
(857, 92, 1204, '2007-03-01', '2025-05-07 17:13:52', '2025-05-07 17:13:52'),
(858, 13, 1369, '2004-08-12', '2025-05-07 17:13:52', '2025-05-07 17:13:52'),
(859, 44, 1443, '2006-10-29', '2025-05-07 17:13:52', '2025-05-07 17:13:52'),
(860, 86, 826, '2006-05-14', '2025-05-07 17:13:52', '2025-05-07 17:13:52'),
(861, 70, 1062, '2005-03-03', '2025-05-07 17:13:52', '2025-05-07 17:13:52'),
(862, 21, 843, '2007-03-19', '2025-05-07 17:13:52', '2025-05-07 17:13:52'),
(863, 26, 1159, '2008-03-22', '2025-05-07 17:13:52', '2025-05-07 17:13:52'),
(864, 8, 849, '2004-01-31', '2025-05-07 17:13:52', '2025-05-07 17:13:52'),
(865, 36, 1027, '2006-07-29', '2025-05-07 17:13:52', '2025-05-07 17:13:52'),
(866, 75, 1416, '2007-09-19', '2025-05-07 17:13:52', '2025-05-07 17:13:52'),
(867, 26, 1439, '2008-09-25', '2025-05-07 17:13:52', '2025-05-07 17:13:52'),
(868, 19, 1060, '2007-12-09', '2025-05-07 17:13:52', '2025-05-07 17:13:52'),
(869, 32, 889, '2007-11-17', '2025-05-07 17:13:52', '2025-05-07 17:13:52'),
(870, 15, 1494, '2004-03-08', '2025-05-07 17:13:52', '2025-05-07 17:13:52'),
(871, 14, 745, '2006-12-05', '2025-05-07 17:13:52', '2025-05-07 17:13:52'),
(872, 23, 1058, '2008-12-24', '2025-05-07 17:13:52', '2025-05-07 17:13:52'),
(873, 35, 1205, '2005-10-06', '2025-05-07 17:13:52', '2025-05-07 17:13:52'),
(874, 53, 764, '2005-05-11', '2025-05-07 17:13:52', '2025-05-07 17:13:52'),
(875, 12, 1242, '2008-03-01', '2025-05-07 17:13:52', '2025-05-07 17:13:52'),
(876, 87, 939, '2006-10-24', '2025-05-07 17:13:52', '2025-05-07 17:13:52'),
(877, 95, 1139, '2008-06-02', '2025-05-07 17:13:52', '2025-05-07 17:13:52'),
(878, 50, 1109, '2004-08-12', '2025-05-07 17:13:52', '2025-05-07 17:13:52'),
(879, 65, 721, '2009-01-12', '2025-05-07 17:13:52', '2025-05-07 17:13:52'),
(880, 103, 1479, '2007-09-05', '2025-05-07 17:13:52', '2025-05-07 17:13:52'),
(881, 104, 1046, '2008-04-22', '2025-05-07 17:13:52', '2025-05-07 17:13:52'),
(882, 21, 1314, '2006-01-14', '2025-05-07 17:13:52', '2025-05-07 17:13:52'),
(883, 11, 1001, '2009-03-10', '2025-05-07 17:13:52', '2025-05-07 17:13:52'),
(884, 77, 1020, '2007-10-19', '2025-05-07 17:13:52', '2025-05-07 17:13:52'),
(885, 70, 922, '2007-07-08', '2025-05-07 17:13:52', '2025-05-07 17:13:52'),
(886, 65, 1026, '2004-09-02', '2025-05-07 17:13:52', '2025-05-07 17:13:52'),
(887, 106, 1159, '2008-10-02', '2025-05-07 17:13:52', '2025-05-07 17:13:52'),
(888, 95, 923, '2004-07-27', '2025-05-07 17:13:52', '2025-05-07 17:13:52'),
(889, 96, 1050, '2006-03-22', '2025-05-07 17:13:52', '2025-05-07 17:13:52'),
(890, 14, 1381, '2008-12-10', '2025-05-07 17:13:52', '2025-05-07 17:13:52'),
(891, 62, 1307, '2007-04-07', '2025-05-07 17:13:52', '2025-05-07 17:13:52'),
(892, 47, 983, '2005-01-16', '2025-05-07 17:13:52', '2025-05-07 17:13:52'),
(893, 27, 790, '2005-07-06', '2025-05-07 17:13:52', '2025-05-07 17:13:52'),
(894, 79, 892, '2004-01-25', '2025-05-07 17:13:52', '2025-05-07 17:13:52'),
(895, 85, 889, '2008-03-26', '2025-05-07 17:13:52', '2025-05-07 17:13:52'),
(896, 24, 1300, '2007-12-16', '2025-05-07 17:13:52', '2025-05-07 17:13:52'),
(897, 39, 822, '2004-12-21', '2025-05-07 17:13:52', '2025-05-07 17:13:52'),
(898, 59, 1156, '2007-05-12', '2025-05-07 17:13:52', '2025-05-07 17:13:52'),
(899, 96, 719, '2005-01-18', '2025-05-07 17:13:52', '2025-05-07 17:13:52'),
(900, 70, 846, '2006-07-10', '2025-05-07 17:13:52', '2025-05-07 17:13:52'),
(901, 97, 833, '2005-06-30', '2025-05-07 17:13:52', '2025-05-07 17:13:52'),
(902, 15, 1062, '2006-11-23', '2025-05-07 17:13:52', '2025-05-07 17:13:52'),
(903, 103, 1415, '2005-10-24', '2025-05-07 17:13:52', '2025-05-07 17:13:52'),
(904, 53, 1095, '2006-07-14', '2025-05-07 17:13:52', '2025-05-07 17:13:52'),
(905, 28, 1463, '2006-12-25', '2025-05-07 17:13:52', '2025-05-07 17:13:52'),
(906, 15, 1253, '2005-03-17', '2025-05-07 17:13:52', '2025-05-07 17:13:52'),
(907, 21, 1339, '2006-05-15', '2025-05-07 17:13:52', '2025-05-07 17:13:52'),
(908, 85, 1004, '2005-07-22', '2025-05-07 17:13:52', '2025-05-07 17:13:52'),
(909, 15, 808, '2006-09-18', '2025-05-07 17:13:52', '2025-05-07 17:13:52'),
(910, 45, 1150, '2005-02-08', '2025-05-07 17:13:52', '2025-05-07 17:13:52'),
(911, 22, 1301, '2004-10-31', '2025-05-07 17:13:52', '2025-05-07 17:13:52'),
(912, 97, 858, '2005-10-29', '2025-05-07 17:13:52', '2025-05-07 17:13:52'),
(913, 71, 1404, '2005-06-19', '2025-05-07 17:13:52', '2025-05-07 17:13:52'),
(914, 79, 943, '2004-09-22', '2025-05-07 17:13:52', '2025-05-07 17:13:52'),
(915, 47, 1479, '2004-03-14', '2025-05-07 17:13:52', '2025-05-07 17:13:52'),
(916, 75, 1046, '2005-01-02', '2025-05-07 17:13:52', '2025-05-07 17:13:52'),
(917, 9, 1167, '2004-01-19', '2025-05-07 17:13:52', '2025-05-07 17:13:52'),
(918, 106, 943, '2004-11-26', '2025-05-07 17:13:52', '2025-05-07 17:13:52'),
(919, 48, 869, '2007-09-20', '2025-05-07 17:13:52', '2025-05-07 17:13:52'),
(920, 32, 864, '2007-07-19', '2025-05-07 17:13:52', '2025-05-07 17:13:52'),
(921, 91, 1421, '2007-11-21', '2025-05-07 17:13:52', '2025-05-07 17:13:52'),
(922, 9, 912, '2009-01-27', '2025-05-07 17:13:52', '2025-05-07 17:13:52'),
(923, 103, 703, '2008-01-04', '2025-05-07 17:13:52', '2025-05-07 17:13:52'),
(924, 5, 1054, '2005-09-07', '2025-05-07 17:13:52', '2025-05-07 17:13:52'),
(925, 64, 1370, '2007-01-19', '2025-05-07 17:13:52', '2025-05-07 17:13:52'),
(926, 48, 1365, '2006-11-16', '2025-05-07 17:13:52', '2025-05-07 17:13:52'),
(927, 55, 802, '2004-10-24', '2025-05-07 17:13:52', '2025-05-07 17:13:52'),
(928, 11, 975, '2008-11-09', '2025-05-07 17:13:52', '2025-05-07 17:13:52'),
(929, 8, 1205, '2005-08-02', '2025-05-07 17:13:52', '2025-05-07 17:13:52'),
(930, 103, 1199, '2007-03-02', '2025-05-07 17:13:52', '2025-05-07 17:13:52'),
(931, 77, 1325, '2008-08-22', '2025-05-07 17:13:52', '2025-05-07 17:13:52'),
(932, 8, 1371, '2008-10-10', '2025-05-07 17:13:52', '2025-05-07 17:13:52'),
(933, 77, 995, '2007-06-21', '2025-05-07 17:13:52', '2025-05-07 17:13:52'),
(934, 72, 1391, '2004-04-05', '2025-05-07 17:13:52', '2025-05-07 17:13:52'),
(935, 103, 1275, '2008-02-28', '2025-05-07 17:13:52', '2025-05-07 17:13:52'),
(936, 36, 1103, '2007-07-26', '2025-05-07 17:13:52', '2025-05-07 17:13:52'),
(937, 106, 879, '2008-03-29', '2025-05-07 17:13:52', '2025-05-07 17:13:52'),
(938, 20, 1302, '2006-11-30', '2025-05-07 17:13:52', '2025-05-07 17:13:52'),
(939, 47, 1009, '2005-05-16', '2025-05-07 17:13:52', '2025-05-07 17:13:52'),
(940, 36, 912, '2004-01-18', '2025-05-07 17:13:52', '2025-05-07 17:13:52'),
(941, 63, 1319, '2006-05-22', '2025-05-07 17:13:52', '2025-05-07 17:13:52'),
(942, 77, 1249, '2007-08-26', '2025-05-07 17:13:52', '2025-05-07 17:13:52'),
(943, 50, 804, '2008-12-22', '2025-05-07 17:13:52', '2025-05-07 17:13:52'),
(944, 46, 1442, '2004-09-29', '2025-05-07 17:13:52', '2025-05-07 17:13:52'),
(945, 98, 1214, '2007-05-01', '2025-05-07 17:13:52', '2025-05-07 17:13:52'),
(946, 22, 1377, '2005-10-28', '2025-05-07 17:13:52', '2025-05-07 17:13:52'),
(947, 24, 1134, '2004-10-07', '2025-05-07 17:13:52', '2025-05-07 17:13:52'),
(948, 17, 807, '2004-08-19', '2025-05-07 17:13:52', '2025-05-07 17:13:52'),
(949, 23, 1224, '2006-12-19', '2025-05-07 17:13:52', '2025-05-07 17:13:52'),
(950, 38, 1357, '2005-08-31', '2025-05-07 17:13:52', '2025-05-07 17:13:52'),
(951, 39, 1254, '2007-06-20', '2025-05-07 17:13:52', '2025-05-07 17:13:52'),
(952, 98, 1239, '2007-08-30', '2025-05-07 17:13:52', '2025-05-07 17:13:52'),
(953, 65, 772, '2004-06-27', '2025-05-07 17:13:52', '2025-05-07 17:13:52'),
(954, 79, 994, '2005-05-22', '2025-05-07 17:13:52', '2025-05-07 17:13:52'),
(955, 5, 1270, '2004-04-30', '2025-05-07 17:13:52', '2025-05-07 17:13:52'),
(956, 38, 1166, '2007-05-09', '2025-05-07 17:13:52', '2025-05-07 17:13:52'),
(957, 27, 1031, '2004-06-27', '2025-05-07 17:13:52', '2025-05-07 17:13:52'),
(958, 36, 1243, '2005-03-21', '2025-05-07 17:13:52', '2025-05-07 17:13:52'),
(959, 2, 713, '2007-06-20', '2025-05-07 17:13:52', '2025-05-07 17:13:52'),
(960, 103, 728, '2008-05-04', '2025-05-07 17:13:52', '2025-05-07 17:13:52'),
(961, 75, 1161, '2007-07-14', '2025-05-07 17:13:52', '2025-05-07 17:13:52'),
(962, 63, 1053, '2007-01-30', '2025-05-07 17:13:52', '2025-05-07 17:13:52'),
(963, 70, 1011, '2004-07-04', '2025-05-07 17:13:52', '2025-05-07 17:13:52'),
(964, 89, 1282, '2007-02-10', '2025-05-07 17:13:52', '2025-05-07 17:13:52'),
(965, 98, 1023, '2009-01-05', '2025-05-07 17:13:52', '2025-05-07 17:13:52'),
(966, 103, 1148, '2006-07-04', '2025-05-07 17:13:52', '2025-05-07 17:13:52'),
(967, 20, 1047, '2006-09-25', '2025-05-07 17:13:52', '2025-05-07 17:13:52'),
(968, 58, 1144, '2008-03-27', '2025-05-07 17:13:52', '2025-05-07 17:13:52'),
(969, 58, 839, '2007-05-24', '2025-05-07 17:13:52', '2025-05-07 17:13:52'),
(970, 64, 1115, '2006-11-13', '2025-05-07 17:13:52', '2025-05-07 17:13:52'),
(971, 87, 1384, '2005-04-23', '2025-05-07 17:13:52', '2025-05-07 17:13:52'),
(972, 68, 1152, '2004-03-29', '2025-05-07 17:13:52', '2025-05-07 17:13:52'),
(973, 106, 969, '2005-03-27', '2025-05-07 17:13:52', '2025-05-07 17:13:52'),
(974, 46, 781, '2007-08-09', '2025-05-07 17:13:52', '2025-05-07 17:13:52'),
(975, 96, 960, '2009-03-25', '2025-05-07 17:13:52', '2025-05-07 17:13:52'),
(976, 63, 1014, '2005-07-18', '2025-05-07 17:13:52', '2025-05-07 17:13:52'),
(977, 85, 1309, '2006-05-26', '2025-05-07 17:13:52', '2025-05-07 17:13:52'),
(978, 70, 1456, '2008-03-17', '2025-05-07 17:13:52', '2025-05-07 17:13:52'),
(979, 91, 1382, '2006-05-09', '2025-05-07 17:13:52', '2025-05-07 17:13:52'),
(980, 36, 1052, '2006-11-27', '2025-05-07 17:13:52', '2025-05-07 17:13:52'),
(981, 24, 1185, '2005-06-05', '2025-05-07 17:13:52', '2025-05-07 17:13:52'),
(982, 37, 1115, '2006-09-09', '2025-05-07 17:13:52', '2025-05-07 17:13:52'),
(983, 101, 1250, '2004-09-14', '2025-05-07 17:13:52', '2025-05-07 17:13:52'),
(984, 85, 1245, '2004-07-13', '2025-05-07 17:13:52', '2025-05-07 17:13:52'),
(985, 82, 904, '2006-04-25', '2025-05-07 17:13:52', '2025-05-07 17:13:52'),
(986, 91, 1255, '2004-09-12', '2025-05-07 17:13:52', '2025-05-07 17:13:52'),
(987, 50, 1274, '2007-10-21', '2025-05-07 17:13:52', '2025-05-07 17:13:52'),
(988, 59, 1105, '2006-09-13', '2025-05-07 17:13:52', '2025-05-07 17:13:52'),
(989, 14, 936, '2005-03-29', '2025-05-07 17:13:52', '2025-05-07 17:13:52'),
(990, 28, 827, '2004-12-19', '2025-05-07 17:13:52', '2025-05-07 17:13:52'),
(991, 44, 1392, '2006-03-01', '2025-05-07 17:13:52', '2025-05-07 17:13:52'),
(992, 46, 1302, '2007-02-03', '2025-05-07 17:13:52', '2025-05-07 17:13:52'),
(993, 59, 711, '2008-11-12', '2025-05-07 17:13:52', '2025-05-07 17:13:52'),
(994, 91, 785, '2005-11-15', '2025-05-07 17:13:52', '2025-05-07 17:13:52'),
(995, 32, 1029, '2005-07-13', '2025-05-07 17:13:52', '2025-05-07 17:13:52'),
(996, 47, 1314, '2006-03-20', '2025-05-07 17:13:52', '2025-05-07 17:13:52'),
(997, 89, 1167, '2004-08-01', '2025-05-07 17:13:52', '2025-05-07 17:13:52'),
(998, 64, 785, '2005-09-11', '2025-05-07 17:13:52', '2025-05-07 17:13:52'),
(999, 28, 1272, '2008-09-01', '2025-05-07 17:13:52', '2025-05-07 17:13:52'),
(1000, 100, 1073, '2007-08-06', '2025-05-07 17:13:52', '2025-05-07 17:13:52'),
(1001, 55, 713, '2007-10-28', '2025-05-07 17:13:52', '2025-05-07 17:13:52'),
(1002, 79, 1184, '2008-11-27', '2025-05-07 17:13:52', '2025-05-07 17:13:52'),
(1003, 90, 760, '2005-07-17', '2025-05-07 17:13:52', '2025-05-07 17:13:52'),
(1004, 28, 1107, '2005-06-24', '2025-05-07 17:13:52', '2025-05-07 17:13:52'),
(1005, 51, 816, '2008-02-07', '2025-05-07 17:13:52', '2025-05-07 17:13:52'),
(1006, 89, 722, '2006-02-01', '2025-05-07 17:13:52', '2025-05-07 17:13:52'),
(1007, 17, 871, '2006-07-01', '2025-05-07 17:13:52', '2025-05-07 17:13:52'),
(1008, 45, 1239, '2007-04-22', '2025-05-07 17:13:52', '2025-05-07 17:13:52'),
(1009, 37, 1420, '2007-07-14', '2025-05-07 17:13:52', '2025-05-07 17:13:52'),
(1010, 89, 1002, '2006-08-07', '2025-05-07 17:13:52', '2025-05-07 17:13:52'),
(1011, 28, 1323, '2004-02-15', '2025-05-07 17:13:52', '2025-05-07 17:13:52'),
(1012, 12, 1077, '2004-12-22', '2025-05-07 17:13:52', '2025-05-07 17:13:52'),
(1013, 35, 926, '2005-04-02', '2025-05-07 17:13:52', '2025-05-07 17:13:52'),
(1014, 44, 1277, '2008-11-03', '2025-05-07 17:13:52', '2025-05-07 17:13:52'),
(1015, 6, 1372, '2005-08-26', '2025-05-07 17:13:52', '2025-05-07 17:13:52'),
(1016, 90, 824, '2007-05-30', '2025-05-07 17:13:52', '2025-05-07 17:13:52'),
(1017, 36, 887, '2008-12-02', '2025-05-07 17:13:52', '2025-05-07 17:13:52'),
(1018, 100, 742, '2006-06-03', '2025-05-07 17:13:52', '2025-05-07 17:13:52'),
(1019, 44, 1303, '2009-03-04', '2025-05-07 17:13:52', '2025-05-07 17:13:52'),
(1020, 5, 1105, '2006-05-06', '2025-05-07 17:13:52', '2025-05-07 17:13:52'),
(1021, 97, 1202, '2008-03-16', '2025-05-07 17:13:52', '2025-05-07 17:13:52'),
(1022, 101, 805, '2006-03-17', '2025-05-07 17:13:52', '2025-05-07 17:13:52'),
(1023, 19, 704, '2006-06-08', '2025-05-07 17:13:52', '2025-05-07 17:13:52'),
(1024, 65, 988, '2008-05-04', '2025-05-07 17:13:52', '2025-05-07 17:13:52'),
(1025, 72, 755, '2007-06-14', '2025-05-07 17:13:52', '2025-05-07 17:13:52'),
(1026, 50, 1198, '2006-10-24', '2025-05-07 17:13:52', '2025-05-07 17:13:52'),
(1027, 58, 1169, '2008-07-26', '2025-05-07 17:13:52', '2025-05-07 17:13:52'),
(1028, 59, 1207, '2008-01-09', '2025-05-07 17:13:52', '2025-05-07 17:13:52'),
(1029, 85, 940, '2008-11-22', '2025-05-07 17:13:52', '2025-05-07 17:13:52'),
(1030, 103, 1249, '2007-10-30', '2025-05-07 17:13:52', '2025-05-07 17:13:52'),
(1031, 75, 831, '2006-05-12', '2025-05-07 17:13:52', '2025-05-07 17:13:52'),
(1032, 47, 742, '2006-01-25', '2025-05-07 17:13:52', '2025-05-07 17:13:52'),
(1033, 97, 1113, '2006-01-03', '2025-05-07 17:13:52', '2025-05-07 17:13:52'),
(1034, 24, 1440, '2005-08-11', '2025-05-07 17:13:52', '2025-05-07 17:13:52'),
(1035, 72, 1455, '2006-02-16', '2025-05-07 17:13:52', '2025-05-07 17:13:52'),
(1036, 36, 722, '2005-09-24', '2025-05-07 17:13:52', '2025-05-07 17:13:52'),
(1037, 104, 1135, '2005-04-20', '2025-05-07 17:13:52', '2025-05-07 17:13:52'),
(1038, 98, 769, '2008-10-31', '2025-05-07 17:13:52', '2025-05-07 17:13:52'),
(1039, 51, 1325, '2008-06-18', '2025-05-07 17:13:52', '2025-05-07 17:13:52'),
(1040, 91, 1357, '2006-01-08', '2025-05-07 17:13:52', '2025-05-07 17:13:52'),
(1041, 5, 940, '2008-05-12', '2025-05-07 17:13:52', '2025-05-07 17:13:52'),
(1042, 9, 1421, '2004-03-25', '2025-05-07 17:13:52', '2025-05-07 17:13:52'),
(1043, 19, 755, '2007-02-04', '2025-05-07 17:13:52', '2025-05-07 17:13:52'),
(1044, 58, 1194, '2008-11-24', '2025-05-07 17:13:52', '2025-05-07 17:13:52'),
(1045, 92, 1153, '2006-07-02', '2025-05-07 17:13:52', '2025-05-07 17:13:52'),
(1046, 19, 1010, '2007-04-11', '2025-05-07 17:13:52', '2025-05-07 17:13:52'),
(1047, 101, 1060, '2006-05-22', '2025-05-07 17:13:52', '2025-05-07 17:13:52'),
(1048, 108, 1209, '2007-05-03', '2025-05-07 17:13:52', '2025-05-07 17:13:52'),
(1049, 12, 911, '2006-12-29', '2025-05-07 17:13:52', '2025-05-07 17:13:52'),
(1050, 104, 740, '2007-06-19', '2025-05-07 17:13:52', '2025-05-07 17:13:52'),
(1051, 37, 1370, '2006-11-15', '2025-05-07 17:13:52', '2025-05-07 17:13:52'),
(1052, 92, 1038, '2009-03-06', '2025-05-07 17:13:52', '2025-05-07 17:13:52'),
(1053, 72, 845, '2004-06-10', '2025-05-07 17:13:52', '2025-05-07 17:13:52'),
(1054, 46, 1492, '2005-05-28', '2025-05-07 17:13:52', '2025-05-07 17:13:52'),
(1055, 90, 1319, '2006-07-26', '2025-05-07 17:13:52', '2025-05-07 17:13:52'),
(1056, 19, 1340, '2008-06-13', '2025-05-07 17:13:52', '2025-05-07 17:13:52'),
(1057, 46, 755, '2007-04-10', '2025-05-07 17:13:52', '2025-05-07 17:13:52'),
(1058, 37, 823, '2007-01-20', '2025-05-07 17:13:52', '2025-05-07 17:13:52'),
(1059, 5, 889, '2007-09-13', '2025-05-07 17:13:52', '2025-05-07 17:13:52'),
(1060, 101, 1136, '2007-05-20', '2025-05-07 17:13:52', '2025-05-07 17:13:52'),
(1061, 91, 1281, '2005-01-11', '2025-05-07 17:13:52', '2025-05-07 17:13:52'),
(1062, 39, 898, '2005-12-18', '2025-05-07 17:13:52', '2025-05-07 17:13:52'),
(1063, 72, 705, '2006-10-15', '2025-05-07 17:13:52', '2025-05-07 17:13:52'),
(1064, 90, 1395, '2007-07-23', '2025-05-07 17:13:52', '2025-05-07 17:13:52'),
(1065, 100, 717, '2006-02-03', '2025-05-07 17:13:52', '2025-05-07 17:13:52'),
(1066, 101, 704, '2004-11-19', '2025-05-07 17:13:52', '2025-05-07 17:13:52'),
(1067, 46, 1416, '2004-05-31', '2025-05-07 17:13:52', '2025-05-07 17:13:52'),
(1068, 63, 1154, '2008-05-27', '2025-05-07 17:13:52', '2025-05-07 17:13:52'),
(1069, 17, 1392, '2005-12-26', '2025-05-07 17:13:52', '2025-05-07 17:13:52'),
(1070, 75, 945, '2008-11-20', '2025-05-07 17:13:52', '2025-05-07 17:13:52'),
(1071, 92, 1013, '2008-11-05', '2025-05-07 17:13:52', '2025-05-07 17:13:52'),
(1072, 50, 1008, '2008-06-30', '2025-05-07 17:13:52', '2025-05-07 17:13:52'),
(1073, 96, 1291, '2005-03-13', '2025-05-07 17:13:52', '2025-05-07 17:13:52'),
(1074, 72, 819, '2004-02-11', '2025-05-07 17:13:52', '2025-05-07 17:13:52'),
(1075, 101, 1009, '2005-09-23', '2025-05-07 17:13:52', '2025-05-07 17:13:52'),
(1076, 101, 1416, '2007-11-23', '2025-05-07 17:13:52', '2025-05-07 17:13:52'),
(1077, 101, 1480, '2004-07-21', '2025-05-07 17:13:52', '2025-05-07 17:13:52'),
(1078, 100, 984, '2005-05-25', '2025-05-07 17:13:52', '2025-05-07 17:13:52'),
(1079, 46, 1467, '2005-01-27', '2025-05-07 17:13:52', '2025-05-07 17:13:52'),
(1080, 36, 773, '2006-05-24', '2025-05-07 17:13:52', '2025-05-07 17:13:52'),
(1081, 92, 1242, '2008-09-12', '2025-05-07 17:13:52', '2025-05-07 17:13:52'),
(1082, 5, 914, '2008-01-12', '2025-05-07 17:13:52', '2025-05-07 17:13:52'),
(1083, 100, 1098, '2007-12-05', '2025-05-07 17:13:52', '2025-05-07 17:13:52'),
(1084, 96, 744, '2005-05-18', '2025-05-07 17:13:52', '2025-05-07 17:13:52'),
(1085, 91, 1090, '2006-09-18', '2025-05-07 17:13:52', '2025-05-07 17:13:52'),
(1086, 37, 925, '2008-05-17', '2025-05-07 17:13:52', '2025-05-07 17:13:52'),
(1087, 9, 1307, '2006-11-28', '2025-05-07 17:13:52', '2025-05-07 17:13:52'),
(1088, 63, 722, '2005-11-28', '2025-05-07 17:13:52', '2025-05-07 17:13:52'),
(1089, 63, 1408, '2008-08-02', '2025-05-07 17:13:52', '2025-05-07 17:13:52'),
(1090, 104, 1351, '2009-02-24', '2025-05-07 17:13:52', '2025-05-07 17:13:52'),
(1091, 19, 1086, '2008-04-08', '2025-05-07 17:13:52', '2025-05-07 17:13:52'),
(1092, 104, 931, '2005-10-12', '2025-05-07 17:13:52', '2025-05-07 17:13:52'),
(1093, 17, 1011, '2004-02-25', '2025-05-07 17:13:52', '2025-05-07 17:13:52'),
(1094, 104, 1071, '2008-08-21', '2025-05-07 17:13:52', '2025-05-07 17:13:52'),
(1095, 63, 1179, '2008-09-25', '2025-05-07 17:13:52', '2025-05-07 17:13:52'),
(1096, 104, 970, '2007-04-26', '2025-05-07 17:13:52', '2025-05-07 17:13:52'),
(1097, 39, 924, '2006-04-18', '2025-05-07 17:13:52', '2025-05-07 17:13:52'),
(1098, 39, 1127, '2005-10-25', '2025-05-07 17:13:52', '2025-05-07 17:13:52'),
(1099, 96, 1431, '2008-01-21', '2025-05-07 17:13:52', '2025-05-07 17:13:52'),
(1100, 96, 706, '2009-01-17', '2025-05-07 17:13:52', '2025-05-07 17:13:52'),
(1101, 96, 1482, '2008-09-19', '2025-05-07 17:13:52', '2025-05-07 17:13:52'),
(1102, 104, 1300, '2008-06-27', '2025-05-07 17:13:52', '2025-05-07 17:13:52'),
(1103, 96, 770, '2005-09-16', '2025-05-07 17:13:52', '2025-05-07 17:13:52'),
(1104, 96, 1406, '2007-09-22', '2025-05-07 17:13:52', '2025-05-07 17:13:52');

-- 
-- Dumping data for table sessions
--
-- Table rentals.sessions does not contain any data (it is empty)

-- 
-- Dumping data for table rentals
--
INSERT INTO rentals VALUES
(12, 12, 88, '2025-05-23', '2025-04-28', 'nulldas', '2025-05-07 17:13:52', '2025-05-07 21:11:12'),
(13, 541, 131, '2009-07-06', '2009-07-07', 'null', '2025-05-07 17:13:52', '2025-05-07 17:13:52'),
(14, 459, 30, '2009-07-06', '2009-07-12', 'null', '2025-05-07 17:13:52', '2025-05-07 17:13:52'),
(15, 730, NULL, '2009-07-06', '2009-07-07', 'null', '2025-05-07 17:13:52', '2025-05-07 17:13:52'),
(16, 851, 262, '2009-07-06', '2009-07-19', 'null', '2025-05-07 17:13:52', '2025-05-07 17:13:52'),
(17, 1007, 107, '2009-07-06', '2009-07-20', 'null', '2025-05-07 17:13:52', '2025-05-07 17:13:52'),
(18, 760, 65, '2009-07-06', '2009-07-09', 'null', '2025-05-07 17:13:52', '2025-05-07 17:13:52'),
(19, 2, 45, '2009-07-06', '2009-07-13', 'null', '2025-05-07 17:13:52', '2025-05-07 17:13:52'),
(20, 156, 239, '2009-07-06', '2009-07-09', 'null', '2025-05-07 17:13:52', '2025-05-07 17:13:52'),
(21, 678, 195, '2009-07-06', '2009-07-29', 'null', '2025-05-07 17:13:52', '2025-05-07 17:13:52'),
(22, 439, 181, '2009-07-06', '2009-07-07', 'null', '2025-05-07 17:13:52', '2025-05-07 17:13:52'),
(23, 507, 61, '2009-07-06', '2009-07-10', 'null', '2025-05-07 17:13:52', '2025-05-07 17:13:52'),
(24, 288, 130, '2009-07-06', '2009-07-18', 'null', '2025-05-07 17:13:52', '2025-05-07 17:13:52'),
(25, 896, 85, '2009-07-06', '2009-07-14', 'null', '2025-05-07 17:13:52', '2025-05-07 17:13:52'),
(26, 981, 199, '2009-07-06', '2009-07-09', 'null', '2025-05-07 17:13:52', '2025-05-07 17:13:52'),
(27, 670, 114, '2009-07-06', '2009-07-07', 'null', '2025-05-07 17:13:52', '2025-05-07 17:13:52'),
(28, 485, 178, '2009-07-06', '2009-07-13', 'null', '2025-05-07 17:13:52', '2025-05-07 17:13:52'),
(29, 471, 180, '2009-07-06', '2009-07-09', 'null', '2025-05-07 17:13:52', '2025-05-07 17:13:52'),
(30, 905, 40, '2009-07-06', '2009-07-08', 'null', '2025-05-07 17:13:52', '2025-05-07 17:13:52'),
(31, 999, 176, '2009-07-06', '2009-07-11', 'null', '2025-05-07 17:13:52', '2025-05-07 17:13:52'),
(32, 237, 147, '2009-07-06', '2009-07-12', 'null', '2025-05-07 17:13:52', '2025-05-07 17:13:52'),
(33, 442, 35, '2009-07-06', '2009-07-12', 'null', '2025-05-07 17:13:52', '2025-05-07 17:13:52'),
(34, 468, 244, '2009-07-06', '2009-07-12', 'null', '2025-05-07 17:13:52', '2025-05-07 17:13:52'),
(35, 724, 96, '2009-07-06', '2009-07-09', 'null', '2025-05-07 17:13:52', '2025-05-07 17:13:52'),
(36, 726, 164, '2009-07-06', '2009-07-22', 'null', '2025-05-07 17:13:53', '2025-05-07 17:13:53'),
(37, 529, 156, '2009-07-06', '2009-07-21', 'null', '2025-05-07 17:13:53', '2025-05-07 17:13:53'),
(38, 752, 157, '2009-07-06', '2009-07-31', 'null', '2025-05-07 17:13:53', '2025-05-07 17:13:53'),
(39, 1017, 79, '2009-07-06', '2009-07-11', 'null', '2025-05-07 17:13:53', '2025-05-07 17:13:53'),
(40, 59, 50, '2009-07-06', '2009-07-19', 'null', '2025-05-07 17:13:53', '2025-05-07 17:13:53'),
(41, 63, 141, '2009-07-06', '2009-08-03', 'null', '2025-05-07 17:13:53', '2025-05-07 17:13:53'),
(42, 192, 52, '2009-07-06', '2009-07-16', 'null', '2025-05-07 17:13:53', '2025-05-07 17:13:53'),
(43, 713, 32, '2009-07-06', '2009-07-26', 'null', '2025-05-07 17:13:53', '2025-05-07 17:13:53'),
(44, 127, 155, '2009-07-06', '2009-07-12', 'null', '2025-05-07 17:13:53', '2025-05-07 17:13:53'),
(45, 128, 112, '2009-07-06', '2009-07-22', 'null', '2025-05-07 17:13:53', '2025-05-07 17:13:53'),
(46, 100, 214, '2009-07-06', '2009-07-14', 'null', '2025-05-07 17:13:53', '2025-05-07 17:13:53'),
(47, 336, 215, '2009-07-06', '2009-07-14', 'null', '2025-05-07 17:13:53', '2025-05-07 17:13:53'),
(48, 489, 152, '2009-07-06', '2009-07-13', 'null', '2025-05-07 17:13:53', '2025-05-07 17:13:53'),
(49, 859, 156, '2009-07-06', '2009-07-26', 'null', '2025-05-07 17:13:53', '2025-05-07 17:13:53'),
(50, 699, 19, '2009-07-06', '2009-07-12', 'null', '2025-05-07 17:13:53', '2025-05-07 17:13:53'),
(51, 944, 115, '2009-07-06', '2009-07-09', 'null', '2025-05-07 17:13:53', '2025-05-07 17:13:53'),
(52, 992, 103, '2009-07-06', '2009-07-22', 'null', '2025-05-07 17:13:53', '2025-05-07 17:13:53'),
(53, 58, 196, '2009-07-06', '2009-07-13', 'null', '2025-05-07 17:13:53', '2025-05-07 17:13:53'),
(54, 445, 12, '2009-07-06', '2009-07-25', 'null', '2025-05-07 17:13:53', '2025-05-07 17:13:53'),
(55, 622, 93, '2009-07-06', '2009-08-02', 'null', '2025-05-07 17:13:53', '2025-05-07 17:13:53'),
(56, 919, 162, '2009-07-06', '2009-07-09', 'null', '2025-05-07 17:13:53', '2025-05-07 17:13:53'),
(57, 149, 47, '2009-07-06', '2009-07-27', 'null', '2025-05-07 17:13:53', '2025-05-07 17:13:53'),
(58, 878, 114, '2009-07-06', '2009-07-29', 'null', '2025-05-07 17:13:53', '2025-05-07 17:13:53'),
(59, 104, 262, '2009-07-06', '2009-07-30', 'null', '2025-05-07 17:13:53', '2025-05-07 17:13:53'),
(60, 444, 105, '2009-07-06', '2009-07-18', 'null', '2025-05-07 17:13:53', '2025-05-07 17:13:53'),
(61, 383, 78, '2009-07-06', '2009-07-19', 'null', '2025-05-07 17:13:53', '2025-05-07 17:13:53'),
(62, 461, 214, '2009-07-06', '2009-07-10', 'null', '2025-05-07 17:13:53', '2025-05-07 17:13:53'),
(63, 252, 264, '2009-07-06', '2009-07-26', 'null', '2025-05-07 17:13:53', '2025-05-07 17:13:53'),
(64, 328, 71, '2009-07-06', '2009-07-23', 'null', '2025-05-07 17:13:53', '2025-05-07 17:13:53'),
(65, 408, 80, '2009-07-06', '2009-07-13', 'null', '2025-05-07 17:13:53', '2025-05-07 17:13:53'),
(66, 153, 253, '2009-07-06', '2009-07-13', 'null', '2025-05-07 17:13:53', '2025-05-07 17:13:53'),
(67, 677, 50, '2009-07-06', '2009-07-28', 'null', '2025-05-07 17:13:53', '2025-05-07 17:13:53'),
(68, 774, 187, '2009-07-06', '2009-07-23', 'null', '2025-05-07 17:13:53', '2025-05-07 17:13:53'),
(69, 969, 241, '2009-07-06', '2009-07-11', 'null', '2025-05-07 17:13:53', '2025-05-07 17:13:53'),
(70, 757, 117, '2009-07-06', '2009-07-28', 'null', '2025-05-07 17:13:53', '2025-05-07 17:13:53'),
(71, 243, 56, '2009-07-06', '2009-07-10', 'null', '2025-05-07 17:13:53', '2025-05-07 17:13:53'),
(72, 332, 242, '2009-07-06', '2009-07-08', 'null', '2025-05-07 17:13:53', '2025-05-07 17:13:53'),
(73, 1088, 13, '2009-07-06', '2009-08-04', 'null', '2025-05-07 17:13:53', '2025-05-07 17:13:53'),
(74, 508, 123, '2009-07-06', '2009-08-02', 'null', '2025-05-07 17:13:53', '2025-05-07 17:13:53'),
(75, 516, 225, '2009-07-06', '2009-07-09', 'null', '2025-05-07 17:13:53', '2025-05-07 17:13:53'),
(76, 675, 98, '2009-07-06', '2009-07-07', 'null', '2025-05-07 17:13:53', '2025-05-07 17:13:53'),
(77, 514, 140, '2009-07-06', '2009-07-26', 'null', '2025-05-07 17:13:53', '2025-05-07 17:13:53'),
(78, 168, 50, '2009-07-06', '2009-07-26', 'null', '2025-05-07 17:13:53', '2025-05-07 17:13:53'),
(79, 1063, 162, '2009-07-06', '2009-07-12', 'null', '2025-05-07 17:13:53', '2025-05-07 17:13:53'),
(80, 141, 186, '2009-07-06', '2009-07-07', 'null', '2025-05-07 17:13:53', '2025-05-07 17:13:53'),
(81, 246, 96, '2009-07-06', '2009-07-07', 'null', '2025-05-07 17:13:53', '2025-05-07 17:13:53'),
(82, 146, 264, '2009-07-06', '2009-07-12', 'null', '2025-05-07 17:13:53', '2025-05-07 17:13:53'),
(83, 367, 245, '2009-07-06', '2009-07-24', 'null', '2025-05-07 17:13:53', '2025-05-07 17:13:53'),
(84, 961, 202, '2009-07-06', '2009-08-03', 'null', '2025-05-07 17:13:53', '2025-05-07 17:13:53'),
(85, 1070, 132, '2009-07-06', '2009-07-25', 'null', '2025-05-07 17:13:53', '2025-05-07 17:13:53'),
(86, 586, 6, '2009-07-06', '2009-07-20', 'null', '2025-05-07 17:13:53', '2025-05-07 17:13:53'),
(87, 813, 18, '2009-07-06', '2009-07-30', 'null', '2025-05-07 17:13:53', '2025-05-07 17:13:53'),
(88, 473, 214, '2009-07-06', '2009-07-15', 'null', '2025-05-07 17:13:53', '2025-05-07 17:13:53'),
(89, 194, 199, '2009-07-06', '2009-07-09', 'null', '2025-05-07 17:13:53', '2025-05-07 17:13:53'),
(90, 337, 251, '2009-07-06', '2009-07-12', 'null', '2025-05-07 17:13:53', '2025-05-07 17:13:53'),
(91, 90, 120, '2009-07-06', '2009-07-13', 'null', '2025-05-07 17:13:53', '2025-05-07 17:13:53'),
(92, 742, 54, '2009-07-06', '2009-07-08', 'null', '2025-05-07 17:13:53', '2025-05-07 17:13:53'),
(93, 524, 2, '2009-07-06', '2009-07-14', 'null', '2025-05-07 17:13:53', '2025-05-07 17:13:53'),
(94, 609, 21, '2009-07-06', '2009-07-14', 'null', '2025-05-07 17:13:53', '2025-05-07 17:13:53'),
(95, 122, 160, '2009-07-06', '2009-07-08', 'null', '2025-05-07 17:13:53', '2025-05-07 17:13:53'),
(96, 725, 92, '2009-07-06', '2009-07-10', 'null', '2025-05-07 17:13:53', '2025-05-07 17:13:53'),
(97, 783, 72, '2009-07-06', '2009-07-29', 'null', '2025-05-07 17:13:53', '2025-05-07 17:13:53'),
(98, 787, 218, '2009-07-06', '2009-07-11', 'null', '2025-05-07 17:13:53', '2025-05-07 17:13:53'),
(99, 1003, 106, '2009-07-06', '2009-07-18', 'null', '2025-05-07 17:13:53', '2025-05-07 17:13:53'),
(100, 1085, 104, '2009-07-06', '2009-07-13', 'null', '2025-05-07 17:13:53', '2025-05-07 17:13:53'),
(101, 196, 18, '2009-07-06', '2009-07-16', 'null', '2025-05-07 17:13:53', '2025-05-07 17:13:53'),
(102, 732, 252, '2009-07-06', '2009-07-07', 'null', '2025-05-07 17:13:53', '2025-05-07 17:13:53'),
(103, 18, 213, '2009-07-06', '2009-07-31', 'null', '2025-05-07 17:13:53', '2025-05-07 17:13:53'),
(104, 140, 267, '2009-07-06', '2009-07-08', 'null', '2025-05-07 17:13:53', '2025-05-07 17:13:53'),
(105, 33, 116, '2009-07-06', '2009-07-18', 'null', '2025-05-07 17:13:53', '2025-05-07 17:13:53'),
(106, 218, 33, '2009-07-06', '2009-07-26', 'null', '2025-05-07 17:13:53', '2025-05-07 17:13:53'),
(107, 889, 237, '2009-07-06', '2009-07-20', 'null', '2025-05-07 17:13:53', '2025-05-07 17:13:53'),
(108, 107, 117, '2009-07-06', '2009-07-10', 'null', '2025-05-07 17:13:53', '2025-05-07 17:13:53'),
(109, 431, 83, '2009-07-06', '2009-07-11', 'null', '2025-05-07 17:13:53', '2025-05-07 17:13:53'),
(110, 912, 72, '2009-07-06', '2009-07-11', 'null', '2025-05-07 17:13:53', '2025-05-07 17:13:53'),
(111, 1033, 51, '2009-07-06', '2009-07-29', 'null', '2025-05-07 17:13:53', '2025-05-07 17:13:53'),
(112, 1038, 115, '2009-07-06', '2009-07-08', 'null', '2025-05-07 17:13:53', '2025-05-07 17:13:53'),
(113, 66, 81, '2009-07-06', '2009-07-08', 'null', '2025-05-07 17:13:53', '2025-05-07 17:13:53'),
(114, 575, 180, '2009-07-06', '2009-07-08', 'null', '2025-05-07 17:13:53', '2025-05-07 17:13:53'),
(115, 544, 47, '2009-07-06', '2009-07-11', 'null', '2025-05-07 17:13:53', '2025-05-07 17:13:53'),
(116, 814, 32, '2009-07-06', '2009-07-26', 'null', '2025-05-07 17:13:53', '2025-05-07 17:13:53'),
(117, 983, 55, '2009-07-06', '2009-07-22', 'null', '2025-05-07 17:13:53', '2025-05-07 17:13:53'),
(118, 1022, 69, '2009-07-06', '2009-07-11', 'null', '2025-05-07 17:13:53', '2025-05-07 17:13:53'),
(119, 654, 175, '2009-07-06', '2009-07-07', 'null', '2025-05-07 17:13:53', '2025-05-07 17:13:53'),
(120, 935, 262, '2009-07-06', '2009-07-19', 'null', '2025-05-07 17:13:53', '2025-05-07 17:13:53'),
(121, 966, 173, '2009-07-06', '2009-07-14', 'null', '2025-05-07 17:13:53', '2025-05-07 17:13:53'),
(122, 1037, 115, '2009-07-06', '2009-07-09', 'null', '2025-05-07 17:13:53', '2025-05-07 17:13:53'),
(123, 137, 45, '2009-07-06', '2009-07-09', 'null', '2025-05-07 17:13:53', '2025-05-07 17:13:53'),
(124, 162, 132, '2009-07-06', '2009-07-09', 'null', '2025-05-07 17:13:53', '2025-05-07 17:13:53'),
(125, 499, 182, '2009-07-06', '2009-07-13', 'null', '2025-05-07 17:13:53', '2025-05-07 17:13:53'),
(126, 528, 155, '2009-07-06', '2009-07-09', 'null', '2025-05-07 17:13:53', '2025-05-07 17:13:53'),
(127, 679, 161, '2009-07-06', '2009-07-08', 'null', '2025-05-07 17:13:53', '2025-05-07 17:13:53'),
(128, 786, 115, '2009-07-07', '2009-07-13', 'null', '2025-05-07 17:13:53', '2025-05-07 17:13:53'),
(129, 597, 109, '2009-07-07', '2009-07-16', 'null', '2025-05-07 17:13:53', '2025-05-07 17:13:53'),
(130, 343, 262, '2009-07-07', '2009-07-29', 'null', '2025-05-07 17:13:53', '2025-05-07 17:13:53'),
(131, 602, 153, '2009-07-07', '2009-07-18', 'null', '2025-05-07 17:13:53', '2025-05-07 17:13:53'),
(132, 512, 93, '2009-07-07', '2009-07-25', 'null', '2025-05-07 17:13:53', '2025-05-07 17:13:53'),
(133, 755, 176, '2009-07-07', '2009-07-30', 'null', '2025-05-07 17:13:53', '2025-05-07 17:13:53'),
(134, 413, 56, '2009-07-07', '2009-07-16', 'null', '2025-05-07 17:13:53', '2025-05-07 17:13:53'),
(135, 1049, 131, '2009-07-07', '2009-07-13', 'null', '2025-05-07 17:13:53', '2025-05-07 17:13:53'),
(136, 587, 168, '2009-07-07', '2009-07-28', 'null', '2025-05-07 17:13:53', '2025-05-07 17:13:53'),
(137, 598, 137, '2009-07-07', '2009-07-15', 'null', '2025-05-07 17:13:53', '2025-05-07 17:13:53'),
(138, 664, 65, '2009-07-07', '2009-07-18', 'null', '2025-05-07 17:13:53', '2025-05-07 17:13:53'),
(139, 653, 167, '2009-07-07', '2009-08-01', 'null', '2025-05-07 17:13:53', '2025-05-07 17:13:53'),
(140, 211, 192, '2009-07-07', '2009-07-09', 'null', '2025-05-07 17:13:53', '2025-05-07 17:13:53'),
(141, 290, 238, '2009-07-07', '2009-07-22', 'null', '2025-05-07 17:13:53', '2025-05-07 17:13:53'),
(142, 691, 211, '2009-07-07', '2009-07-10', 'null', '2025-05-07 17:13:53', '2025-05-07 17:13:53'),
(143, 770, 82, '2009-07-07', '2009-07-11', 'null', '2025-05-07 17:13:53', '2025-05-07 17:13:53'),
(144, 29, 217, '2009-07-07', '2009-07-13', 'null', '2025-05-07 17:13:53', '2025-05-07 17:13:53'),
(145, 85, 151, '2009-07-07', '2009-07-11', 'null', '2025-05-07 17:13:53', '2025-05-07 17:13:53'),
(146, 112, 109, '2009-07-07', '2009-07-08', 'null', '2025-05-07 17:13:53', '2025-05-07 17:13:53'),
(147, 222, 244, '2009-07-07', '2009-07-14', 'null', '2025-05-07 17:13:53', '2025-05-07 17:13:53'),
(148, 121, 100, '2009-07-07', '2009-07-10', 'null', '2025-05-07 17:13:53', '2025-05-07 17:13:53'),
(149, 603, 217, '2009-07-07', '2009-07-13', 'null', '2025-05-07 17:13:53', '2025-05-07 17:13:53'),
(150, 548, 53, '2009-07-07', '2009-07-09', 'null', '2025-05-07 17:13:53', '2025-05-07 17:13:53'),
(151, 626, 263, '2009-07-07', '2009-07-13', 'null', '2025-05-07 17:13:53', '2025-05-07 17:13:53'),
(152, 31, 61, '2009-07-07', '2009-07-08', 'null', '2025-05-07 17:13:53', '2025-05-07 17:13:53'),
(153, 867, 80, '2009-07-07', '2009-07-10', 'null', '2025-05-07 17:13:53', '2025-05-07 17:13:53'),
(154, 213, 126, '2009-07-07', '2009-08-01', 'null', '2025-05-07 17:13:53', '2025-05-07 17:13:53'),
(155, 551, 123, '2009-07-07', '2009-07-14', 'null', '2025-05-07 17:13:53', '2025-05-07 17:13:53'),
(156, 957, 190, '2009-07-07', '2009-07-09', 'null', '2025-05-07 17:13:53', '2025-05-07 17:13:53'),
(157, 299, 146, '2009-07-07', '2009-07-24', 'null', '2025-05-07 17:13:53', '2025-05-07 17:13:53'),
(158, 452, 185, '2009-07-07', '2009-07-14', 'null', '2025-05-07 17:13:53', '2025-05-07 17:13:53'),
(159, 369, 153, '2009-07-07', '2009-08-03', 'null', '2025-05-07 17:13:53', '2025-05-07 17:13:53'),
(160, 613, 75, '2009-07-07', '2009-08-02', 'null', '2025-05-07 17:13:53', '2025-05-07 17:13:53'),
(161, 615, 91, '2009-07-07', '2009-07-22', 'null', '2025-05-07 17:13:53', '2025-05-07 17:13:53'),
(162, 346, 99, '2009-07-07', '2009-07-13', 'null', '2025-05-07 17:13:53', '2025-05-07 17:13:53'),
(163, 276, 140, '2009-07-07', '2009-07-13', 'null', '2025-05-07 17:13:53', '2025-05-07 17:13:53'),
(164, 806, 89, '2009-07-07', '2009-07-13', 'null', '2025-05-07 17:13:53', '2025-05-07 17:13:53'),
(165, 766, 162, '2009-07-07', '2009-07-31', 'null', '2025-05-07 17:13:53', '2025-05-07 17:13:53'),
(166, 769, 56, '2009-07-07', '2009-07-09', 'null', '2025-05-07 17:13:53', '2025-05-07 17:13:53'),
(167, 776, 215, '2009-07-07', '2009-07-13', 'null', '2025-05-07 17:13:53', '2025-05-07 17:13:53'),
(168, 384, 142, '2009-07-07', '2009-08-05', 'null', '2025-05-07 17:13:53', '2025-05-07 17:13:53'),
(169, 221, 16, '2009-07-07', '2009-07-24', 'null', '2025-05-07 17:13:53', '2025-05-07 17:13:53'),
(170, 517, 211, '2009-07-07', '2009-07-14', 'null', '2025-05-07 17:13:53', '2025-05-07 17:13:53'),
(171, 562, 63, '2009-07-07', '2009-07-26', 'null', '2025-05-07 17:13:53', '2025-05-07 17:13:53'),
(172, 743, 168, '2009-07-07', '2009-07-18', 'null', '2025-05-07 17:13:53', '2025-05-07 17:13:53'),
(173, 1098, 209, '2009-07-07', '2009-07-13', 'null', '2025-05-07 17:13:53', '2025-05-07 17:13:53'),
(174, 353, 99, '2009-07-07', '2009-08-05', 'null', '2025-05-07 17:13:53', '2025-05-07 17:13:53'),
(175, 249, 180, '2009-07-07', '2009-07-08', 'null', '2025-05-07 17:13:53', '2025-05-07 17:13:53'),
(176, 546, 66, '2009-07-07', '2009-07-30', 'null', '2025-05-07 17:13:53', '2025-05-07 17:13:53'),
(177, 275, 220, '2009-07-07', '2009-08-01', 'null', '2025-05-07 17:13:53', '2025-05-07 17:13:53'),
(178, 45, 238, '2009-07-07', '2009-07-22', 'null', '2025-05-07 17:13:53', '2025-05-07 17:13:53'),
(179, 351, 217, '2009-07-07', '2009-08-03', 'null', '2025-05-07 17:13:53', '2025-05-07 17:13:53'),
(180, 672, 139, '2009-07-07', '2009-07-09', 'null', '2025-05-07 17:13:53', '2025-05-07 17:13:53'),
(181, 68, 204, '2009-07-07', '2009-07-20', 'null', '2025-05-07 17:13:53', '2025-05-07 17:13:53'),
(182, 232, 106, '2009-07-07', '2009-07-16', 'null', '2025-05-07 17:13:53', '2025-05-07 17:13:53'),
(183, 5, 21, '2009-07-07', '2009-07-10', 'null', '2025-05-07 17:13:53', '2025-05-07 17:13:53'),
(184, 13, 157, '2009-07-07', '2009-07-11', 'null', '2025-05-07 17:13:53', '2025-05-07 17:13:53'),
(185, 483, 154, '2009-07-07', '2009-07-09', 'null', '2025-05-07 17:13:53', '2025-05-07 17:13:53'),
(186, 278, 56, '2009-07-07', '2009-07-29', 'null', '2025-05-07 17:13:53', '2025-05-07 17:13:53'),
(187, 151, 203, '2009-07-07', '2009-08-03', 'null', '2025-05-07 17:13:53', '2025-05-07 17:13:53'),
(188, 348, 252, '2009-07-07', '2009-07-25', 'null', '2025-05-07 17:13:53', '2025-05-07 17:13:53'),
(189, 599, 49, '2009-07-07', '2009-07-15', 'null', '2025-05-07 17:13:53', '2025-05-07 17:13:53'),
(190, 61, 72, '2009-07-07', '2009-07-10', 'null', '2025-05-07 17:13:53', '2025-05-07 17:13:53'),
(191, 707, 248, '2009-07-07', '2009-07-10', 'null', '2025-05-07 17:13:53', '2025-05-07 17:13:53'),
(192, 434, 206, '2009-07-07', '2009-07-13', 'null', '2025-05-07 17:13:53', '2025-05-07 17:13:53'),
(193, 282, 164, '2009-07-07', '2009-07-21', 'null', '2025-05-07 17:13:53', '2025-05-07 17:13:53'),
(194, 404, 9, '2009-07-07', '2009-07-23', 'null', '2025-05-07 17:13:53', '2025-05-07 17:13:53'),
(195, 898, 265, '2009-07-07', '2009-07-08', 'null', '2025-05-07 17:13:53', '2025-05-07 17:13:53'),
(196, 115, 62, '2009-07-07', '2009-07-16', 'null', '2025-05-07 17:13:53', '2025-05-07 17:13:53'),
(197, 580, 240, '2009-07-07', '2009-07-09', 'null', '2025-05-07 17:13:53', '2025-05-07 17:13:53'),
(198, 272, 45, '2009-07-07', '2009-07-13', 'null', '2025-05-07 17:13:53', '2025-05-07 17:13:53'),
(199, 618, 197, '2009-07-07', '2009-07-18', 'null', '2025-05-07 17:13:53', '2025-05-07 17:13:53'),
(200, 600, 140, '2009-07-07', '2009-07-08', 'null', '2025-05-07 17:13:53', '2025-05-07 17:13:53'),
(201, 449, 38, '2009-07-07', '2009-07-30', 'null', '2025-05-07 17:13:53', '2025-05-07 17:13:53'),
(202, 631, 84, '2009-07-07', '2009-07-08', 'null', '2025-05-07 17:13:53', '2025-05-07 17:13:53'),
(203, 400, 30, '2009-07-07', '2009-07-18', 'null', '2025-05-07 17:13:53', '2025-05-07 17:13:53'),
(204, 768, 248, '2009-07-07', '2009-07-18', 'null', '2025-05-07 17:13:53', '2025-05-07 17:13:53'),
(205, 913, 66, '2009-07-07', '2009-07-30', 'null', '2025-05-07 17:13:53', '2025-05-07 17:13:53'),
(206, 563, 265, '2009-07-07', '2009-07-11', 'null', '2025-05-07 17:13:53', '2025-05-07 17:13:53'),
(207, 828, 165, '2009-07-07', '2009-07-30', 'null', '2025-05-07 17:13:53', '2025-05-07 17:13:53'),
(208, 201, NULL, '2009-07-07', '2009-07-09', 'null', '2025-05-07 17:13:53', '2025-05-07 17:13:53'),
(209, 866, 143, '2009-07-07', '2009-07-13', 'null', '2025-05-07 17:13:53', '2025-05-07 17:13:53'),
(210, 916, 141, '2009-07-07', '2009-07-22', 'null', '2025-05-07 17:13:53', '2025-05-07 17:13:53'),
(211, 801, 241, '2009-07-07', '2009-07-28', 'null', '2025-05-07 17:13:53', '2025-05-07 17:13:53'),
(212, 438, 58, '2009-07-07', '2009-07-29', 'null', '2025-05-07 17:13:53', '2025-05-07 17:13:53'),
(213, 942, 207, '2009-07-07', '2009-08-05', 'null', '2025-05-07 17:13:53', '2025-05-07 17:13:53'),
(214, 198, 251, '2009-07-07', '2009-07-08', 'null', '2025-05-07 17:13:53', '2025-05-07 17:13:53'),
(215, 465, 186, '2009-07-07', '2009-07-10', 'null', '2025-05-07 17:13:53', '2025-05-07 17:13:53'),
(216, 300, 262, '2009-07-07', '2009-07-29', 'null', '2025-05-07 17:13:53', '2025-05-07 17:13:53'),
(217, 798, 237, '2009-07-07', '2009-07-31', 'null', '2025-05-07 17:13:53', '2025-05-07 17:13:53'),
(218, 490, 43, '2009-07-07', '2009-07-13', 'null', '2025-05-07 17:13:53', '2025-05-07 17:13:53'),
(219, 16, 136, '2009-07-07', '2009-07-17', 'null', '2025-05-07 17:13:53', '2025-05-07 17:13:53'),
(220, 830, 246, '2009-07-07', '2009-07-20', 'null', '2025-05-07 17:13:53', '2025-05-07 17:13:53'),
(221, 1029, 148, '2009-07-07', '2009-07-08', 'null', '2025-05-07 17:13:53', '2025-05-07 17:13:53'),
(222, 737, 123, '2009-07-07', '2009-07-14', 'null', '2025-05-07 17:13:53', '2025-05-07 17:13:53'),
(223, 714, 197, '2009-07-07', '2009-08-03', 'null', '2025-05-07 17:13:53', '2025-05-07 17:13:53'),
(224, 229, 140, '2009-07-07', '2009-07-27', 'null', '2025-05-07 17:13:53', '2025-05-07 17:13:53'),
(225, 994, 259, '2009-07-07', '2009-08-01', 'null', '2025-05-07 17:13:53', '2025-05-07 17:13:53'),
(226, 197, 142, '2009-07-07', '2009-07-21', 'null', '2025-05-07 17:13:53', '2025-05-07 17:13:53'),
(227, 447, 150, '2009-07-07', '2009-07-10', 'null', '2025-05-07 17:13:53', '2025-05-07 17:13:53'),
(228, 450, 155, '2009-07-07', '2009-07-08', 'null', '2025-05-07 17:13:53', '2025-05-07 17:13:53'),
(229, 294, 173, '2009-07-07', '2009-07-20', 'null', '2025-05-07 17:13:53', '2025-05-07 17:13:53'),
(230, 651, 3, '2009-07-07', '2009-08-03', 'null', '2025-05-07 17:13:53', '2025-05-07 17:13:53'),
(231, 1103, 89, '2009-07-07', '2009-07-22', 'null', '2025-05-07 17:13:53', '2025-05-07 17:13:53'),
(232, 728, 121, '2009-07-07', '2009-07-12', 'null', '2025-05-07 17:13:53', '2025-05-07 17:13:53'),
(233, 642, 140, '2009-07-07', '2009-07-08', 'null', '2025-05-07 17:13:53', '2025-05-07 17:13:53'),
(234, 965, 12, '2009-07-07', '2009-07-09', 'null', '2025-05-07 17:13:53', '2025-05-07 17:13:53'),
(235, 150, 91, '2009-07-07', '2009-07-12', 'null', '2025-05-07 17:13:53', '2025-05-07 17:13:53'),
(236, 537, 153, '2009-07-07', '2009-07-08', 'null', '2025-05-07 17:13:53', '2025-05-07 17:13:53'),
(237, 668, 137, '2009-07-07', '2009-07-31', 'null', '2025-05-07 17:13:53', '2025-05-07 17:13:53'),
(238, 1083, 53, '2009-07-07', '2009-08-02', 'null', '2025-05-07 17:13:53', '2025-05-07 17:13:53'),
(239, 368, 102, '2009-07-07', '2009-07-09', 'null', '2025-05-07 17:13:53', '2025-05-07 17:13:53'),
(240, 543, 41, '2009-07-07', '2009-08-05', 'null', '2025-05-07 17:13:53', '2025-05-07 17:13:53'),
(241, 259, 174, '2009-07-07', '2009-07-20', 'null', '2025-05-07 17:13:53', '2025-05-07 17:13:53'),
(242, 475, 143, '2009-07-07', '2009-07-13', 'null', '2025-05-07 17:13:53', '2025-05-07 17:13:53'),
(243, 1096, 117, '2009-07-07', '2009-07-28', 'null', '2025-05-07 17:13:53', '2025-05-07 17:13:53'),
(244, 754, 139, '2009-07-07', '2009-07-24', 'null', '2025-05-07 17:13:53', '2025-05-07 17:13:53'),
(245, 937, 241, '2009-07-07', '2009-08-02', 'null', '2025-05-07 17:13:53', '2025-05-07 17:13:53'),
(246, 160, 267, '2009-07-07', '2009-07-29', 'null', '2025-05-07 17:13:53', '2025-05-07 17:13:53'),
(247, 164, 255, '2009-07-07', '2009-07-08', 'null', '2025-05-07 17:13:53', '2025-05-07 17:13:53'),
(248, 639, 206, '2009-07-07', '2009-07-11', 'null', '2025-05-07 17:13:53', '2025-05-07 17:13:53'),
(249, 14, 206, '2009-07-08', '2009-07-09', 'null', '2025-05-07 17:13:53', '2025-05-07 17:13:53'),
(250, 330, 182, '2009-07-08', '2009-07-25', 'null', '2025-05-07 17:13:53', '2025-05-07 17:13:53'),
(251, 482, 192, '2009-07-08', '2009-07-30', 'null', '2025-05-07 17:13:53', '2025-05-07 17:13:53'),
(252, 244, 39, '2009-07-08', '2009-07-09', 'null', '2025-05-07 17:13:53', '2025-05-07 17:13:53'),
(253, 495, 161, '2009-07-08', '2009-08-03', 'null', '2025-05-07 17:13:53', '2025-05-07 17:13:53'),
(254, 627, 100, '2009-07-08', '2009-07-12', 'null', '2025-05-07 17:13:53', '2025-05-07 17:13:53'),
(255, 491, 119, '2009-07-08', '2009-08-06', 'null', '2025-05-07 17:13:53', '2025-05-07 17:13:53'),
(256, 619, 186, '2009-07-08', '2009-07-21', 'null', '2025-05-07 17:13:53', '2025-05-07 17:13:53'),
(257, 531, 14, '2009-07-08', '2009-07-26', 'null', '2025-05-07 17:13:53', '2025-05-07 17:13:53'),
(258, 552, 191, '2009-07-08', '2009-07-14', 'null', '2025-05-07 17:13:53', '2025-05-07 17:13:53'),
(259, 538, 179, '2009-07-08', '2009-07-31', 'null', '2025-05-07 17:13:53', '2025-05-07 17:13:53'),
(260, 836, 34, '2009-07-08', '2009-07-11', 'null', '2025-05-07 17:13:53', '2025-05-07 17:13:53'),
(261, 864, 102, '2009-07-08', '2009-07-09', 'null', '2025-05-07 17:13:53', '2025-05-07 17:13:53'),
(262, 929, 86, '2009-07-08', '2009-08-05', 'null', '2025-05-07 17:13:53', '2025-05-07 17:13:53'),
(263, 395, 70, '2009-07-08', '2009-07-13', 'null', '2025-05-07 17:13:53', '2025-05-07 17:13:53'),
(264, 567, 41, '2009-07-08', '2009-08-05', 'null', '2025-05-07 17:13:53', '2025-05-07 17:13:53'),
(265, 30, 217, '2009-07-08', '2009-08-04', 'null', '2025-05-07 17:13:53', '2025-05-07 17:13:53'),
(266, 409, 91, '2009-07-08', '2009-07-09', 'null', '2025-05-07 17:13:53', '2025-05-07 17:13:53'),
(267, 454, 192, '2009-07-08', '2009-07-18', 'null', '2025-05-07 17:13:53', '2025-05-07 17:13:53'),
(268, 883, 54, '2009-07-08', '2009-07-10', 'null', '2025-05-07 17:13:53', '2025-05-07 17:13:53'),
(269, 76, 64, '2009-07-08', '2009-07-22', 'null', '2025-05-07 17:13:53', '2025-05-07 17:13:53'),
(270, 764, 216, '2009-07-08', '2009-07-22', 'null', '2025-05-07 17:13:53', '2025-05-07 17:13:53'),
(271, 858, 150, '2009-07-08', '2009-08-03', 'null', '2025-05-07 17:13:53', '2025-05-07 17:13:53'),
(272, 138, 200, '2009-07-08', '2009-07-09', 'null', '2025-05-07 17:13:53', '2025-05-07 17:13:53'),
(273, 380, 75, '2009-07-08', '2009-07-14', 'null', '2025-05-07 17:13:53', '2025-05-07 17:13:53'),
(274, 423, 211, '2009-07-08', '2009-07-13', 'null', '2025-05-07 17:13:53', '2025-05-07 17:13:53'),
(275, 890, 264, '2009-07-08', '2009-08-02', 'null', '2025-05-07 17:13:53', '2025-05-07 17:13:53'),
(276, 870, 147, '2009-07-08', '2009-07-19', 'null', '2025-05-07 17:13:53', '2025-05-07 17:13:53'),
(277, 692, 55, '2009-07-08', '2009-07-13', 'null', '2025-05-07 17:13:53', '2025-05-07 17:13:53'),
(278, 816, 177, '2009-07-08', '2009-08-06', 'null', '2025-05-07 17:13:53', '2025-05-07 17:13:53'),
(279, 730, 233, '2009-07-08', '2009-07-30', 'null', '2025-05-07 17:13:53', '2025-05-07 17:13:53'),
(280, 235, 231, '2009-07-08', '2009-07-21', 'null', '2025-05-07 17:13:53', '2025-05-07 17:13:53'),
(281, 182, 18, '2009-07-08', '2009-07-22', 'null', '2025-05-07 17:13:53', '2025-05-07 17:13:53'),
(282, 464, 145, '2009-07-08', '2009-07-31', 'null', '2025-05-07 17:13:53', '2025-05-07 17:13:53'),
(283, 401, 180, '2009-07-08', '2009-08-01', 'null', '2025-05-07 17:13:53', '2025-05-07 17:13:53'),
(284, 462, 190, '2009-07-08', '2009-07-14', 'null', '2025-05-07 17:13:53', '2025-05-07 17:13:53'),
(285, 938, 247, '2009-07-08', '2009-07-16', 'null', '2025-05-07 17:13:53', '2025-05-07 17:13:53'),
(286, 203, 75, '2009-07-08', '2009-07-27', 'null', '2025-05-07 17:13:53', '2025-05-07 17:13:53'),
(287, 862, 60, '2009-07-08', '2009-07-10', 'null', '2025-05-07 17:13:53', '2025-05-07 17:13:53'),
(288, 497, 4, '2009-07-08', '2009-07-22', 'null', '2025-05-07 17:13:53', '2025-05-07 17:13:53'),
(289, 519, 185, '2009-07-08', '2009-08-02', 'null', '2025-05-07 17:13:53', '2025-05-07 17:13:53'),
(290, 705, 190, '2009-07-08', '2009-07-13', 'null', '2025-05-07 17:13:53', '2025-05-07 17:13:53'),
(291, 947, 55, '2009-07-08', '2009-07-22', 'null', '2025-05-07 17:13:53', '2025-05-07 17:13:53'),
(292, 582, 39, '2009-07-08', '2009-07-13', 'null', '2025-05-07 17:13:53', '2025-05-07 17:13:53'),
(293, 844, 29, '2009-07-08', '2009-07-30', 'null', '2025-05-07 17:13:53', '2025-05-07 17:13:53'),
(294, 472, 150, '2009-07-08', '2009-07-09', 'null', '2025-05-07 17:13:53', '2025-05-07 17:13:53'),
(295, 48, 232, '2009-07-08', '2009-07-10', 'null', '2025-05-07 17:13:53', '2025-05-07 17:13:53'),
(296, 649, 228, '2009-07-08', '2009-07-13', 'null', '2025-05-07 17:13:53', '2025-05-07 17:13:53'),
(297, 847, 216, '2009-07-08', '2009-07-27', 'null', '2025-05-07 17:13:53', '2025-05-07 17:13:53'),
(298, 905, 206, '2009-07-08', '2009-07-20', 'null', '2025-05-07 17:13:53', '2025-05-07 17:13:53'),
(299, 566, 14, '2009-07-08', '2009-07-11', 'null', '2025-05-07 17:13:53', '2025-05-07 17:13:53'),
(300, 788, 40, '2009-07-08', '2009-07-28', 'null', '2025-05-07 17:13:53', '2025-05-07 17:13:53'),
(301, 800, 94, '2009-07-08', '2009-07-19', 'null', '2025-05-07 17:13:53', '2025-05-07 17:13:53'),
(302, 683, 136, '2009-07-08', '2009-07-15', 'null', '2025-05-07 17:13:53', '2025-05-07 17:13:53'),
(303, 166, 57, '2009-07-08', '2009-07-15', 'null', '2025-05-07 17:13:53', '2025-05-07 17:13:53'),
(304, 940, 264, '2009-07-08', '2009-07-09', 'null', '2025-05-07 17:13:53', '2025-05-07 17:13:53'),
(305, 1080, 193, '2009-07-08', '2009-08-06', 'null', '2025-05-07 17:13:53', '2025-05-07 17:13:53'),
(306, 652, 83, '2009-07-08', '2009-07-13', 'null', '2025-05-07 17:13:53', '2025-05-07 17:13:53'),
(307, 1051, 139, '2009-07-08', '2009-07-14', 'null', '2025-05-07 17:13:53', '2025-05-07 17:13:53'),
(308, 741, 68, '2009-07-08', '2009-07-23', 'null', '2025-05-07 17:13:53', '2025-05-07 17:13:53'),
(309, 834, 16, '2009-07-08', '2009-07-19', 'null', '2025-05-07 17:13:53', '2025-05-07 17:13:53'),
(310, 951, 256, '2009-07-08', '2009-07-13', 'null', '2025-05-07 17:13:53', '2025-05-07 17:13:53'),
(311, 1097, 39, '2009-07-08', '2009-07-18', 'null', '2025-05-07 17:13:53', '2025-05-07 17:13:53'),
(312, 565, 256, '2009-07-08', '2009-07-10', 'null', '2025-05-07 17:13:53', '2025-05-07 17:13:53'),
(313, 659, 68, '2009-07-08', '2009-07-10', 'null', '2025-05-07 17:13:53', '2025-05-07 17:13:53'),
(314, 25, 172, '2009-07-08', '2009-07-10', 'null', '2025-05-07 17:13:53', '2025-05-07 17:13:53'),
(315, 547, 194, '2009-07-08', '2009-07-17', 'null', '2025-05-07 17:13:53', '2025-05-07 17:13:53'),
(316, 1014, 268, '2009-07-08', '2009-07-29', 'null', '2025-05-07 17:13:53', '2025-05-07 17:13:53'),
(317, 1019, 114, '2009-07-08', '2009-08-05', 'null', '2025-05-07 17:13:53', '2025-05-07 17:13:53'),
(318, 134, 139, '2009-07-08', '2009-08-04', 'null', '2025-05-07 17:13:53', '2025-05-07 17:13:53'),
(319, 430, 20, '2009-07-08', '2009-07-14', 'null', '2025-05-07 17:13:53', '2025-05-07 17:13:53'),
(320, 910, 77, '2009-07-08', '2009-08-01', 'null', '2025-05-07 17:13:53', '2025-05-07 17:13:53'),
(321, 1008, 107, '2009-07-08', '2009-07-09', 'null', '2025-05-07 17:13:53', '2025-05-07 17:13:53'),
(322, 1067, 83, '2009-07-08', '2009-08-03', 'null', '2025-05-07 17:13:53', '2025-05-07 17:13:53'),
(323, 706, 128, '2009-07-08', '2009-07-13', 'null', '2025-05-07 17:13:53', '2025-05-07 17:13:53'),
(324, 832, 20, '2009-07-08', '2009-07-11', 'null', '2025-05-07 17:13:53', '2025-05-07 17:13:53'),
(325, 536, 259, '2009-07-08', '2009-07-09', 'null', '2025-05-07 17:13:53', '2025-05-07 17:13:53'),
(326, 202, 71, '2009-07-08', '2009-07-21', 'null', '2025-05-07 17:13:53', '2025-05-07 17:13:53'),
(327, 247, 5, '2009-07-08', '2009-08-04', 'null', '2025-05-07 17:13:53', '2025-05-07 17:13:53'),
(328, 612, 242, '2009-07-08', '2009-07-12', 'null', '2025-05-07 17:13:53', '2025-05-07 17:13:53'),
(329, 782, 26, '2009-07-08', '2009-07-12', 'null', '2025-05-07 17:13:53', '2025-05-07 17:13:53'),
(330, 715, 190, '2009-07-08', '2009-07-13', 'null', '2025-05-07 17:13:53', '2025-05-07 17:13:53'),
(331, 807, 218, '2009-07-08', '2009-07-10', 'null', '2025-05-07 17:13:53', '2025-05-07 17:13:53'),
(332, 665, 58, '2009-07-08', '2009-07-14', 'null', '2025-05-07 17:13:53', '2025-05-07 17:13:53'),
(333, 188, 209, '2009-07-08', '2009-07-15', 'null', '2025-05-07 17:13:53', '2025-05-07 17:13:53'),
(334, 165, 89, '2009-07-08', '2009-07-12', 'null', '2025-05-07 17:13:53', '2025-05-07 17:13:53'),
(335, 621, 119, '2009-07-08', '2009-07-14', 'null', '2025-05-07 17:13:53', '2025-05-07 17:13:53'),
(336, 1027, 235, '2009-07-08', '2009-07-28', 'null', '2025-05-07 17:13:53', '2025-05-07 17:13:53'),
(337, 1044, 131, '2009-07-08', '2009-07-24', 'null', '2025-05-07 17:13:53', '2025-05-07 17:13:53'),
(338, 7, 138, '2009-07-08', '2009-08-03', 'null', '2025-05-07 17:13:53', '2025-05-07 17:13:53'),
(339, 375, 253, '2009-07-08', '2009-07-31', 'null', '2025-05-07 17:13:53', '2025-05-07 17:13:53'),
(340, 574, 67, '2009-07-08', '2009-07-16', 'null', '2025-05-07 17:13:53', '2025-05-07 17:13:53'),
(341, 898, 123, '2009-07-08', '2009-07-10', 'null', '2025-05-07 17:13:53', '2025-05-07 17:13:53'),
(342, 448, 235, '2009-07-08', '2009-07-22', 'null', '2025-05-07 17:13:53', '2025-05-07 17:13:53'),
(343, 227, 241, '2009-07-08', '2009-07-19', 'null', '2025-05-07 17:13:53', '2025-05-07 17:13:53'),
(344, 785, 155, '2009-07-08', '2009-07-09', 'null', '2025-05-07 17:13:53', '2025-05-07 17:13:53'),
(345, 941, 5, '2009-07-08', '2009-07-22', 'null', '2025-05-07 17:13:53', '2025-05-07 17:13:53'),
(346, 970, 98, '2009-07-08', '2009-08-05', 'null', '2025-05-07 17:13:53', '2025-05-07 17:13:53'),
(347, 120, 86, '2009-07-08', '2009-08-05', 'null', '2025-05-07 17:13:53', '2025-05-07 17:13:53'),
(348, 600, 48, '2009-07-08', '2009-07-14', 'null', '2025-05-07 17:13:53', '2025-05-07 17:13:53'),
(349, 6, 160, '2009-07-08', '2009-07-11', 'null', '2025-05-07 17:13:53', '2025-05-07 17:13:53'),
(350, 581, 200, '2009-07-08', '2009-07-13', 'null', '2025-05-07 17:13:53', '2025-05-07 17:13:53'),
(351, 437, 35, '2009-07-08', '2009-07-17', 'null', '2025-05-07 17:13:53', '2025-05-07 17:13:53'),
(352, 793, 87, '2009-07-08', '2009-07-28', 'null', '2025-05-07 17:13:53', '2025-05-07 17:13:53'),
(353, 933, 186, '2009-07-08', '2009-07-09', 'null', '2025-05-07 17:13:53', '2025-05-07 17:13:53'),
(354, 119, 189, '2009-07-08', '2009-07-20', 'null', '2025-05-07 17:13:53', '2025-05-07 17:13:53'),
(355, 535, 197, '2009-07-08', '2009-07-10', 'null', '2025-05-07 17:13:53', '2025-05-07 17:13:53'),
(356, 767, 7, '2009-07-08', '2009-07-09', 'null', '2025-05-07 17:13:53', '2025-05-07 17:13:53'),
(357, 894, 223, '2009-07-08', '2009-07-10', 'null', '2025-05-07 17:13:53', '2025-05-07 17:13:53'),
(358, 303, 53, '2009-07-08', '2009-07-13', 'null', '2025-05-07 17:13:53', '2025-05-07 17:13:53'),
(359, 362, 67, '2009-07-08', '2009-07-13', 'null', '2025-05-07 17:13:53', '2025-05-07 17:13:53'),
(360, 40, 94, '2009-07-08', '2009-07-14', 'null', '2025-05-07 17:13:53', '2025-05-07 17:13:53'),
(361, 270, 236, '2009-07-08', '2009-07-12', 'null', '2025-05-07 17:13:53', '2025-05-07 17:13:53'),
(362, 427, 226, '2009-07-08', '2009-07-30', 'null', '2025-05-07 17:13:53', '2025-05-07 17:13:53'),
(363, 21, 89, '2009-07-08', '2009-07-14', 'null', '2025-05-07 17:13:53', '2025-05-07 17:13:53'),
(364, 908, 208, '2009-07-08', '2009-08-05', 'null', '2025-05-07 17:13:53', '2025-05-07 17:13:53'),
(365, 977, 78, '2009-07-08', '2009-07-16', 'null', '2025-05-07 17:13:53', '2025-05-07 17:13:53'),
(366, 648, 35, '2009-07-08', '2009-07-09', 'null', '2025-05-07 17:13:53', '2025-05-07 17:13:53'),
(367, 717, 238, '2009-07-08', '2009-07-27', 'null', '2025-05-07 17:13:53', '2025-05-07 17:13:53'),
(368, 971, 249, '2009-07-08', '2009-07-18', 'null', '2025-05-07 17:13:53', '2025-05-07 17:13:53'),
(369, 306, 103, '2009-07-08', '2009-07-29', 'null', '2025-05-07 17:13:53', '2025-05-07 17:13:53'),
(370, 634, 87, '2009-07-08', '2009-07-13', 'null', '2025-05-07 17:13:53', '2025-05-07 17:13:53'),
(371, 689, 102, '2009-07-08', '2009-07-12', 'null', '2025-05-07 17:13:53', '2025-05-07 17:13:53'),
(372, 349, 268, '2009-07-08', '2009-07-15', 'null', '2025-05-07 17:13:53', '2025-05-07 17:13:53'),
(373, 355, 119, '2009-07-08', '2009-07-14', 'null', '2025-05-07 17:13:53', '2025-05-07 17:13:53'),
(374, 759, 179, '2009-07-08', '2009-08-05', 'null', '2025-05-07 17:13:53', '2025-05-07 17:13:53'),
(375, 470, 2, '2009-07-08', '2009-07-09', 'null', '2025-05-07 17:13:53', '2025-05-07 17:13:53'),
(376, 176, 134, '2009-07-08', '2009-08-01', 'null', '2025-05-07 17:13:53', '2025-05-07 17:13:53'),
(377, 693, 223, '2009-07-08', '2009-07-21', 'null', '2025-05-07 17:13:53', '2025-05-07 17:13:53'),
(378, 359, 145, '2009-07-08', '2009-07-12', 'null', '2025-05-07 17:13:53', '2025-05-07 17:13:53'),
(379, 749, 115, '2009-07-08', '2009-07-09', 'null', '2025-05-07 17:13:53', '2025-05-07 17:13:53'),
(380, 671, 85, '2009-07-08', '2009-08-05', 'null', '2025-05-07 17:13:53', '2025-05-07 17:13:53'),
(381, 1073, 249, '2009-07-08', '2009-07-14', 'null', '2025-05-07 17:13:53', '2025-05-07 17:13:53'),
(382, 1078, 25, '2009-07-08', '2009-07-11', 'null', '2025-05-07 17:13:53', '2025-05-07 17:13:53'),
(383, 718, 230, '2009-07-08', '2009-08-03', 'null', '2025-05-07 17:13:53', '2025-05-07 17:13:53'),
(384, 797, 243, '2009-07-08', '2009-08-01', 'null', '2025-05-07 17:13:53', '2025-05-07 17:13:53'),
(385, 799, 114, '2009-07-08', '2009-08-05', 'null', '2025-05-07 17:13:53', '2025-05-07 17:13:53'),
(386, 923, 66, '2009-07-08', '2009-07-25', 'null', '2025-05-07 17:13:53', '2025-05-07 17:13:53'),
(387, 930, 42, '2009-07-08', '2009-07-17', 'null', '2025-05-07 17:13:53', '2025-05-07 17:13:53'),
(388, 881, 72, '2009-07-08', '2009-07-15', 'null', '2025-05-07 17:13:53', '2025-05-07 17:13:53'),
(389, 72, 237, '2009-07-08', '2009-07-13', 'null', '2025-05-07 17:13:53', '2025-05-07 17:13:53'),
(390, 457, 65, '2009-07-08', '2009-07-20', 'null', '2025-05-07 17:13:53', '2025-05-07 17:13:53'),
(391, 831, 189, '2009-07-08', '2009-07-20', 'null', '2025-05-07 17:13:53', '2025-05-07 17:13:53'),
(392, 159, 204, '2009-07-08', '2009-07-11', 'null', '2025-05-07 17:13:53', '2025-05-07 17:13:53'),
(393, 411, 223, '2009-07-08', '2009-07-12', 'null', '2025-05-07 17:13:53', '2025-05-07 17:13:53'),
(394, 712, 245, '2009-07-08', '2009-07-13', 'null', '2025-05-07 17:13:53', '2025-05-07 17:13:53'),
(395, 918, 60, '2009-07-08', '2009-07-10', 'null', '2025-05-07 17:13:53', '2025-05-07 17:13:53'),
(396, 509, 178, '2009-07-08', '2009-07-22', 'null', '2025-05-07 17:13:53', '2025-05-07 17:13:53'),
(397, 460, 18, '2009-07-08', '2009-07-18', 'null', '2025-05-07 17:13:53', '2025-05-07 17:13:53'),
(398, 123, 148, '2009-07-09', '2009-08-08', 'null', '2025-05-07 17:13:53', '2025-05-07 17:13:53'),
(399, 108, 144, '2009-07-09', '2009-07-25', 'null', '2025-05-07 17:13:53', '2025-05-07 17:13:53'),
(400, 959, 154, '2009-07-09', '2009-07-25', 'null', '2025-05-07 17:13:53', '2025-05-07 17:13:53'),
(401, 817, 136, '2009-07-09', '2009-07-14', 'null', '2025-05-07 17:13:53', '2025-05-07 17:13:53'),
(402, 1020, 206, '2009-07-09', '2009-07-31', 'null', '2025-05-07 17:13:53', '2025-05-07 17:13:53'),
(403, 620, 246, '2009-07-09', '2009-07-22', 'null', '2025-05-07 17:13:53', '2025-05-07 17:13:53'),
(404, 826, 145, '2009-07-09', '2009-07-12', 'null', '2025-05-07 17:13:53', '2025-05-07 17:13:53'),
(405, 284, 224, '2009-07-09', '2009-07-14', 'null', '2025-05-07 17:13:53', '2025-05-07 17:13:53'),
(406, 498, 39, '2009-07-09', '2009-07-17', 'null', '2025-05-07 17:13:53', '2025-05-07 17:13:53'),
(407, 382, 159, '2009-07-09', '2009-07-26', 'null', '2025-05-07 17:13:53', '2025-05-07 17:13:53'),
(408, 271, 116, '2009-07-09', '2009-07-13', 'null', '2025-05-07 17:13:53', '2025-05-07 17:13:53'),
(409, 825, 178, '2009-07-09', '2009-07-14', 'null', '2025-05-07 17:13:53', '2025-05-07 17:13:53'),
(410, 765, 55, '2009-07-09', '2009-07-28', 'null', '2025-05-07 17:13:53', '2025-05-07 17:13:53'),
(411, 1012, 206, '2009-07-09', '2009-08-08', 'null', '2025-05-07 17:13:53', '2025-05-07 17:13:53'),
(412, 366, 231, '2009-07-09', '2009-07-27', 'null', '2025-05-07 17:13:53', '2025-05-07 17:13:53'),
(413, 139, 88, '2009-07-09', '2009-07-15', 'null', '2025-05-07 17:13:53', '2025-05-07 17:13:53'),
(414, 191, 15, '2009-07-09', '2009-07-10', 'null', '2025-05-07 17:13:53', '2025-05-07 17:13:53'),
(415, 845, 132, '2009-07-09', '2009-07-14', 'null', '2025-05-07 17:13:53', '2025-05-07 17:13:53'),
(416, 871, 83, '2009-07-09', '2009-07-19', 'null', '2025-05-07 17:13:53', '2025-05-07 17:13:53'),
(417, 989, 26, '2009-07-09', '2009-07-13', 'null', '2025-05-07 17:13:53', '2025-05-07 17:13:53'),
(418, 211, 41, '2009-07-09', '2009-07-15', 'null', '2025-05-07 17:13:53', '2025-05-07 17:13:53'),
(419, 719, 132, '2009-07-09', '2009-07-14', 'null', '2025-05-07 17:13:53', '2025-05-07 17:13:53'),
(420, 223, 255, '2009-07-09', '2009-07-10', 'null', '2025-05-07 17:13:53', '2025-05-07 17:13:53'),
(421, 842, 38, '2009-07-09', '2009-07-11', 'null', '2025-05-07 17:13:53', '2025-05-07 17:13:53'),
(422, 27, 56, '2009-07-09', '2009-07-14', 'null', '2025-05-07 17:13:53', '2025-05-07 17:13:53'),
(423, 62, 135, '2009-07-09', '2009-07-18', 'null', '2025-05-07 17:13:53', '2025-05-07 17:13:53'),
(424, 315, 144, '2009-07-09', '2009-07-12', 'null', '2025-05-07 17:13:53', '2025-05-07 17:13:53'),
(425, 640, 115, '2009-07-09', '2009-07-25', 'null', '2025-05-07 17:13:54', '2025-05-07 17:13:54'),
(426, 946, 253, '2009-07-09', '2009-07-10', 'null', '2025-05-07 17:13:54', '2025-05-07 17:13:54'),
(427, 419, 41, '2009-07-09', '2009-07-24', 'null', '2025-05-07 17:13:54', '2025-05-07 17:13:54'),
(428, 474, 87, '2009-07-09', '2009-07-22', 'null', '2025-05-07 17:13:54', '2025-05-07 17:13:54'),
(429, 647, 33, '2009-07-09', '2009-07-18', 'null', '2025-05-07 17:13:54', '2025-05-07 17:13:54'),
(430, 43, 96, '2009-07-09', '2009-07-19', 'null', '2025-05-07 17:13:54', '2025-05-07 17:13:54'),
(431, 808, 12, '2009-07-09', '2009-07-10', 'null', '2025-05-07 17:13:54', '2025-05-07 17:13:54'),
(432, 31, 247, '2009-07-09', '2009-07-17', 'null', '2025-05-07 17:13:54', '2025-05-07 17:13:54'),
(433, 344, 138, '2009-07-09', '2009-07-12', 'null', '2025-05-07 17:13:54', '2025-05-07 17:13:54'),
(434, 607, 175, '2009-07-09', '2009-07-12', 'null', '2025-05-07 17:13:54', '2025-05-07 17:13:54'),
(435, 472, 196, '2009-07-09', '2009-07-15', 'null', '2025-05-07 17:13:54', '2025-05-07 17:13:54'),
(436, 1004, 4, '2009-07-09', '2009-07-11', 'null', '2025-05-07 17:13:54', '2025-05-07 17:13:54'),
(437, 305, 252, '2009-07-09', '2009-07-27', 'null', '2025-05-07 17:13:54', '2025-05-07 17:13:54'),
(438, 424, 121, '2009-07-09', '2009-07-13', 'null', '2025-05-07 17:13:54', '2025-05-07 17:13:54'),
(439, 573, 43, '2009-07-09', '2009-08-02', 'null', '2025-05-07 17:13:54', '2025-05-07 17:13:54'),
(440, 662, 232, '2009-07-09', '2009-08-05', 'null', '2025-05-07 17:13:54', '2025-05-07 17:13:54'),
(441, 530, 191, '2009-07-09', '2009-07-14', 'null', '2025-05-07 17:13:54', '2025-05-07 17:13:54'),
(442, 101, 30, '2009-07-09', '2009-08-07', 'null', '2025-05-07 17:13:54', '2025-05-07 17:13:54'),
(443, 26, 239, '2009-07-09', '2009-08-01', 'null', '2025-05-07 17:13:54', '2025-05-07 17:13:54'),
(444, 469, 78, '2009-07-09', '2009-07-11', 'null', '2025-05-07 17:13:54', '2025-05-07 17:13:54'),
(445, 920, 179, '2009-07-09', '2009-07-15', 'null', '2025-05-07 17:13:54', '2025-05-07 17:13:54'),
(446, 12, 80, '2009-07-09', '2009-07-15', 'null', '2025-05-07 17:13:54', '2025-05-07 17:13:54'),
(447, 179, 69, '2009-07-09', '2009-07-13', 'null', '2025-05-07 17:13:54', '2025-05-07 17:13:54'),
(448, 435, 16, '2009-07-09', '2009-07-10', 'null', '2025-05-07 17:13:54', '2025-05-07 17:13:54'),
(449, 958, 163, '2009-07-09', '2009-08-07', 'null', '2025-05-07 17:13:54', '2025-05-07 17:13:54'),
(450, 52, 264, '2009-07-09', '2009-07-25', 'null', '2025-05-07 17:13:54', '2025-05-07 17:13:54'),
(451, 324, 160, '2009-07-09', '2009-07-15', 'null', '2025-05-07 17:13:54', '2025-05-07 17:13:54'),
(452, 403, 202, '2009-07-09', '2009-07-16', 'null', '2025-05-07 17:13:54', '2025-05-07 17:13:54'),
(453, 425, 174, '2009-07-09', '2009-07-14', 'null', '2025-05-07 17:13:54', '2025-05-07 17:13:54'),
(454, 611, 71, '2009-07-09', '2009-07-14', 'null', '2025-05-07 17:13:54', '2025-05-07 17:13:54'),
(455, 172, 107, '2009-07-09', '2009-07-14', 'null', '2025-05-07 17:13:54', '2025-05-07 17:13:54'),
(456, 412, 216, '2009-07-09', '2009-07-11', 'null', '2025-05-07 17:13:54', '2025-05-07 17:13:54'),
(457, 540, 143, '2009-07-09', '2009-07-11', 'null', '2025-05-07 17:13:54', '2025-05-07 17:13:54'),
(458, 991, 258, '2009-07-09', '2009-07-11', 'null', '2025-05-07 17:13:54', '2025-05-07 17:13:54'),
(459, 711, 184, '2009-07-09', '2009-07-11', 'null', '2025-05-07 17:13:54', '2025-05-07 17:13:54'),
(460, 716, 187, '2009-07-09', '2009-08-01', 'null', '2025-05-07 17:13:54', '2025-05-07 17:13:54'),
(461, 1054, 233, '2009-07-09', '2009-07-31', 'null', '2025-05-07 17:13:54', '2025-05-07 17:13:54'),
(462, 1057, 151, '2009-07-09', '2009-07-10', 'null', '2025-05-07 17:13:54', '2025-05-07 17:13:54'),
(463, 1032, 179, '2009-07-09', '2009-07-18', 'null', '2025-05-07 17:13:54', '2025-05-07 17:13:54'),
(464, 536, 133, '2009-07-09', '2009-07-19', 'null', '2025-05-07 17:13:54', '2025-05-07 17:13:54'),
(465, 926, 87, '2009-07-09', '2009-07-31', 'null', '2025-05-07 17:13:54', '2025-05-07 17:13:54'),
(466, 88, 80, '2009-07-09', '2009-07-21', 'null', '2025-05-07 17:13:54', '2025-05-07 17:13:54'),
(467, 363, 141, '2009-07-09', '2009-07-20', 'null', '2025-05-07 17:13:54', '2025-05-07 17:13:54'),
(468, 523, 183, '2009-07-09', '2009-07-12', 'null', '2025-05-07 17:13:54', '2025-05-07 17:13:54'),
(469, 488, 222, '2009-07-09', '2009-07-10', 'null', '2025-05-07 17:13:54', '2025-05-07 17:13:54'),
(470, 710, 103, '2009-07-09', '2009-07-13', 'null', '2025-05-07 17:13:54', '2025-05-07 17:13:54'),
(471, 874, 11, '2009-07-09', '2009-07-15', 'null', '2025-05-07 17:13:54', '2025-05-07 17:13:54'),
(472, 904, 222, '2009-07-09', '2009-07-28', 'null', '2025-05-07 17:13:54', '2025-05-07 17:13:54'),
(473, 281, 196, '2009-07-09', '2009-07-15', 'null', '2025-05-07 17:13:54', '2025-05-07 17:13:54'),
(474, 539, 20, '2009-07-09', '2009-07-13', 'null', '2025-05-07 17:13:54', '2025-05-07 17:13:54'),
(475, 416, 98, '2009-07-09', '2009-07-14', 'null', '2025-05-07 17:13:54', '2025-05-07 17:13:54'),
(476, 99, 91, '2009-07-09', '2009-07-23', 'null', '2025-05-07 17:13:54', '2025-05-07 17:13:54'),
(477, 335, 14, '2009-07-09', '2009-07-28', 'null', '2025-05-07 17:13:54', '2025-05-07 17:13:54'),
(478, 414, 78, '2009-07-09', '2009-07-10', 'null', '2025-05-07 17:13:54', '2025-05-07 17:13:54'),
(479, 317, 267, '2009-07-09', '2009-07-12', 'null', '2025-05-07 17:13:54', '2025-05-07 17:13:54'),
(480, 19, 5, '2009-07-09', '2009-07-14', 'null', '2025-05-07 17:13:54', '2025-05-07 17:13:54'),
(481, 891, 114, '2009-07-09', '2009-07-13', 'null', '2025-05-07 17:13:54', '2025-05-07 17:13:54'),
(482, 260, 49, '2009-07-09', '2009-07-23', 'null', '2025-05-07 17:13:54', '2025-05-07 17:13:54'),
(483, 332, 144, '2009-07-09', '2009-07-23', 'null', '2025-05-07 17:13:54', '2025-05-07 17:13:54'),
(484, 1068, 122, '2009-07-09', '2009-07-17', 'null', '2025-05-07 17:13:54', '2025-05-07 17:13:54'),
(485, 1089, 189, '2009-07-09', '2009-07-31', 'null', '2025-05-07 17:13:54', '2025-05-07 17:13:54'),
(486, 1095, 99, '2009-07-09', '2009-08-02', 'null', '2025-05-07 17:13:54', '2025-05-07 17:13:54'),
(487, 245, 120, '2009-07-09', '2009-07-14', 'null', '2025-05-07 17:13:54', '2025-05-07 17:13:54'),
(488, 879, 25, '2009-07-09', '2009-07-20', 'null', '2025-05-07 17:13:54', '2025-05-07 17:13:54'),
(489, 886, 33, '2009-07-09', '2009-08-02', 'null', '2025-05-07 17:13:54', '2025-05-07 17:13:54'),
(490, 36, 39, '2009-07-09', '2009-07-13', 'null', '2025-05-07 17:13:54', '2025-05-07 17:13:54'),
(491, 316, 107, '2009-07-09', '2009-07-11', 'null', '2025-05-07 17:13:54', '2025-05-07 17:13:54'),
(492, 321, 220, '2009-07-09', '2009-07-15', 'null', '2025-05-07 17:13:54', '2025-05-07 17:13:54'),
(493, 722, 18, '2009-07-09', '2009-07-11', 'null', '2025-05-07 17:13:54', '2025-05-07 17:13:54'),
(494, 790, 264, '2009-07-09', '2009-07-15', 'null', '2025-05-07 17:13:54', '2025-05-07 17:13:54'),
(495, 827, 97, '2009-07-09', '2009-07-25', 'null', '2025-05-07 17:13:54', '2025-05-07 17:13:54'),
(496, 64, 117, '2009-07-09', '2009-07-14', 'null', '2025-05-07 17:13:54', '2025-05-07 17:13:54'),
(497, 534, 247, '2009-07-09', '2009-07-30', 'null', '2025-05-07 17:13:54', '2025-05-07 17:13:54'),
(498, 861, 134, '2009-07-09', '2009-07-16', 'null', '2025-05-07 17:13:54', '2025-05-07 17:13:54'),
(499, 885, 159, '2009-07-09', '2009-07-14', 'null', '2025-05-07 17:13:54', '2025-05-07 17:13:54'),
(500, 277, 263, '2009-07-09', '2009-08-08', 'null', '2025-05-07 17:13:54', '2025-05-07 17:13:54'),
(501, 663, 12, '2009-07-09', '2009-07-14', 'null', '2025-05-07 17:13:54', '2025-05-07 17:13:54'),
(502, 723, 247, '2009-07-09', '2009-07-12', 'null', '2025-05-07 17:13:54', '2025-05-07 17:13:54'),
(503, 1025, 252, '2009-07-09', '2009-07-11', 'null', '2025-05-07 17:13:54', '2025-05-07 17:13:54'),
(504, 183, 70, '2009-07-09', '2009-07-22', 'null', '2025-05-07 17:13:54', '2025-05-07 17:13:54'),
(505, 220, 243, '2009-07-09', '2009-07-22', 'null', '2025-05-07 17:13:54', '2025-05-07 17:13:54'),
(506, 593, 167, '2009-07-09', '2009-08-07', 'null', '2025-05-07 17:13:54', '2025-05-07 17:13:54'),
(507, 130, 139, '2009-07-09', '2009-07-10', 'null', '2025-05-07 17:13:54', '2025-05-07 17:13:54'),
(508, 190, 31, '2009-07-09', '2009-07-23', 'null', '2025-05-07 17:13:54', '2025-05-07 17:13:54'),
(509, 758, 26, '2009-07-09', '2009-07-20', 'null', '2025-05-07 17:13:54', '2025-05-07 17:13:54'),
(510, 708, 208, '2009-07-09', '2009-07-22', 'null', '2025-05-07 17:13:54', '2025-05-07 17:13:54'),
(511, 97, 234, '2009-07-09', '2009-08-08', 'null', '2025-05-07 17:13:54', '2025-05-07 17:13:54'),
(512, 163, 247, '2009-07-09', '2009-07-26', 'null', '2025-05-07 17:13:54', '2025-05-07 17:13:54'),
(513, 682, 73, '2009-07-09', '2009-08-05', 'null', '2025-05-07 17:13:54', '2025-05-07 17:13:54'),
(514, 767, 3, '2009-07-09', '2009-07-11', 'null', '2025-05-07 17:13:54', '2025-05-07 17:13:54'),
(515, 914, 172, '2009-07-09', '2009-07-28', 'null', '2025-05-07 17:13:54', '2025-05-07 17:13:54'),
(516, 687, 16, '2009-07-09', '2009-07-19', 'null', '2025-05-07 17:13:54', '2025-05-07 17:13:54'),
(517, 73, 170, '2009-07-09', '2009-07-15', 'null', '2025-05-07 17:13:54', '2025-05-07 17:13:54'),
(518, 239, 145, '2009-07-09', '2009-08-05', 'null', '2025-05-07 17:13:54', '2025-05-07 17:13:54'),
(519, 588, 90, '2009-07-09', '2009-07-15', 'null', '2025-05-07 17:13:54', '2025-05-07 17:13:54'),
(520, 780, 20, '2009-07-09', '2009-07-13', 'null', '2025-05-07 17:13:54', '2025-05-07 17:13:54'),
(521, 302, 78, '2009-07-09', '2009-08-02', 'null', '2025-05-07 17:13:54', '2025-05-07 17:13:54'),
(522, 429, 76, '2009-07-09', '2009-07-12', 'null', '2025-05-07 17:13:54', '2025-05-07 17:13:54'),
(523, 15, 197, '2009-07-09', '2009-07-25', 'null', '2025-05-07 17:13:54', '2025-05-07 17:13:54'),
(524, 83, 81, '2009-07-09', '2009-08-01', 'null', '2025-05-07 17:13:54', '2025-05-07 17:13:54'),
(525, 250, 30, '2009-07-09', '2009-07-16', 'null', '2025-05-07 17:13:54', '2025-05-07 17:13:54'),
(526, 372, 49, '2009-07-09', '2009-07-14', 'null', '2025-05-07 17:13:54', '2025-05-07 17:13:54'),
(527, 964, 210, '2009-07-09', '2009-07-19', 'null', '2025-05-07 17:13:54', '2025-05-07 17:13:54'),
(528, 118, 205, '2009-07-09', '2009-08-04', 'null', '2025-05-07 17:13:54', '2025-05-07 17:13:54'),
(529, 453, 65, '2009-07-09', '2009-08-06', 'null', '2025-05-07 17:13:54', '2025-05-07 17:13:54'),
(530, 669, 144, '2009-07-09', '2009-07-25', 'null', '2025-05-07 17:13:54', '2025-05-07 17:13:54'),
(531, 1064, 62, '2009-07-09', '2009-08-07', 'null', '2025-05-07 17:13:54', '2025-05-07 17:13:54'),
(532, 979, 135, '2009-07-09', '2009-07-12', 'null', '2025-05-07 17:13:54', '2025-05-07 17:13:54'),
(533, 1040, NULL, '2009-07-09', '2009-07-27', 'null', '2025-05-07 17:13:54', '2025-05-07 17:13:54'),
(534, 1061, 184, '2009-07-09', '2009-07-25', 'null', '2025-05-07 17:13:54', '2025-05-07 17:13:54'),
(535, 37, 139, '2009-07-09', '2009-07-26', 'null', '2025-05-07 17:13:54', '2025-05-07 17:13:54'),
(536, 837, 150, '2009-07-09', '2009-07-12', 'null', '2025-05-07 17:13:54', '2025-05-07 17:13:54'),
(537, 1052, 177, '2009-07-09', '2009-08-03', 'null', '2025-05-07 17:13:54', '2025-05-07 17:13:54'),
(538, 1081, 243, '2009-07-09', '2009-07-14', 'null', '2025-05-07 17:13:54', '2025-05-07 17:13:54'),
(539, 899, 248, '2009-07-09', '2009-07-14', 'null', '2025-05-07 17:13:54', '2025-05-07 17:13:54'),
(540, 1084, 57, '2009-07-09', '2009-07-27', 'null', '2025-05-07 17:13:54', '2025-05-07 17:13:54'),
(541, 1100, 174, '2009-07-09', '2009-08-06', 'null', '2025-05-07 17:13:54', '2025-05-07 17:13:54'),
(542, 1101, 41, '2009-07-09', '2009-08-07', 'null', '2025-05-07 17:13:54', '2025-05-07 17:13:54'),
(543, 195, 249, '2009-07-09', '2009-07-24', 'null', '2025-05-07 17:13:54', '2025-05-07 17:13:54'),
(544, 576, 167, '2009-07-09', '2009-07-13', 'null', '2025-05-07 17:13:54', '2025-05-07 17:13:54'),
(545, 733, 213, '2009-07-09', '2009-07-29', 'null', '2025-05-07 17:13:54', '2025-05-07 17:13:54'),
(546, 846, 177, '2009-07-09', '2009-08-04', 'null', '2025-05-07 17:13:54', '2025-05-07 17:13:54'),
(547, 148, 259, '2009-07-09', '2009-07-13', 'null', '2025-05-07 17:13:54', '2025-05-07 17:13:54'),
(548, 352, 188, '2009-07-09', '2009-07-15', 'null', '2025-05-07 17:13:54', '2025-05-07 17:13:54'),
(549, 9, 135, '2009-07-09', '2009-07-26', 'null', '2025-05-07 17:13:54', '2025-05-07 17:13:54'),
(550, 443, 94, '2009-07-09', '2009-07-31', 'null', '2025-05-07 17:13:54', '2025-05-07 17:13:54'),
(551, 1018, 196, '2009-07-09', '2009-07-16', 'null', '2025-05-07 17:13:54', '2025-05-07 17:13:54'),
(552, 1065, 263, '2009-07-09', '2009-08-08', 'null', '2025-05-07 17:13:54', '2025-05-07 17:13:54'),
(553, 214, 1, '2009-07-09', '2009-07-21', 'null', '2025-05-07 17:13:54', '2025-05-07 17:13:54'),
(554, 368, 42, '2009-07-09', '2009-08-07', 'null', '2025-05-07 17:13:54', '2025-05-07 17:13:54'),
(555, 1066, 140, '2009-07-09', '2009-07-27', 'null', '2025-05-07 17:13:54', '2025-05-07 17:13:54'),
(556, 633, 74, '2009-07-09', '2009-08-04', 'null', '2025-05-07 17:13:54', '2025-05-07 17:13:54'),
(557, 329, 49, '2009-07-09', '2009-07-22', 'null', '2025-05-07 17:13:54', '2025-05-07 17:13:54'),
(558, 393, 115, '2009-07-09', '2009-07-12', 'null', '2025-05-07 17:13:54', '2025-05-07 17:13:54'),
(559, 1094, 219, '2009-07-09', '2009-07-12', 'null', '2025-05-07 17:13:54', '2025-05-07 17:13:54'),
(560, 1102, 223, '2009-07-09', '2009-07-14', 'null', '2025-05-07 17:13:54', '2025-05-07 17:13:54'),
(561, 358, 118, '2009-07-09', '2009-07-13', 'null', '2025-05-07 17:13:54', '2025-05-07 17:13:54'),
(562, 638, 62, '2009-07-09', '2009-07-16', 'null', '2025-05-07 17:13:54', '2025-05-07 17:13:54'),
(563, 594, 103, '2009-07-09', '2009-07-13', 'null', '2025-05-07 17:13:54', '2025-05-07 17:13:54'),
(564, 1048, 228, '2009-07-09', '2009-07-14', 'null', '2025-05-07 17:13:54', '2025-05-07 17:13:54'),
(565, 456, 5, '2009-07-10', '2009-08-02', 'null', '2025-05-07 17:13:54', '2025-05-07 17:13:54'),
(566, 676, 41, '2009-07-10', '2009-07-24', 'null', '2025-05-07 17:13:54', '2025-05-07 17:13:54'),
(567, 811, 238, '2009-07-10', '2009-07-14', 'null', '2025-05-07 17:13:54', '2025-05-07 17:13:54'),
(568, 1015, 3, '2009-07-10', '2009-08-05', 'null', '2025-05-07 17:13:54', '2025-05-07 17:13:54'),
(569, 564, 33, '2009-07-10', '2009-08-09', 'null', '2025-05-07 17:13:54', '2025-05-07 17:13:54'),
(570, 778, 8, '2009-07-10', '2009-08-01', 'null', '2025-05-07 17:13:54', '2025-05-07 17:13:54'),
(571, 645, 19, '2009-07-10', '2009-07-15', 'null', '2025-05-07 17:13:54', '2025-05-07 17:13:54'),
(572, 792, 203, '2009-07-10', '2009-07-13', 'null', '2025-05-07 17:13:54', '2025-05-07 17:13:54'),
(573, 1043, 158, '2009-07-10', '2009-07-25', 'null', '2025-05-07 17:13:54', '2025-05-07 17:13:54'),
(574, 1046, 68, '2009-07-10', '2009-07-15', 'null', '2025-05-07 17:13:54', '2025-05-07 17:13:54'),
(575, 439, 49, '2009-07-10', '2009-07-23', 'null', '2025-05-07 17:13:54', '2025-05-07 17:13:54'),
(576, 882, 214, '2009-07-10', '2009-07-11', 'null', '2025-05-07 17:13:54', '2025-05-07 17:13:54'),
(577, 548, 92, '2009-07-10', '2009-07-24', 'null', '2025-05-07 17:13:54', '2025-05-07 17:13:54'),
(578, 747, 66, '2009-07-10', '2009-08-05', 'null', '2025-05-07 17:13:54', '2025-05-07 17:13:54'),
(579, 670, 11, '2009-07-10', '2009-07-16', 'null', '2025-05-07 17:13:54', '2025-05-07 17:13:54'),
(580, 471, 249, '2009-07-10', '2009-07-15', 'null', '2025-05-07 17:13:54', '2025-05-07 17:13:54'),
(581, 477, 241, '2009-07-10', '2009-07-15', 'null', '2025-05-07 17:13:54', '2025-05-07 17:13:54'),
(582, 226, 179, '2009-07-10', '2009-07-16', 'null', '2025-05-07 17:13:54', '2025-05-07 17:13:54'),
(583, 1013, 267, '2009-07-10', '2009-07-19', 'null', '2025-05-07 17:13:54', '2025-05-07 17:13:54'),
(584, 57, 1, '2009-07-10', '2009-07-11', 'null', '2025-05-07 17:13:54', '2025-05-07 17:13:54'),
(585, 542, 162, '2009-07-10', '2009-07-25', 'null', '2025-05-07 17:13:54', '2025-05-07 17:13:54'),
(586, 659, 9, '2009-07-10', '2009-07-31', 'null', '2025-05-07 17:13:54', '2025-05-07 17:13:54'),
(587, 80, 210, '2009-07-10', '2009-07-23', 'null', '2025-05-07 17:13:54', '2025-05-07 17:13:54'),
(588, 273, 130, '2009-07-10', '2009-07-17', 'null', '2025-05-07 17:13:54', '2025-05-07 17:13:54'),
(589, 601, 85, '2009-07-10', '2009-08-08', 'null', '2025-05-07 17:13:54', '2025-05-07 17:13:54'),
(590, 381, 5, '2009-07-10', '2009-07-15', 'null', '2025-05-07 17:13:54', '2025-05-07 17:13:54'),
(591, 1008, 46, '2009-07-10', '2009-07-20', 'null', '2025-05-07 17:13:54', '2025-05-07 17:13:54'),
(592, 919, 111, '2009-07-10', '2009-07-11', 'null', '2025-05-07 17:13:54', '2025-05-07 17:13:54'),
(593, 1026, 16, '2009-07-10', '2009-07-11', 'null', '2025-05-07 17:13:54', '2025-05-07 17:13:54'),
(594, 807, 182, '2009-07-10', '2009-07-17', 'null', '2025-05-07 17:13:54', '2025-05-07 17:13:54'),
(595, 488, 38, '2009-07-10', '2009-08-05', 'null', '2025-05-07 17:13:54', '2025-05-07 17:13:54'),
(596, 584, 231, '2009-07-10', '2009-07-16', 'null', '2025-05-07 17:13:54', '2025-05-07 17:13:54'),
(597, 169, 256, '2009-07-10', '2009-08-08', 'null', '2025-05-07 17:13:54', '2025-05-07 17:13:54'),
(598, 486, 87, '2009-07-10', '2009-07-31', 'null', '2025-05-07 17:13:54', '2025-05-07 17:13:54'),
(599, 522, 88, '2009-07-10', '2009-07-12', 'null', '2025-05-07 17:13:54', '2025-05-07 17:13:54'),
(600, 50, 196, '2009-07-10', '2009-07-13', 'null', '2025-05-07 17:13:54', '2025-05-07 17:13:54'),
(601, 205, 259, '2009-07-10', '2009-07-14', 'null', '2025-05-07 17:13:54', '2025-05-07 17:13:54'),
(602, 848, 180, '2009-07-10', '2009-07-12', 'null', '2025-05-07 17:13:54', '2025-05-07 17:13:54'),
(603, 266, 240, '2009-07-10', '2009-08-07', 'null', '2025-05-07 17:13:54', '2025-05-07 17:13:54'),
(604, 660, 209, '2009-07-10', '2009-07-12', 'null', '2025-05-07 17:13:54', '2025-05-07 17:13:54'),
(605, 391, 143, '2009-07-10', '2009-07-19', 'null', '2025-05-07 17:13:54', '2025-05-07 17:13:54'),
(606, 976, 98, '2009-07-10', '2009-07-11', 'null', '2025-05-07 17:13:54', '2025-05-07 17:13:54'),
(607, 356, 28, '2009-07-10', '2009-07-31', 'null', '2025-05-07 17:13:54', '2025-05-07 17:13:54'),
(608, 129, 145, '2009-07-10', '2009-08-06', 'null', '2025-05-07 17:13:54', '2025-05-07 17:13:54'),
(609, 141, 258, '2009-07-10', '2009-07-24', 'null', '2025-05-07 17:13:54', '2025-05-07 17:13:54'),
(610, 738, 242, '2009-07-10', '2009-07-29', 'null', '2025-05-07 17:13:54', '2025-05-07 17:13:54'),
(611, 666, 186, '2009-07-10', '2009-07-28', 'null', '2025-05-07 17:13:54', '2025-05-07 17:13:54'),
(612, 535, 129, '2009-07-10', '2009-07-14', 'null', '2025-05-07 17:13:54', '2025-05-07 17:13:54'),
(613, 641, 5, '2009-07-10', '2009-07-24', 'null', '2025-05-07 17:13:54', '2025-05-07 17:13:54'),
(614, 122, 125, '2009-07-10', '2009-07-11', 'null', '2025-05-07 17:13:54', '2025-05-07 17:13:54'),
(615, 426, 77, '2009-07-10', '2009-07-30', 'null', '2025-05-07 17:13:54', '2025-05-07 17:13:54'),
(616, 732, 210, '2009-07-10', '2009-07-12', 'null', '2025-05-07 17:13:54', '2025-05-07 17:13:54'),
(617, 140, 70, '2009-07-10', '2009-07-12', 'null', '2025-05-07 17:13:54', '2025-05-07 17:13:54'),
(618, 1000, 100, '2009-07-10', '2009-08-02', 'null', '2025-05-07 17:13:54', '2025-05-07 17:13:54'),
(619, 1077, 23, '2009-07-10', '2009-07-18', 'null', '2025-05-07 17:13:54', '2025-05-07 17:13:54'),
(620, 440, 196, '2009-07-10', '2009-07-26', 'null', '2025-05-07 17:13:54', '2025-05-07 17:13:54'),
(621, 654, 253, '2009-07-10', '2009-07-18', 'null', '2025-05-07 17:13:54', '2025-05-07 17:13:54'),
(622, 364, 18, '2009-07-10', '2009-07-21', 'null', '2025-05-07 17:13:54', '2025-05-07 17:13:54'),
(623, 681, 123, '2009-07-10', '2009-07-12', 'null', '2025-05-07 17:13:54', '2025-05-07 17:13:54'),
(624, 75, 177, '2009-07-11', '2009-07-16', 'null', '2025-05-07 17:13:54', '2025-05-07 17:13:54'),
(625, 955, 209, '2009-07-11', '2009-07-15', 'null', '2025-05-07 17:13:54', '2025-05-07 17:13:54'),
(626, 109, 189, '2009-07-11', '2009-07-13', 'null', '2025-05-07 17:13:54', '2025-05-07 17:13:54'),
(627, 415, 61, '2009-07-11', '2009-07-18', 'null', '2025-05-07 17:13:54', '2025-05-07 17:13:54'),
(628, 20, 12, '2009-07-11', '2009-07-14', 'null', '2025-05-07 17:13:54', '2025-05-07 17:13:54'),
(629, 773, 185, '2009-07-11', '2009-07-21', 'null', '2025-05-07 17:13:54', '2025-05-07 17:13:54'),
(630, 506, 119, '2009-07-11', '2009-08-10', 'null', '2025-05-07 17:13:54', '2025-05-07 17:13:54'),
(631, 255, 105, '2009-07-11', '2009-08-09', 'null', '2025-05-07 17:13:54', '2025-05-07 17:13:54'),
(632, 909, 172, '2009-07-11', '2009-07-15', 'null', '2025-05-07 17:13:54', '2025-05-07 17:13:54'),
(633, 394, 224, '2009-07-11', '2009-07-31', 'null', '2025-05-07 17:13:54', '2025-05-07 17:13:54'),
(634, 1091, 198, '2009-07-11', '2009-07-17', 'null', '2025-05-07 17:13:54', '2025-05-07 17:13:54'),
(635, 744, 268, '2009-07-11', '2009-07-12', 'null', '2025-05-07 17:13:54', '2025-05-07 17:13:54'),
(636, 862, 149, '2009-07-11', '2009-07-18', 'null', '2025-05-07 17:13:54', '2025-05-07 17:13:54'),
(637, 907, 202, '2009-07-11', '2009-07-17', 'null', '2025-05-07 17:13:54', '2025-05-07 17:13:54'),
(638, 510, 75, '2009-07-11', '2009-07-26', 'null', '2025-05-07 17:13:54', '2025-05-07 17:13:54'),
(639, 365, 143, '2009-07-11', '2009-07-27', 'null', '2025-05-07 17:13:54', '2025-05-07 17:13:54'),
(640, 39, 188, '2009-07-11', '2009-07-13', 'null', '2025-05-07 17:13:54', '2025-05-07 17:13:54'),
(641, 1034, 234, '2009-07-11', '2009-07-16', 'null', '2025-05-07 17:13:54', '2025-05-07 17:13:54'),
(642, 420, 102, '2009-07-11', '2009-08-02', 'null', '2025-05-07 17:13:54', '2025-05-07 17:13:54'),
(643, 867, 26, '2009-07-11', '2009-07-26', 'null', '2025-05-07 17:13:54', '2025-05-07 17:13:54'),
(644, 248, 31, '2009-07-11', '2009-08-01', 'null', '2025-05-07 17:13:54', '2025-05-07 17:13:54'),
(645, 98, 44, '2009-07-11', '2009-07-23', 'null', '2025-05-07 17:13:54', '2025-05-07 17:13:54'),
(646, 1009, 224, '2009-07-11', '2009-07-12', 'null', '2025-05-07 17:13:54', '2025-05-07 17:13:54'),
(647, 417, 120, '2009-07-11', '2009-07-21', 'null', '2025-05-07 17:13:54', '2025-05-07 17:13:54'),
(648, 249, 246, '2009-07-11', '2009-07-15', 'null', '2025-05-07 17:13:54', '2025-05-07 17:13:54'),
(649, 695, 36, '2009-07-11', '2009-07-13', 'null', '2025-05-07 17:13:54', '2025-05-07 17:13:54'),
(650, 185, 83, '2009-07-11', '2009-07-26', 'null', '2025-05-07 17:13:54', '2025-05-07 17:13:54'),
(651, 1079, 63, '2009-07-11', '2009-07-31', 'null', '2025-05-07 17:13:54', '2025-05-07 17:13:54'),
(652, 832, 222, '2009-07-11', '2009-07-31', 'null', '2025-05-07 17:13:54', '2025-05-07 17:13:54'),
(653, 915, 216, '2009-07-11', '2009-07-14', 'null', '2025-05-07 17:13:54', '2025-05-07 17:13:54'),
(654, 943, 222, '2009-07-11', '2009-07-20', 'null', '2025-05-07 17:13:54', '2025-05-07 17:13:54'),
(655, 1072, 79, '2009-07-11', '2009-07-18', 'null', '2025-05-07 17:13:54', '2025-05-07 17:13:54'),
(656, 5, 34, '2009-07-11', '2009-07-16', 'null', '2025-05-07 17:13:54', '2025-05-07 17:13:54'),
(657, 810, 225, '2009-07-11', '2009-07-19', 'null', '2025-05-07 17:13:54', '2025-05-07 17:13:54'),
(658, 461, 198, '2009-07-11', '2009-07-25', 'null', '2025-05-07 17:13:54', '2025-05-07 17:13:54'),
(659, 496, 134, '2009-07-11', '2009-07-31', 'null', '2025-05-07 17:13:54', '2025-05-07 17:13:54'),
(660, 225, 182, '2009-07-11', '2009-08-07', 'null', '2025-05-07 17:13:54', '2025-05-07 17:13:54'),
(661, 993, 268, '2009-07-11', '2009-07-12', 'null', '2025-05-07 17:13:54', '2025-05-07 17:13:54'),
(662, 81, 48, '2009-07-11', '2009-08-06', 'null', '2025-05-07 17:13:54', '2025-05-07 17:13:54'),
(663, 580, 199, '2009-07-11', '2009-07-16', 'null', '2025-05-07 17:13:54', '2025-05-07 17:13:54'),
(664, 731, 221, '2009-07-11', '2009-08-05', 'null', '2025-05-07 17:13:54', '2025-05-07 17:13:54'),
(665, 71, 224, '2009-07-11', '2009-07-12', 'null', '2025-05-07 17:13:54', '2025-05-07 17:13:54'),
(666, 972, 83, '2009-07-11', '2009-07-30', 'null', '2025-05-07 17:13:54', '2025-05-07 17:13:54'),
(667, 978, 21, '2009-07-11', '2009-08-05', 'null', '2025-05-07 17:13:54', '2025-05-07 17:13:54'),
(668, 6, 78, '2009-07-11', '2009-07-14', 'null', '2025-05-07 17:13:54', '2025-05-07 17:13:54'),
(669, 608, 223, '2009-07-11', '2009-08-04', 'null', '2025-05-07 17:13:54', '2025-05-07 17:13:54'),
(670, 87, 103, '2009-07-11', '2009-07-18', 'null', '2025-05-07 17:13:54', '2025-05-07 17:13:54'),
(671, 933, 193, '2009-07-11', '2009-07-27', 'null', '2025-05-07 17:13:54', '2025-05-07 17:13:54'),
(672, 96, 77, '2009-07-11', '2009-07-17', 'null', '2025-05-07 17:13:54', '2025-05-07 17:13:54'),
(673, 775, 239, '2009-07-11', '2009-07-18', 'null', '2025-05-07 17:13:54', '2025-05-07 17:13:54'),
(674, 285, 2, '2009-07-11', '2009-07-18', 'null', '2025-05-07 17:13:54', '2025-05-07 17:13:54'),
(675, 465, 93, '2009-07-11', '2009-07-18', 'null', '2025-05-07 17:13:54', '2025-05-07 17:13:54'),
(676, 357, 49, '2009-07-11', '2009-07-31', 'null', '2025-05-07 17:13:54', '2025-05-07 17:13:54'),
(677, 51, 92, '2009-07-11', '2009-08-08', 'null', '2025-05-07 17:13:54', '2025-05-07 17:13:54'),
(678, 171, 172, '2009-07-11', '2009-07-13', 'null', '2025-05-07 17:13:54', '2025-05-07 17:13:54'),
(679, 32, 64, '2009-07-11', '2009-07-21', 'null', '2025-05-07 17:13:54', '2025-05-07 17:13:54'),
(680, 742, 19, '2009-07-11', '2009-07-17', 'null', '2025-05-07 17:13:54', '2025-05-07 17:13:54'),
(681, 784, 182, '2009-07-11', '2009-08-07', 'null', '2025-05-07 17:13:54', '2025-05-07 17:13:54'),
(682, 421, 172, '2009-07-11', '2009-07-18', 'null', '2025-05-07 17:13:54', '2025-05-07 17:13:54'),
(683, 555, 232, '2009-07-11', '2009-07-18', 'null', '2025-05-07 17:13:54', '2025-05-07 17:13:54'),
(684, 1016, 268, '2009-07-11', '2009-07-12', 'null', '2025-05-07 17:13:54', '2025-05-07 17:13:54'),
(685, 3, 111, '2009-07-11', '2009-07-12', 'null', '2025-05-07 17:13:54', '2025-05-07 17:13:54'),
(686, 22, 59, '2009-07-11', '2009-07-14', 'null', '2025-05-07 17:13:54', '2025-05-07 17:13:54'),
(687, 476, 108, '2009-07-11', '2009-08-03', 'null', '2025-05-07 17:13:54', '2025-05-07 17:13:54'),
(688, 642, 59, '2009-07-11', '2009-07-22', 'null', '2025-05-07 17:13:54', '2025-05-07 17:13:54'),
(689, 751, 123, '2009-07-11', '2009-08-02', 'null', '2025-05-07 17:13:54', '2025-05-07 17:13:54'),
(690, 280, 87, '2009-07-11', '2009-07-13', 'null', '2025-05-07 17:13:54', '2025-05-07 17:13:54'),
(691, 1022, 236, '2009-07-11', '2009-07-23', 'null', '2025-05-07 17:13:54', '2025-05-07 17:13:54'),
(692, 1037, 255, '2009-07-11', '2009-07-23', 'null', '2025-05-07 17:13:54', '2025-05-07 17:13:54'),
(693, 137, 51, '2009-07-11', '2009-07-20', 'null', '2025-05-07 17:13:54', '2025-05-07 17:13:54'),
(694, 833, 258, '2009-07-11', '2009-08-09', 'null', '2025-05-07 17:13:54', '2025-05-07 17:13:54'),
(695, 78, 31, '2009-07-11', '2009-07-12', 'null', '2025-05-07 17:13:54', '2025-05-07 17:13:54'),
(696, 174, 75, '2009-07-11', '2009-07-26', 'null', '2025-05-07 17:13:54', '2025-05-07 17:13:54'),
(697, 240, 201, '2009-07-11', '2009-07-30', 'null', '2025-05-07 17:13:54', '2025-05-07 17:13:54'),
(698, 856, 120, '2009-07-11', '2009-07-26', 'null', '2025-05-07 17:13:54', '2025-05-07 17:13:54'),
(699, 310, 239, '2009-07-12', '2009-07-16', 'null', '2025-05-07 17:13:54', '2025-05-07 17:13:54'),
(700, 627, 64, '2009-07-12', '2009-07-18', 'null', '2025-05-07 17:13:54', '2025-05-07 17:13:54'),
(701, 635, 76, '2009-07-12', '2009-08-09', 'null', '2025-05-07 17:13:54', '2025-05-07 17:13:54'),
(702, 836, 116, '2009-07-12', '2009-07-28', 'null', '2025-05-07 17:13:54', '2025-05-07 17:13:54'),
(703, 186, 184, '2009-07-12', '2009-07-17', 'null', '2025-05-07 17:13:54', '2025-05-07 17:13:54'),
(704, 541, 155, '2009-07-12', '2009-08-08', 'null', '2025-05-07 17:13:54', '2025-05-07 17:13:54'),
(705, 386, 209, '2009-07-12', '2009-07-14', 'null', '2025-05-07 17:13:54', '2025-05-07 17:13:54'),
(706, 350, 16, '2009-07-12', '2009-07-16', 'null', '2025-05-07 17:13:54', '2025-05-07 17:13:54'),
(707, 854, 190, '2009-07-12', '2009-07-27', 'null', '2025-05-07 17:13:54', '2025-05-07 17:13:54'),
(708, 686, 152, '2009-07-12', '2009-07-18', 'null', '2025-05-07 17:13:54', '2025-05-07 17:13:54'),
(709, 948, 76, '2009-07-12', '2009-08-01', 'null', '2025-05-07 17:13:54', '2025-05-07 17:13:54'),
(710, 315, 55, '2009-07-12', '2009-07-27', 'null', '2025-05-07 17:13:54', '2025-05-07 17:13:54'),
(711, 1056, 102, '2009-07-12', '2009-08-03', 'null', '2025-05-07 17:13:54', '2025-05-07 17:13:54'),
(712, 267, 182, '2009-07-12', '2009-07-14', 'null', '2025-05-07 17:13:54', '2025-05-07 17:13:54'),
(713, 739, 146, '2009-07-12', '2009-07-16', 'null', '2025-05-07 17:13:54', '2025-05-07 17:13:54'),
(714, 263, 15, '2009-07-12', '2009-07-14', 'null', '2025-05-07 17:13:54', '2025-05-07 17:13:54'),
(715, 468, 166, '2009-07-12', '2009-07-16', 'null', '2025-05-07 17:13:54', '2025-05-07 17:13:54'),
(716, 577, 126, '2009-07-12', '2009-08-02', 'null', '2025-05-07 17:13:54', '2025-05-07 17:13:54'),
(717, 873, 100, '2009-07-12', '2009-08-10', 'null', '2025-05-07 17:13:54', '2025-05-07 17:13:54'),
(718, 940, 40, '2009-07-12', '2009-07-15', 'null', '2025-05-07 17:13:54', '2025-05-07 17:13:54'),
(719, 327, 133, '2009-07-12', '2009-07-18', 'null', '2025-05-07 17:13:54', '2025-05-07 17:13:54'),
(720, 684, 6, '2009-07-12', '2009-07-14', 'null', '2025-05-07 17:13:54', '2025-05-07 17:13:54'),
(721, 1062, 194, '2009-07-12', '2009-08-04', 'null', '2025-05-07 17:13:54', '2025-05-07 17:13:54'),
(722, 258, 54, '2009-07-12', '2009-07-27', 'null', '2025-05-07 17:13:54', '2025-05-07 17:13:54'),
(723, 25, 264, '2009-07-12', '2009-07-24', 'null', '2025-05-07 17:13:54', '2025-05-07 17:13:54'),
(724, 944, 154, '2009-07-12', '2009-07-14', 'null', '2025-05-07 17:13:54', '2025-05-07 17:13:54'),
(725, 919, 268, '2009-07-12', '2009-08-09', 'null', '2025-05-07 17:13:54', '2025-05-07 17:13:54'),
(726, 1026, 225, '2009-07-12', '2009-07-29', 'null', '2025-05-07 17:13:54', '2025-05-07 17:13:54'),
(727, 13, 209, '2009-07-12', '2009-07-15', 'null', '2025-05-07 17:13:54', '2025-05-07 17:13:54'),
(728, 852, 130, '2009-07-12', '2009-07-15', 'null', '2025-05-07 17:13:54', '2025-05-07 17:13:54'),
(729, 428, 18, '2009-07-12', '2009-08-06', 'null', '2025-05-07 17:13:54', '2025-05-07 17:13:54'),
(730, 23, 190, '2009-07-12', '2009-07-26', 'null', '2025-05-07 17:13:54', '2025-05-07 17:13:54'),
(731, 61, 247, '2009-07-12', '2009-07-24', 'null', '2025-05-07 17:13:54', '2025-05-07 17:13:54'),
(732, 165, 75, '2009-07-12', '2009-08-06', 'null', '2025-05-07 17:13:54', '2025-05-07 17:13:54'),
(733, 993, 30, '2009-07-12', '2009-07-29', 'null', '2025-05-07 17:13:54', '2025-05-07 17:13:54'),
(734, 606, 123, '2009-07-12', '2009-08-04', 'null', '2025-05-07 17:13:54', '2025-05-07 17:13:54'),
(735, 822, 60, '2009-07-12', '2009-07-17', 'null', '2025-05-07 17:13:54', '2025-05-07 17:13:54'),
(736, 785, 101, '2009-07-12', '2009-07-15', 'null', '2025-05-07 17:13:54', '2025-05-07 17:13:54'),
(737, 1024, 245, '2009-07-12', '2009-07-20', 'null', '2025-05-07 17:13:54', '2025-05-07 17:13:54'),
(738, 154, 145, '2009-07-12', '2009-07-14', 'null', '2025-05-07 17:13:54', '2025-05-07 17:13:54'),
(739, 399, 177, '2009-07-12', '2009-07-26', 'null', '2025-05-07 17:13:54', '2025-05-07 17:13:54'),
(740, 316, 235, '2009-07-12', '2009-08-06', 'null', '2025-05-07 17:13:54', '2025-05-07 17:13:54'),
(741, 392, 222, '2009-07-12', '2009-08-09', 'null', '2025-05-07 17:13:54', '2025-05-07 17:13:54'),
(742, 722, 159, '2009-07-12', '2009-08-09', 'null', '2025-05-07 17:13:54', '2025-05-07 17:13:54'),
(743, 829, 36, '2009-07-12', '2009-08-08', 'null', '2025-05-07 17:13:54', '2025-05-07 17:13:54'),
(744, 34, 206, '2009-07-12', '2009-07-15', 'null', '2025-05-07 17:13:54', '2025-05-07 17:13:54'),
(745, 209, 131, '2009-07-12', '2009-07-16', 'null', '2025-05-07 17:13:54', '2025-05-07 17:13:54'),
(746, 578, 102, '2009-07-12', '2009-08-03', 'null', '2025-05-07 17:13:54', '2025-05-07 17:13:54'),
(747, 181, 33, '2009-07-12', '2009-07-17', 'null', '2025-05-07 17:13:54', '2025-05-07 17:13:54'),
(748, 767, 106, '2009-07-12', '2009-07-21', 'null', '2025-05-07 17:13:54', '2025-05-07 17:13:54'),
(749, 894, 74, '2009-07-12', '2009-07-23', 'null', '2025-05-07 17:13:54', '2025-05-07 17:13:54'),
(750, 954, 145, '2009-07-12', '2009-07-13', 'null', '2025-05-07 17:13:54', '2025-05-07 17:13:54'),
(751, 207, 113, '2009-07-12', '2009-07-18', 'null', '2025-05-07 17:13:54', '2025-05-07 17:13:54'),
(752, 772, 229, '2009-07-12', '2009-08-11', 'null', '2025-05-07 17:13:54', '2025-05-07 17:13:54'),
(753, 984, 15, '2009-07-12', '2009-07-14', 'null', '2025-05-07 17:13:54', '2025-05-07 17:13:54'),
(754, 429, 69, '2009-07-12', '2009-07-22', 'null', '2025-05-07 17:13:54', '2025-05-07 17:13:54'),
(755, 876, 242, '2009-07-12', '2009-07-17', 'null', '2025-05-07 17:13:54', '2025-05-07 17:13:54'),
(756, 725, 3, '2009-07-12', '2009-07-15', 'null', '2025-05-07 17:13:54', '2025-05-07 17:13:54'),
(757, 3, 131, '2009-07-12', '2009-07-19', 'null', '2025-05-07 17:13:54', '2025-05-07 17:13:54'),
(758, 728, 157, '2009-07-12', '2009-07-14', 'null', '2025-05-07 17:13:54', '2025-05-07 17:13:54'),
(759, 901, 226, '2009-07-12', '2009-07-13', 'null', '2025-05-07 17:13:54', '2025-05-07 17:13:54'),
(760, 945, 6, '2009-07-12', '2009-07-14', 'null', '2025-05-07 17:13:54', '2025-05-07 17:13:54'),
(761, 839, 251, '2009-07-12', '2009-07-14', 'null', '2025-05-07 17:13:54', '2025-05-07 17:13:54'),
(762, 411, NULL, '2009-07-12', '2009-08-03', 'null', '2025-05-07 17:13:54', '2025-05-07 17:13:54'),
(763, 802, 196, '2009-07-12', '2009-07-14', 'null', '2025-05-07 17:13:54', '2025-05-07 17:13:54'),
(764, 918, 149, '2009-07-12', '2009-07-19', 'null', '2025-05-07 17:13:54', '2025-05-07 17:13:54'),
(765, 199, 233, '2009-07-13', '2009-08-04', 'null', '2025-05-07 17:13:54', '2025-05-07 17:13:54'),
(766, 257, 77, '2009-07-13', '2009-07-20', 'null', '2025-05-07 17:13:54', '2025-05-07 17:13:54'),
(767, 480, 203, '2009-07-13', '2009-07-21', 'null', '2025-05-07 17:13:54', '2025-05-07 17:13:54'),
(768, 334, 58, '2009-07-13', '2009-07-20', 'null', '2025-05-07 17:13:54', '2025-05-07 17:13:54'),
(769, 924, 96, '2009-07-13', '2009-07-29', 'null', '2025-05-07 17:13:54', '2025-05-07 17:13:54'),
(770, 47, 199, '2009-07-13', '2009-08-09', 'null', '2025-05-07 17:13:54', '2025-05-07 17:13:54'),
(771, 395, 20, '2009-07-13', '2009-08-05', 'null', '2025-05-07 17:13:54', '2025-05-07 17:13:54'),
(772, 779, 218, '2009-07-13', '2009-07-20', 'null', '2025-05-07 17:13:54', '2025-05-07 17:13:54'),
(773, 727, 121, '2009-07-13', '2009-07-15', 'null', '2025-05-07 17:13:54', '2025-05-07 17:13:54'),
(774, 928, 159, '2009-07-13', '2009-07-26', 'null', '2025-05-07 17:13:54', '2025-05-07 17:13:54'),
(775, 795, 98, '2009-07-13', '2009-07-27', 'null', '2025-05-07 17:13:54', '2025-05-07 17:13:54'),
(776, 1049, 158, '2009-07-13', '2009-07-26', 'null', '2025-05-07 17:13:54', '2025-05-07 17:13:54'),
(777, 989, 201, '2009-07-13', '2009-08-05', 'null', '2025-05-07 17:13:54', '2025-05-07 17:13:54'),
(778, 906, 67, '2009-07-13', '2009-08-08', 'null', '2025-05-07 17:13:54', '2025-05-07 17:13:54'),
(779, 180, 83, '2009-07-13', '2009-07-18', 'null', '2025-05-07 17:13:54', '2025-05-07 17:13:54'),
(780, 691, 126, '2009-07-13', '2009-07-18', 'null', '2025-05-07 17:13:54', '2025-05-07 17:13:54'),
(781, 842, 42, '2009-07-13', '2009-07-22', 'null', '2025-05-07 17:13:54', '2025-05-07 17:13:54'),
(782, 85, 226, '2009-07-13', '2009-07-30', 'null', '2025-05-07 17:13:54', '2025-05-07 17:13:54'),
(783, 455, 183, '2009-07-13', '2009-07-25', 'null', '2025-05-07 17:13:54', '2025-05-07 17:13:54'),
(784, 946, 144, '2009-07-13', '2009-07-17', 'null', '2025-05-07 17:13:54', '2025-05-07 17:13:54'),
(785, 626, 136, '2009-07-13', '2009-08-06', 'null', '2025-05-07 17:13:54', '2025-05-07 17:13:54'),
(786, 373, 159, '2009-07-13', '2009-07-14', 'null', '2025-05-07 17:13:54', '2025-05-07 17:13:54'),
(787, 582, 50, '2009-07-13', '2009-07-24', 'null', '2025-05-07 17:13:54', '2025-05-07 17:13:54'),
(788, 485, 150, '2009-07-13', '2009-07-17', 'null', '2025-05-07 17:13:54', '2025-05-07 17:13:54'),
(789, 957, 241, '2009-07-13', '2009-07-17', 'null', '2025-05-07 17:13:54', '2025-05-07 17:13:54'),
(790, 442, 224, '2009-07-13', '2009-07-21', 'null', '2025-05-07 17:13:54', '2025-05-07 17:13:54'),
(791, 346, 5, '2009-07-13', '2009-07-20', 'null', '2025-05-07 17:13:54', '2025-05-07 17:13:54'),
(792, 435, 195, '2009-07-13', '2009-07-30', 'null', '2025-05-07 17:13:54', '2025-05-07 17:13:54'),
(793, 806, 23, '2009-07-13', '2009-07-15', 'null', '2025-05-07 17:13:54', '2025-05-07 17:13:54'),
(794, 595, 13, '2009-07-13', '2009-07-16', 'null', '2025-05-07 17:13:54', '2025-05-07 17:13:54'),
(795, 17, 93, '2009-07-13', '2009-07-15', 'null', '2025-05-07 17:13:54', '2025-05-07 17:13:54'),
(796, 951, 43, '2009-07-13', '2009-07-16', 'null', '2025-05-07 17:13:54', '2025-05-07 17:13:54'),
(797, 489, 140, '2009-07-13', '2009-07-15', 'null', '2025-05-07 17:13:54', '2025-05-07 17:13:54'),
(798, 10, 223, '2009-07-13', '2009-07-19', 'null', '2025-05-07 17:13:54', '2025-05-07 17:13:54'),
(799, 502, 44, '2009-07-13', '2009-08-04', 'null', '2025-05-07 17:13:54', '2025-05-07 17:13:54'),
(800, 385, 215, '2009-07-13', '2009-07-16', 'null', '2025-05-07 17:13:54', '2025-05-07 17:13:54'),
(801, 820, 61, '2009-07-13', '2009-07-19', 'null', '2025-05-07 17:13:54', '2025-05-07 17:13:54'),
(802, 667, 96, '2009-07-13', '2009-07-29', 'null', '2025-05-07 17:13:54', '2025-05-07 17:13:54'),
(803, 144, 232, '2009-07-13', '2009-07-15', 'null', '2025-05-07 17:13:54', '2025-05-07 17:13:54'),
(804, 763, 205, '2009-07-13', '2009-07-31', 'null', '2025-05-07 17:13:54', '2025-05-07 17:13:54'),
(805, 71, 200, '2009-07-13', '2009-08-07', 'null', '2025-05-07 17:13:54', '2025-05-07 17:13:54'),
(806, 320, 38, '2009-07-13', '2009-07-29', 'null', '2025-05-07 17:13:54', '2025-05-07 17:13:54'),
(807, 520, 77, '2009-07-13', '2009-07-27', 'null', '2025-05-07 17:13:54', '2025-05-07 17:13:54'),
(808, 130, 87, '2009-07-13', '2009-07-20', 'null', '2025-05-07 17:13:54', '2025-05-07 17:13:54'),
(809, 283, 262, '2009-07-13', '2009-08-04', 'null', '2025-05-07 17:13:54', '2025-05-07 17:13:54'),
(810, 304, 153, '2009-07-13', '2009-08-10', 'null', '2025-05-07 17:13:54', '2025-05-07 17:13:54'),
(811, 511, 195, '2009-07-13', '2009-07-17', 'null', '2025-05-07 17:13:54', '2025-05-07 17:13:54'),
(812, 843, 124, '2009-07-13', '2009-07-29', 'null', '2025-05-07 17:13:54', '2025-05-07 17:13:54'),
(813, 1029, 5, '2009-07-13', '2009-07-23', 'null', '2025-05-07 17:13:54', '2025-05-07 17:13:54'),
(814, 643, 170, '2009-07-13', '2009-08-07', 'null', '2025-05-07 17:13:54', '2025-05-07 17:13:54'),
(815, 579, 265, '2009-07-13', '2009-08-07', 'null', '2025-05-07 17:13:54', '2025-05-07 17:13:54'),
(816, 689, 116, '2009-07-13', '2009-07-16', 'null', '2025-05-07 17:13:54', '2025-05-07 17:13:54'),
(817, 1055, 263, '2009-07-13', '2009-07-27', 'null', '2025-05-07 17:13:54', '2025-05-07 17:13:54'),
(818, 721, 148, '2009-07-13', '2009-07-22', 'null', '2025-05-07 17:13:54', '2025-05-07 17:13:54'),
(819, 912, 64, '2009-07-13', '2009-08-01', 'null', '2025-05-07 17:13:54', '2025-05-07 17:13:54'),
(820, 338, 101, '2009-07-13', '2009-07-26', 'null', '2025-05-07 17:13:54', '2025-05-07 17:13:54'),
(821, 66, 265, '2009-07-13', '2009-08-01', 'null', '2025-05-07 17:13:54', '2025-05-07 17:13:54'),
(822, 1078, 146, '2009-07-13', '2009-07-14', 'null', '2025-05-07 17:13:54', '2025-05-07 17:13:54'),
(823, 880, 51, '2009-07-13', '2009-07-21', 'null', '2025-05-07 17:13:54', '2025-05-07 17:13:54'),
(824, 200, 2, '2009-07-13', '2009-07-14', 'null', '2025-05-07 17:13:54', '2025-05-07 17:13:54'),
(825, 712, 206, '2009-07-13', '2009-08-02', 'null', '2025-05-07 17:13:54', '2025-05-07 17:13:54'),
(826, 79, 81, '2009-07-13', '2009-08-09', 'null', '2025-05-07 17:13:54', '2025-05-07 17:13:54'),
(827, 499, 163, '2009-07-13', '2009-07-25', 'null', '2025-05-07 17:13:54', '2025-05-07 17:13:54'),
(828, 786, 69, '2009-07-14', '2009-07-21', 'null', '2025-05-07 17:13:54', '2025-05-07 17:13:54'),
(829, 811, 206, '2009-07-14', '2009-07-20', 'null', '2025-05-07 17:13:54', '2025-05-07 17:13:54'),
(830, 20, 204, '2009-07-14', '2009-07-20', 'null', '2025-05-07 17:13:54', '2025-05-07 17:13:54'),
(831, 463, 102, '2009-07-14', '2009-08-10', 'null', '2025-05-07 17:13:54', '2025-05-07 17:13:54'),
(832, 922, 112, '2009-07-14', '2009-08-12', 'null', '2025-05-07 17:13:54', '2025-05-07 17:13:54'),
(833, 1087, 59, '2009-07-14', '2009-07-30', 'null', '2025-05-07 17:13:54', '2025-05-07 17:13:54'),
(834, 271, 195, '2009-07-14', '2009-07-29', 'null', '2025-05-07 17:13:54', '2025-05-07 17:13:54'),
(835, 342, 7, '2009-07-14', '2009-07-16', 'null', '2025-05-07 17:13:54', '2025-05-07 17:13:54'),
(836, 386, 112, '2009-07-14', '2009-07-19', 'null', '2025-05-07 17:13:54', '2025-05-07 17:13:54'),
(837, 423, 199, '2009-07-14', '2009-08-02', 'null', '2025-05-07 17:13:54', '2025-05-07 17:13:54'),
(838, 709, 152, '2009-07-14', '2009-07-20', 'null', '2025-05-07 17:13:54', '2025-05-07 17:13:54'),
(839, 29, 143, '2009-07-14', '2009-07-20', 'null', '2025-05-07 17:13:54', '2025-05-07 17:13:54'),
(840, 760, 70, '2009-07-14', '2009-07-17', 'null', '2025-05-07 17:13:54', '2025-05-07 17:13:54'),
(841, 339, 178, '2009-07-14', '2009-07-26', 'null', '2025-05-07 17:13:54', '2025-05-07 17:13:54'),
(842, 911, 231, '2009-07-14', '2009-07-17', 'null', '2025-05-07 17:13:54', '2025-05-07 17:13:54'),
(843, 705, 107, '2009-07-14', '2009-07-16', 'null', '2025-05-07 17:13:54', '2025-05-07 17:13:54'),
(844, 39, 120, '2009-07-14', '2009-07-20', 'null', '2025-05-07 17:13:54', '2025-05-07 17:13:54'),
(845, 103, 84, '2009-07-14', '2009-07-15', 'null', '2025-05-07 17:13:54', '2025-05-07 17:13:54'),
(846, 106, 256, '2009-07-14', '2009-07-15', 'null', '2025-05-07 17:13:54', '2025-05-07 17:13:54'),
(847, 48, 256, '2009-07-14', '2009-07-20', 'null', '2025-05-07 17:13:54', '2025-05-07 17:13:54'),
(848, 469, 32, '2009-07-14', '2009-07-24', 'null', '2025-05-07 17:13:54', '2025-05-07 17:13:54'),
(849, 995, 135, '2009-07-14', '2009-07-19', 'null', '2025-05-07 17:13:54', '2025-05-07 17:13:54'),
(850, 1036, 212, '2009-07-14', '2009-07-15', 'null', '2025-05-07 17:13:54', '2025-05-07 17:13:54'),
(851, 74, NULL, '2009-07-14', '2009-07-20', 'null', '2025-05-07 17:13:54', '2025-05-07 17:13:54'),
(852, 982, 54, '2009-07-14', '2009-07-21', 'null', '2025-05-07 17:13:54', '2025-05-07 17:13:54'),
(853, 1086, 171, '2009-07-14', '2009-07-18', 'null', '2025-05-07 17:13:54', '2025-05-07 17:13:54'),
(854, 57, 119, '2009-07-14', '2009-08-08', 'null', '2025-05-07 17:13:54', '2025-05-07 17:13:54'),
(855, 60, 238, '2009-07-14', '2009-07-20', 'null', '2025-05-07 17:13:54', '2025-05-07 17:13:54'),
(856, 127, 198, '2009-07-14', '2009-08-07', 'null', '2025-05-07 17:13:54', '2025-05-07 17:13:54'),
(857, 236, 196, '2009-07-14', '2009-07-20', 'null', '2025-05-07 17:13:54', '2025-05-07 17:13:54'),
(858, 540, 127, '2009-07-14', '2009-07-17', 'null', '2025-05-07 17:13:54', '2025-05-07 17:13:54'),
(859, 685, 219, '2009-07-14', '2009-07-31', 'null', '2025-05-07 17:13:54', '2025-05-07 17:13:54'),
(860, 430, 119, '2009-07-14', '2009-07-16', 'null', '2025-05-07 17:13:54', '2025-05-07 17:13:54'),
(861, 494, 178, '2009-07-14', '2009-07-18', 'null', '2025-05-07 17:13:54', '2025-05-07 17:13:54'),
(862, 944, 181, '2009-07-14', '2009-08-12', 'null', '2025-05-07 17:13:54', '2025-05-07 17:13:54'),
(863, 892, 211, '2009-07-14', '2009-07-26', 'null', '2025-05-07 17:13:54', '2025-05-07 17:13:54'),
(864, 996, 232, '2009-07-14', '2009-07-17', 'null', '2025-05-07 17:13:54', '2025-05-07 17:13:54'),
(865, 715, 107, '2009-07-14', '2009-07-16', 'null', '2025-05-07 17:13:54', '2025-05-07 17:13:54'),
(866, 665, 144, '2009-07-14', '2009-07-15', 'null', '2025-05-07 17:13:54', '2025-05-07 17:13:54'),
(867, 408, 194, '2009-07-14', '2009-07-18', 'null', '2025-05-07 17:13:54', '2025-05-07 17:13:54'),
(868, 539, 81, '2009-07-14', '2009-07-16', 'null', '2025-05-07 17:13:54', '2025-05-07 17:13:54'),
(869, 38, 19, '2009-07-14', '2009-07-17', 'null', '2025-05-07 17:13:54', '2025-05-07 17:13:54'),
(870, 153, 182, '2009-07-14', '2009-07-16', 'null', '2025-05-07 17:13:54', '2025-05-07 17:13:54'),
(871, 261, 138, '2009-07-14', '2009-08-05', 'null', '2025-05-07 17:13:54', '2025-05-07 17:13:54'),
(872, 124, 212, '2009-07-14', '2009-07-31', 'null', '2025-05-07 17:13:54', '2025-05-07 17:13:54'),
(873, 898, 7, '2009-07-14', '2009-07-22', 'null', '2025-05-07 17:13:54', '2025-05-07 17:13:54'),
(874, 91, 6, '2009-07-14', '2009-07-18', 'null', '2025-05-07 17:13:54', '2025-05-07 17:13:54'),
(875, 560, 42, '2009-07-14', '2009-07-17', 'null', '2025-05-07 17:13:54', '2025-05-07 17:13:54'),
(876, 54, 8, '2009-07-14', '2009-07-26', 'null', '2025-05-07 17:13:54', '2025-05-07 17:13:54'),
(877, 354, 242, '2009-07-14', '2009-07-20', 'null', '2025-05-07 17:13:54', '2025-05-07 17:13:54'),
(878, 824, 97, '2009-07-14', '2009-08-09', 'null', '2025-05-07 17:13:54', '2025-05-07 17:13:54'),
(879, 658, 235, '2009-07-14', '2009-07-18', 'null', '2025-05-07 17:13:54', '2025-05-07 17:13:54'),
(880, 885, 84, '2009-07-14', '2009-07-30', 'null', '2025-05-07 17:13:54', '2025-05-07 17:13:54'),
(881, 6, 202, '2009-07-14', '2009-07-17', 'null', '2025-05-07 17:13:54', '2025-05-07 17:13:54'),
(882, 866, 19, '2009-07-14', '2009-07-15', 'null', '2025-05-07 17:13:54', '2025-05-07 17:13:54'),
(883, 823, 172, '2009-07-14', '2009-07-19', 'null', '2025-05-07 17:13:54', '2025-05-07 17:13:54'),
(884, 753, 2, '2009-07-14', '2009-07-19', 'null', '2025-05-07 17:13:54', '2025-05-07 17:13:54'),
(885, 884, 176, '2009-07-14', '2009-07-16', 'null', '2025-05-07 17:13:54', '2025-05-07 17:13:54'),
(886, 198, 117, '2009-07-14', '2009-07-31', 'null', '2025-05-07 17:13:54', '2025-05-07 17:13:54'),
(887, 270, 39, '2009-07-14', '2009-07-18', 'null', '2025-05-07 17:13:54', '2025-05-07 17:13:54'),
(888, 985, 74, '2009-07-14', '2009-07-17', 'null', '2025-05-07 17:13:54', '2025-05-07 17:13:54'),
(889, 490, 67, '2009-07-14', '2009-08-01', 'null', '2025-05-07 17:13:54', '2025-05-07 17:13:54'),
(890, 997, 202, '2009-07-14', '2009-07-20', 'null', '2025-05-07 17:13:54', '2025-05-07 17:13:54'),
(891, 736, 142, '2009-07-14', '2009-07-28', 'null', '2025-05-07 17:13:54', '2025-05-07 17:13:54'),
(892, 208, 171, '2009-07-14', '2009-07-18', 'null', '2025-05-07 17:13:54', '2025-05-07 17:13:54'),
(893, 837, 45, '2009-07-14', '2009-07-31', 'null', '2025-05-07 17:13:54', '2025-05-07 17:13:54'),
(894, 857, 8, '2009-07-14', '2009-07-26', 'null', '2025-05-07 17:13:54', '2025-05-07 17:13:54'),
(895, 975, 128, '2009-07-14', '2009-07-15', 'null', '2025-05-07 17:13:54', '2025-05-07 17:13:54'),
(896, 1078, 121, '2009-07-14', '2009-07-23', 'null', '2025-05-07 17:13:54', '2025-05-07 17:13:54'),
(897, 114, 176, '2009-07-14', '2009-08-07', 'null', '2025-05-07 17:13:54', '2025-05-07 17:13:54'),
(898, 903, 109, '2009-07-14', '2009-07-21', 'null', '2025-05-07 17:13:54', '2025-05-07 17:13:54'),
(899, 331, 176, '2009-07-14', '2009-07-16', 'null', '2025-05-07 17:13:54', '2025-05-07 17:13:54'),
(900, 358, 117, '2009-07-14', '2009-07-21', 'null', '2025-05-07 17:13:54', '2025-05-07 17:13:54'),
(901, 389, 184, '2009-07-14', '2009-07-17', 'null', '2025-05-07 17:13:54', '2025-05-07 17:13:54'),
(902, 804, 67, '2009-07-14', '2009-07-18', 'null', '2025-05-07 17:13:54', '2025-05-07 17:13:54'),
(903, 84, 19, '2009-07-14', '2009-07-24', 'null', '2025-05-07 17:13:54', '2025-05-07 17:13:54'),
(904, 323, 3, '2009-07-14', '2009-07-16', 'null', '2025-05-07 17:13:54', '2025-05-07 17:13:54'),
(905, 78, 239, '2009-07-14', '2009-07-26', 'null', '2025-05-07 17:13:54', '2025-05-07 17:13:54'),
(906, 639, 251, '2009-07-14', '2009-07-23', 'null', '2025-05-07 17:13:54', '2025-05-07 17:13:54'),
(907, 756, 250, '2009-07-15', '2009-07-20', 'null', '2025-05-07 17:13:54', '2025-05-07 17:13:54'),
(908, 44, 114, '2009-07-15', '2009-08-08', 'null', '2025-05-07 17:13:54', '2025-05-07 17:13:54'),
(909, 109, 163, '2009-07-15', '2009-07-20', 'null', '2025-05-07 17:13:54', '2025-05-07 17:13:54'),
(910, 826, 132, '2009-07-15', '2009-07-31', 'null', '2025-05-07 17:13:54', '2025-05-07 17:13:54'),
(911, 864, 56, '2009-07-15', '2009-07-23', 'null', '2025-05-07 17:13:54', '2025-05-07 17:13:54'),
(912, 184, 255, '2009-07-15', '2009-07-18', 'null', '2025-05-07 17:13:54', '2025-05-07 17:13:54'),
(913, 380, 144, '2009-07-15', '2009-07-22', 'null', '2025-05-07 17:13:54', '2025-05-07 17:13:54'),
(914, 598, 66, '2009-07-15', '2009-07-16', 'null', '2025-05-07 17:13:54', '2025-05-07 17:13:54'),
(915, 657, 214, '2009-07-15', '2009-08-04', 'null', '2025-05-07 17:13:54', '2025-05-07 17:13:54'),
(916, 645, 240, '2009-07-15', '2009-07-16', 'null', '2025-05-07 17:13:54', '2025-05-07 17:13:54'),
(917, 223, 43, '2009-07-15', '2009-07-16', 'null', '2025-05-07 17:13:54', '2025-05-07 17:13:54'),
(918, 478, 98, '2009-07-15', '2009-07-31', 'null', '2025-05-07 17:13:54', '2025-05-07 17:13:54'),
(919, 2, 184, '2009-07-15', '2009-07-18', 'null', '2025-05-07 17:13:54', '2025-05-07 17:13:54'),
(920, 855, 174, '2009-07-15', '2009-08-05', 'null', '2025-05-07 17:13:54', '2025-05-07 17:13:54'),
(921, 603, 150, '2009-07-15', '2009-08-12', 'null', '2025-05-07 17:13:54', '2025-05-07 17:13:54'),
(922, 700, 226, '2009-07-15', '2009-07-17', 'null', '2025-05-07 17:13:54', '2025-05-07 17:13:54'),
(923, 703, 171, '2009-07-15', '2009-07-29', 'null', '2025-05-07 17:13:54', '2025-05-07 17:13:54'),
(924, 649, 126, '2009-07-15', '2009-08-04', 'null', '2025-05-07 17:13:54', '2025-05-07 17:13:54'),
(925, 237, 26, '2009-07-15', '2009-07-18', 'null', '2025-05-07 17:13:54', '2025-05-07 17:13:54'),
(926, 56, 4, '2009-07-15', '2009-07-21', 'null', '2025-05-07 17:13:54', '2025-05-07 17:13:54'),
(927, 869, 230, '2009-07-15', '2009-08-14', 'null', '2025-05-07 17:13:54', '2025-05-07 17:13:54'),
(928, 12, 210, '2009-07-15', '2009-07-18', 'null', '2025-05-07 17:13:54', '2025-05-07 17:13:54'),
(929, 1058, 21, '2009-07-15', '2009-07-17', 'null', '2025-05-07 17:13:54', '2025-05-07 17:13:54'),
(930, 517, NULL, '2009-07-15', '2009-07-28', 'null', '2025-05-07 17:13:54', '2025-05-07 17:13:54'),
(931, 49, 241, '2009-07-15', '2009-07-18', 'null', '2025-05-07 17:13:54', '2025-05-07 17:13:54'),
(932, 418, 126, '2009-07-15', '2009-07-21', 'null', '2025-05-07 17:13:54', '2025-05-07 17:13:54'),
(933, 695, 34, '2009-07-15', '2009-07-21', 'null', '2025-05-07 17:13:54', '2025-05-07 17:13:54'),
(934, 558, 143, '2009-07-15', '2009-07-21', 'null', '2025-05-07 17:13:54', '2025-05-07 17:13:54'),
(935, 172, 54, '2009-07-15', '2009-08-08', 'null', '2025-05-07 17:13:54', '2025-05-07 17:13:54'),
(936, 142, 201, '2009-07-15', '2009-07-21', 'null', '2025-05-07 17:13:54', '2025-05-07 17:13:54'),
(937, 388, 221, '2009-07-15', '2009-07-21', 'null', '2025-05-07 17:13:54', '2025-05-07 17:13:54'),
(938, 451, 145, '2009-07-15', '2009-07-19', 'null', '2025-05-07 17:13:54', '2025-05-07 17:13:54'),
(939, 561, 61, '2009-07-15', '2009-07-16', 'null', '2025-05-07 17:13:54', '2025-05-07 17:13:54'),
(940, 281, 231, '2009-07-15', '2009-07-21', 'null', '2025-05-07 17:13:54', '2025-05-07 17:13:54'),
(941, 707, 82, '2009-07-15', '2009-07-16', 'null', '2025-05-07 17:13:54', '2025-05-07 17:13:54'),
(942, 287, 267, '2009-07-15', '2009-08-12', 'null', '2025-05-07 17:13:54', '2025-05-07 17:13:54'),
(943, 704, 45, '2009-07-15', '2009-07-22', 'null', '2025-05-07 17:13:54', '2025-05-07 17:13:54'),
(944, 245, 94, '2009-07-15', '2009-08-11', 'null', '2025-05-07 17:13:54', '2025-05-07 17:13:54'),
(945, 311, 139, '2009-07-15', '2009-07-22', 'null', '2025-05-07 17:13:54', '2025-05-07 17:13:54'),
(946, 656, 215, '2009-07-15', '2009-08-13', 'null', '2025-05-07 17:13:54', '2025-05-07 17:13:54'),
(947, 675, 64, '2009-07-15', '2009-08-08', 'null', '2025-05-07 17:13:54', '2025-05-07 17:13:54'),
(948, 95, 108, '2009-07-15', '2009-07-21', 'null', '2025-05-07 17:13:54', '2025-05-07 17:13:54'),
(949, 701, 261, '2009-07-15', '2009-07-20', 'null', '2025-05-07 17:13:54', '2025-05-07 17:13:54'),
(950, 371, 266, '2009-07-15', '2009-07-21', 'null', '2025-05-07 17:13:54', '2025-05-07 17:13:54'),
(951, 723, 140, '2009-07-15', '2009-08-02', 'null', '2025-05-07 17:13:55', '2025-05-07 17:13:55'),
(952, 1063, 73, '2009-07-15', '2009-08-06', 'null', '2025-05-07 17:13:55', '2025-05-07 17:13:55'),
(953, 571, 232, '2009-07-15', '2009-07-29', 'null', '2025-05-07 17:13:55', '2025-05-07 17:13:55'),
(954, 303, 76, '2009-07-15', '2009-07-25', 'null', '2025-05-07 17:13:55', '2025-05-07 17:13:55'),
(955, 610, 1, '2009-07-15', '2009-07-17', 'null', '2025-05-07 17:13:55', '2025-05-07 17:13:55'),
(956, 553, 268, '2009-07-15', '2009-07-19', 'null', '2025-05-07 17:13:55', '2025-05-07 17:13:55'),
(957, 21, 142, '2009-07-15', '2009-07-23', 'null', '2025-05-07 17:13:55', '2025-05-07 17:13:55'),
(958, 90, 118, '2009-07-15', '2009-07-19', 'null', '2025-05-07 17:13:55', '2025-05-07 17:13:55'),
(959, 1006, 17, '2009-07-15', '2009-07-22', 'null', '2025-05-07 17:13:55', '2025-05-07 17:13:55'),
(960, 1010, 97, '2009-07-15', '2009-07-30', 'null', '2025-05-07 17:13:55', '2025-05-07 17:13:55'),
(961, 781, 38, '2009-07-15', '2009-08-05', 'null', '2025-05-07 17:13:55', '2025-05-07 17:13:55'),
(962, 22, 86, '2009-07-15', '2009-07-20', 'null', '2025-05-07 17:13:55', '2025-05-07 17:13:55'),
(963, 111, 120, '2009-07-15', '2009-07-30', 'null', '2025-05-07 17:13:55', '2025-05-07 17:13:55'),
(964, 749, 113, '2009-07-15', '2009-07-19', 'null', '2025-05-07 17:13:55', '2025-05-07 17:13:55'),
(965, 899, 222, '2009-07-15', '2009-07-18', 'null', '2025-05-07 17:13:55', '2025-05-07 17:13:55'),
(966, 1073, 81, '2009-07-15', '2009-07-16', 'null', '2025-05-07 17:13:55', '2025-05-07 17:13:55'),
(967, 1060, 124, '2009-07-15', '2009-07-17', 'null', '2025-05-07 17:13:55', '2025-05-07 17:13:55'),
(968, 1090, 127, '2009-07-15', '2009-08-04', 'null', '2025-05-07 17:13:55', '2025-05-07 17:13:55'),
(969, 325, 1, '2009-07-15', '2009-07-17', 'null', '2025-05-07 17:13:55', '2025-05-07 17:13:55'),
(970, 215, 170, '2009-07-15', '2009-07-22', 'null', '2025-05-07 17:13:55', '2025-05-07 17:13:55'),
(971, 681, 60, '2009-07-15', '2009-08-01', 'null', '2025-05-07 17:13:55', '2025-05-07 17:13:55'),
(972, 14, 113, '2009-07-16', '2009-07-20', 'null', '2025-05-07 17:13:55', '2025-05-07 17:13:55'),
(973, 406, 68, '2009-07-16', '2009-08-05', 'null', '2025-05-07 17:13:55', '2025-05-07 17:13:55'),
(974, 789, 225, '2009-07-16', '2009-07-18', 'null', '2025-05-07 17:13:55', '2025-05-07 17:13:55'),
(975, 297, 147, '2009-07-16', '2009-08-14', 'null', '2025-05-07 17:13:55', '2025-05-07 17:13:55'),
(976, 432, 132, '2009-07-16', '2009-07-22', 'null', '2025-05-07 17:13:55', '2025-05-07 17:13:55'),
(977, 554, 195, '2009-07-16', '2009-07-17', 'null', '2025-05-07 17:13:55', '2025-05-07 17:13:55'),
(978, 794, 179, '2009-07-16', '2009-08-11', 'null', '2025-05-07 17:13:55', '2025-05-07 17:13:55'),
(979, 817, 71, '2009-07-16', '2009-08-08', 'null', '2025-05-07 17:13:55', '2025-05-07 17:13:55'),
(980, 376, 152, '2009-07-16', '2009-07-19', 'null', '2025-05-07 17:13:55', '2025-05-07 17:13:55'),
(981, 347, 256, '2009-07-16', '2009-08-02', 'null', '2025-05-07 17:13:55', '2025-05-07 17:13:55'),
(982, 702, 55, '2009-07-16', '2009-07-21', 'null', '2025-05-07 17:13:55', '2025-05-07 17:13:55'),
(983, 342, 188, '2009-07-16', '2009-07-19', 'null', '2025-05-07 17:13:55', '2025-05-07 17:13:55'),
(984, 409, 246, '2009-07-16', '2009-08-07', 'null', '2025-05-07 17:13:55', '2025-05-07 17:13:55'),
(985, 909, 203, '2009-07-16', '2009-08-13', 'null', '2025-05-07 17:13:55', '2025-05-07 17:13:55'),
(986, 1093, 101, '2009-07-16', '2009-08-12', 'null', '2025-05-07 17:13:55', '2025-05-07 17:13:55'),
(987, 308, 83, '2009-07-16', '2009-07-19', 'null', '2025-05-07 17:13:55', '2025-05-07 17:13:55'),
(988, 398, 20, '2009-07-16', '2009-07-20', 'null', '2025-05-07 17:13:55', '2025-05-07 17:13:55'),
(989, 750, 132, '2009-07-16', '2009-07-20', 'null', '2025-05-07 17:13:55', '2025-05-07 17:13:55'),
(990, 819, 158, '2009-07-16', '2009-07-30', 'null', '2025-05-07 17:13:55', '2025-05-07 17:13:55'),
(991, 999, 246, '2009-07-16', '2009-07-19', 'null', '2025-05-07 17:13:55', '2025-05-07 17:13:55'),
(992, 477, 216, '2009-07-16', '2009-07-20', 'null', '2025-05-07 17:13:55', '2025-05-07 17:13:55'),
(993, 177, 28, '2009-07-16', '2009-07-20', 'null', '2025-05-07 17:13:55', '2025-05-07 17:13:55'),
(994, 374, 96, '2009-07-16', '2009-07-21', 'null', '2025-05-07 17:13:55', '2025-05-07 17:13:55'),
(995, 377, 214, '2009-07-16', '2009-08-15', 'null', '2025-05-07 17:13:55', '2025-05-07 17:13:55'),
(996, 92, 121, '2009-07-16', '2009-07-31', 'null', '2025-05-07 17:13:55', '2025-05-07 17:13:55'),
(997, 187, 182, '2009-07-16', '2009-07-17', 'null', '2025-05-07 17:13:55', '2025-05-07 17:13:55'),
(998, 318, 49, '2009-07-16', '2009-07-25', 'null', '2025-05-07 17:13:55', '2025-05-07 17:13:55'),
(999, 397, 53, '2009-07-16', '2009-07-21', 'null', '2025-05-07 17:13:55', '2025-05-07 17:13:55'),
(1000, 696, 10, '2009-07-16', '2009-07-26', 'null', '2025-05-07 17:13:55', '2025-05-07 17:13:55'),
(1001, 865, 47, '2009-07-16', '2009-07-19', 'null', '2025-05-07 17:13:55', '2025-05-07 17:13:55'),
(1002, 595, 43, '2009-07-16', '2009-08-04', 'null', '2025-05-07 17:13:55', '2025-05-07 17:13:55'),
(1003, 251, 33, '2009-07-16', '2009-07-17', 'null', '2025-05-07 17:13:55', '2025-05-07 17:13:55'),
(1004, 313, 132, '2009-07-16', '2009-07-26', 'null', '2025-05-07 17:13:55', '2025-05-07 17:13:55'),
(1005, 158, 210, '2009-07-16', '2009-07-24', 'null', '2025-05-07 17:13:55', '2025-05-07 17:13:55'),
(1006, 561, 138, '2009-07-16', '2009-07-23', 'null', '2025-05-07 17:13:55', '2025-05-07 17:13:55'),
(1007, 644, 101, '2009-07-16', '2009-07-23', 'null', '2025-05-07 17:13:55', '2025-05-07 17:13:55'),
(1008, 974, 77, '2009-07-16', '2009-07-22', 'null', '2025-05-07 17:13:55', '2025-05-07 17:13:55'),
(1009, 706, 263, '2009-07-16', '2009-08-07', 'null', '2025-05-07 17:13:55', '2025-05-07 17:13:55'),
(1010, 939, 268, '2009-07-16', '2009-08-02', 'null', '2025-05-07 17:13:55', '2025-05-07 17:13:55'),
(1011, 518, 254, '2009-07-16', '2009-07-23', 'null', '2025-05-07 17:13:55', '2025-05-07 17:13:55'),
(1012, 987, 264, '2009-07-16', '2009-07-17', 'null', '2025-05-07 17:13:55', '2025-05-07 17:13:55'),
(1013, 13, 219, '2009-07-16', '2009-07-27', 'null', '2025-05-07 17:13:55', '2025-05-07 17:13:55'),
(1014, 707, 257, '2009-07-16', '2009-08-10', 'null', '2025-05-07 17:13:55', '2025-05-07 17:13:55'),
(1015, 434, 130, '2009-07-16', '2009-07-19', 'null', '2025-05-07 17:13:55', '2025-05-07 17:13:55'),
(1016, 848, 206, '2009-07-16', '2009-07-19', 'null', '2025-05-07 17:13:55', '2025-05-07 17:13:55'),
(1017, 70, 191, '2009-07-16', '2009-07-22', 'null', '2025-05-07 17:13:55', '2025-05-07 17:13:55'),
(1018, 19, 113, '2009-07-16', '2009-07-23', 'null', '2025-05-07 17:13:55', '2025-05-07 17:13:55'),
(1019, 746, 23, '2009-07-16', '2009-07-18', 'null', '2025-05-07 17:13:55', '2025-05-07 17:13:55'),
(1020, 580, 129, '2009-07-16', '2009-07-29', 'null', '2025-05-07 17:13:55', '2025-05-07 17:13:55'),
(1021, 272, 112, '2009-07-16', '2009-07-26', 'null', '2025-05-07 17:13:55', '2025-05-07 17:13:55'),
(1022, 998, 144, '2009-07-16', '2009-08-14', 'null', '2025-05-07 17:13:55', '2025-05-07 17:13:55'),
(1023, 790, 65, '2009-07-16', '2009-07-19', 'null', '2025-05-07 17:13:55', '2025-05-07 17:13:55'),
(1024, 296, 53, '2009-07-16', '2009-08-09', 'null', '2025-05-07 17:13:55', '2025-05-07 17:13:55'),
(1025, 963, 263, '2009-07-16', '2009-07-22', 'null', '2025-05-07 17:13:55', '2025-05-07 17:13:55'),
(1026, 614, 169, '2009-07-16', '2009-08-06', 'null', '2025-05-07 17:13:55', '2025-05-07 17:13:55'),
(1027, 1035, 163, '2009-07-16', '2009-07-20', 'null', '2025-05-07 17:13:55', '2025-05-07 17:13:55'),
(1028, 224, 180, '2009-07-16', '2009-07-19', 'null', '2025-05-07 17:13:55', '2025-05-07 17:13:55'),
(1029, 34, 38, '2009-07-16', '2009-08-06', 'null', '2025-05-07 17:13:55', '2025-05-07 17:13:55'),
(1030, 796, 127, '2009-07-16', '2009-08-10', 'null', '2025-05-07 17:13:55', '2025-05-07 17:13:55'),
(1031, 637, 69, '2009-07-16', '2009-07-21', 'null', '2025-05-07 17:13:55', '2025-05-07 17:13:55'),
(1032, 493, 264, '2009-07-16', '2009-07-17', 'null', '2025-05-07 17:13:55', '2025-05-07 17:13:55'),
(1033, 473, 198, '2009-07-16', '2009-07-21', 'null', '2025-05-07 17:13:55', '2025-05-07 17:13:55'),
(1034, 559, 67, '2009-07-16', '2009-08-07', 'null', '2025-05-07 17:13:55', '2025-05-07 17:13:55'),
(1035, 648, 33, '2009-07-16', '2009-07-21', 'null', '2025-05-07 17:13:55', '2025-05-07 17:13:55'),
(1036, 860, 42, '2009-07-16', '2009-07-18', 'null', '2025-05-07 17:13:55', '2025-05-07 17:13:55'),
(1037, 780, NULL, '2009-07-06', '2009-07-23', 'finom', '2025-05-07 20:21:58', '2025-05-07 20:21:58'),
(1038, 23, NULL, '2025-05-16', '2025-04-28', '2sdfsdfsdfs', '2025-05-07 21:11:23', '2025-05-07 21:11:23'),
(1039, 1, NULL, '2025-05-08', '2025-05-25', 'gdfdfsdfs', '2025-05-07 21:12:18', '2025-05-07 21:12:18');

-- 
-- Dumping data for table personal_access_tokens
--
INSERT INTO personal_access_tokens VALUES
(1, 'App\\Models\\User', 273, 'access-token', 'fe829e2cda6125240ce2725541fdf9f57ef2a60d18836541074cef4fd9c37826', '["*"]', '2025-05-07 17:17:14', NULL, '2025-05-07 17:17:10', '2025-05-07 17:17:14'),
(2, 'App\\Models\\User', 273, 'access-token', '3306fec755be410a03ecdd4dc50ccbdd7eb733ee8cced3da552eea2c261d7a41', '["*"]', NULL, NULL, '2025-05-07 19:37:56', '2025-05-07 19:37:56'),
(3, 'App\\Models\\User', 273, 'access-token', 'e0b272de4ba011bb192c23ce9ad98d062d0efe29fd254b7327927509474d4ddd', '["*"]', '2025-05-07 20:21:58', NULL, '2025-05-07 19:37:58', '2025-05-07 20:21:58'),
(5, 'App\\Models\\User', 273, 'access-token', '6e6a8c4733b7e4f461d82fbacc93107764a87fc3ac84cdd1dd295c46ba458718', '["*"]', '2025-05-07 21:12:18', NULL, '2025-05-07 20:47:48', '2025-05-07 21:12:18');

-- 
-- Dumping data for table password_reset_tokens
--
-- Table rentals.password_reset_tokens does not contain any data (it is empty)

-- 
-- Dumping data for table migrations
--
INSERT INTO migrations VALUES
(1, '0001_01_01_000011_create_roles_table', 1),
(2, '0001_01_01_000012_create_groups_table', 1),
(3, '0001_01_01_000013_create_books_table', 1),
(4, '0001_01_01_000014_create_specimens_table', 1),
(5, '0001_01_01_000015_create_rentals_table', 1),
(6, '0001_01_01_000018_create_users_table', 1),
(7, '0001_01_01_000019_create_cache_table', 1),
(8, '0001_01_01_000020_create_jobs_table', 1),
(9, '2024_11_25_101625_create_personal_access_tokens_table', 1),
(10, '2025_03_04_113537_relation_groups_to_users', 1),
(11, '2025_03_04_113802_relation_rentals_to_users', 1);

-- 
-- Dumping data for table job_batches
--
-- Table rentals.job_batches does not contain any data (it is empty)

-- 
-- Dumping data for table jobs
--
-- Table rentals.jobs does not contain any data (it is empty)

-- 
-- Dumping data for table failed_jobs
--
-- Table rentals.failed_jobs does not contain any data (it is empty)

-- 
-- Dumping data for table cache_locks
--
-- Table rentals.cache_locks does not contain any data (it is empty)

-- 
-- Dumping data for table cache
--
-- Table rentals.cache does not contain any data (it is empty)

-- 
-- Restore previous SQL mode
-- 
/*!40101 SET SQL_MODE=@OLD_SQL_MODE */;

-- 
-- Enable foreign keys
-- 
/*!40014 SET FOREIGN_KEY_CHECKS=@OLD_FOREIGN_KEY_CHECKS */;