id;specimenId;userId;startingDate;endingDate;opinion
1;604;20;2009-07-06;2009-07-08;null
2;740;256;2009-07-06;2009-07-30;null
3;93;268;2009-07-06;2009-07-18;null
4;310;133;2009-07-06;2009-07-11;null
5;557;229;2009-07-06;2009-07-20;null
6;1041;199;2009-07-06;2009-07-13;null
7;1082;74;2009-07-06;2009-07-17;null
8;109;216;2009-07-06;2009-07-10;null
9;481;168;2009-07-06;2009-07-23;null
10;545;237;2009-07-06;2009-07-20;null
11;762;225;2009-07-06;2009-07-29;null
12;233;88;2009-07-06;2009-07-23;null
13;541;131;2009-07-06;2009-07-07;null
14;459;30;2009-07-06;2009-07-12;null
15;730;22;2009-07-06;2009-07-07;null
16;851;262;2009-07-06;2009-07-19;null
17;1007;107;2009-07-06;2009-07-20;null
18;760;65;2009-07-06;2009-07-09;null
19;2;45;2009-07-06;2009-07-13;null
20;156;239;2009-07-06;2009-07-09;null
21;678;195;2009-07-06;2009-07-29;null
22;439;181;2009-07-06;2009-07-07;null
23;507;61;2009-07-06;2009-07-10;null
24;288;130;2009-07-06;2009-07-18;null
25;896;85;2009-07-06;2009-07-14;null
26;981;199;2009-07-06;2009-07-09;null
27;670;114;2009-07-06;2009-07-07;null
28;485;178;2009-07-06;2009-07-13;null
29;471;180;2009-07-06;2009-07-09;null
30;905;40;2009-07-06;2009-07-08;null
31;999;176;2009-07-06;2009-07-11;null
32;237;147;2009-07-06;2009-07-12;null
33;442;35;2009-07-06;2009-07-12;null
34;468;244;2009-07-06;2009-07-12;null
35;724;96;2009-07-06;2009-07-09;null
36;726;164;2009-07-06;2009-07-22;null
37;529;156;2009-07-06;2009-07-21;null
38;752;157;2009-07-06;2009-07-31;null
39;1017;79;2009-07-06;2009-07-11;null
40;59;50;2009-07-06;2009-07-19;null
41;63;141;2009-07-06;2009-08-03;null
42;192;52;2009-07-06;2009-07-16;null
43;713;32;2009-07-06;2009-07-26;null
44;127;155;2009-07-06;2009-07-12;null
45;128;112;2009-07-06;2009-07-22;null
46;100;214;2009-07-06;2009-07-14;null
47;336;215;2009-07-06;2009-07-14;null
48;489;152;2009-07-06;2009-07-13;null
49;859;156;2009-07-06;2009-07-26;null
50;699;19;2009-07-06;2009-07-12;null
51;944;115;2009-07-06;2009-07-09;null
52;992;103;2009-07-06;2009-07-22;null
53;58;196;2009-07-06;2009-07-13;null
54;445;12;2009-07-06;2009-07-25;null
55;622;93;2009-07-06;2009-08-02;null
56;919;162;2009-07-06;2009-07-09;null
57;149;47;2009-07-06;2009-07-27;null
58;878;114;2009-07-06;2009-07-29;null
59;104;262;2009-07-06;2009-07-30;null
60;444;105;2009-07-06;2009-07-18;null
61;383;78;2009-07-06;2009-07-19;null
62;461;214;2009-07-06;2009-07-10;null
63;252;264;2009-07-06;2009-07-26;null
64;328;71;2009-07-06;2009-07-23;null
65;408;80;2009-07-06;2009-07-13;null
66;153;253;2009-07-06;2009-07-13;null
67;677;50;2009-07-06;2009-07-28;null
68;774;187;2009-07-06;2009-07-23;null
69;969;241;2009-07-06;2009-07-11;null
70;757;117;2009-07-06;2009-07-28;null
71;243;56;2009-07-06;2009-07-10;null
72;332;242;2009-07-06;2009-07-08;null
73;1088;13;2009-07-06;2009-08-04;null
74;508;123;2009-07-06;2009-08-02;null
75;516;225;2009-07-06;2009-07-09;null
76;675;98;2009-07-06;2009-07-07;null
77;514;140;2009-07-06;2009-07-26;null
78;168;50;2009-07-06;2009-07-26;null
79;1063;162;2009-07-06;2009-07-12;null
80;141;186;2009-07-06;2009-07-07;null
81;246;96;2009-07-06;2009-07-07;null
82;146;264;2009-07-06;2009-07-12;null
83;367;245;2009-07-06;2009-07-24;null
84;961;202;2009-07-06;2009-08-03;null
85;1070;132;2009-07-06;2009-07-25;null
86;586;6;2009-07-06;2009-07-20;null
87;813;18;2009-07-06;2009-07-30;null
88;473;214;2009-07-06;2009-07-15;null
89;194;199;2009-07-06;2009-07-09;null
90;337;251;2009-07-06;2009-07-12;null
91;90;120;2009-07-06;2009-07-13;null
92;742;54;2009-07-06;2009-07-08;null
93;524;2;2009-07-06;2009-07-14;null
94;609;21;2009-07-06;2009-07-14;null
95;122;160;2009-07-06;2009-07-08;null
96;725;92;2009-07-06;2009-07-10;null
97;783;72;2009-07-06;2009-07-29;null
98;787;218;2009-07-06;2009-07-11;null
99;1003;106;2009-07-06;2009-07-18;null
100;1085;104;2009-07-06;2009-07-13;null
101;196;18;2009-07-06;2009-07-16;null
102;732;252;2009-07-06;2009-07-07;null
103;18;213;2009-07-06;2009-07-31;null
104;140;267;2009-07-06;2009-07-08;null
105;33;116;2009-07-06;2009-07-18;null
106;218;33;2009-07-06;2009-07-26;null
107;889;237;2009-07-06;2009-07-20;null
108;107;117;2009-07-06;2009-07-10;null
109;431;83;2009-07-06;2009-07-11;null
110;912;72;2009-07-06;2009-07-11;null
111;1033;51;2009-07-06;2009-07-29;null
112;1038;115;2009-07-06;2009-07-08;null
113;66;81;2009-07-06;2009-07-08;null
114;575;180;2009-07-06;2009-07-08;null
115;544;47;2009-07-06;2009-07-11;null
116;814;32;2009-07-06;2009-07-26;null
117;983;55;2009-07-06;2009-07-22;null
118;1022;69;2009-07-06;2009-07-11;null
119;654;175;2009-07-06;2009-07-07;null
120;935;262;2009-07-06;2009-07-19;null
121;966;173;2009-07-06;2009-07-14;null
122;1037;115;2009-07-06;2009-07-09;null
123;137;45;2009-07-06;2009-07-09;null
124;162;132;2009-07-06;2009-07-09;null
125;499;182;2009-07-06;2009-07-13;null
126;528;155;2009-07-06;2009-07-09;null
127;679;161;2009-07-06;2009-07-08;null
128;786;115;2009-07-07;2009-07-13;null
129;597;109;2009-07-07;2009-07-16;null
130;343;262;2009-07-07;2009-07-29;null
131;602;153;2009-07-07;2009-07-18;null
132;512;93;2009-07-07;2009-07-25;null
133;755;176;2009-07-07;2009-07-30;null
134;413;56;2009-07-07;2009-07-16;null
135;1049;131;2009-07-07;2009-07-13;null
136;587;168;2009-07-07;2009-07-28;null
137;598;137;2009-07-07;2009-07-15;null
138;664;65;2009-07-07;2009-07-18;null
139;653;167;2009-07-07;2009-08-01;null
140;211;192;2009-07-07;2009-07-09;null
141;290;238;2009-07-07;2009-07-22;null
142;691;211;2009-07-07;2009-07-10;null
143;770;82;2009-07-07;2009-07-11;null
144;29;217;2009-07-07;2009-07-13;null
145;85;151;2009-07-07;2009-07-11;null
146;112;109;2009-07-07;2009-07-08;null
147;222;244;2009-07-07;2009-07-14;null
148;121;100;2009-07-07;2009-07-10;null
149;603;217;2009-07-07;2009-07-13;null
150;548;53;2009-07-07;2009-07-09;null
151;626;263;2009-07-07;2009-07-13;null
152;31;61;2009-07-07;2009-07-08;null
153;867;80;2009-07-07;2009-07-10;null
154;213;126;2009-07-07;2009-08-01;null
155;551;123;2009-07-07;2009-07-14;null
156;957;190;2009-07-07;2009-07-09;null
157;299;146;2009-07-07;2009-07-24;null
158;452;185;2009-07-07;2009-07-14;null
159;369;153;2009-07-07;2009-08-03;null
160;613;75;2009-07-07;2009-08-02;null
161;615;91;2009-07-07;2009-07-22;null
162;346;99;2009-07-07;2009-07-13;null
163;276;140;2009-07-07;2009-07-13;null
164;806;89;2009-07-07;2009-07-13;null
165;766;162;2009-07-07;2009-07-31;null
166;769;56;2009-07-07;2009-07-09;null
167;776;215;2009-07-07;2009-07-13;null
168;384;142;2009-07-07;2009-08-05;null
169;221;16;2009-07-07;2009-07-24;null
170;517;211;2009-07-07;2009-07-14;null
171;562;63;2009-07-07;2009-07-26;null
172;743;168;2009-07-07;2009-07-18;null
173;1098;209;2009-07-07;2009-07-13;null
174;353;99;2009-07-07;2009-08-05;null
175;249;180;2009-07-07;2009-07-08;null
176;546;66;2009-07-07;2009-07-30;null
177;275;220;2009-07-07;2009-08-01;null
178;45;238;2009-07-07;2009-07-22;null
179;351;217;2009-07-07;2009-08-03;null
180;672;139;2009-07-07;2009-07-09;null
181;68;204;2009-07-07;2009-07-20;null
182;232;106;2009-07-07;2009-07-16;null
183;5;21;2009-07-07;2009-07-10;null
184;13;157;2009-07-07;2009-07-11;null
185;483;154;2009-07-07;2009-07-09;null
186;278;56;2009-07-07;2009-07-29;null
187;151;203;2009-07-07;2009-08-03;null
188;348;252;2009-07-07;2009-07-25;null
189;599;49;2009-07-07;2009-07-15;null
190;61;72;2009-07-07;2009-07-10;null
191;707;248;2009-07-07;2009-07-10;null
192;434;206;2009-07-07;2009-07-13;null
193;282;164;2009-07-07;2009-07-21;null
194;404;9;2009-07-07;2009-07-23;null
195;898;265;2009-07-07;2009-07-08;null
196;115;62;2009-07-07;2009-07-16;null
197;580;240;2009-07-07;2009-07-09;null
198;272;45;2009-07-07;2009-07-13;null
199;618;197;2009-07-07;2009-07-18;null
200;600;140;2009-07-07;2009-07-08;null
201;449;38;2009-07-07;2009-07-30;null
202;631;84;2009-07-07;2009-07-08;null
203;400;30;2009-07-07;2009-07-18;null
204;768;248;2009-07-07;2009-07-18;null
205;913;66;2009-07-07;2009-07-30;null
206;563;265;2009-07-07;2009-07-11;null
207;828;165;2009-07-07;2009-07-30;null
208;201;24;2009-07-07;2009-07-09;null
209;866;143;2009-07-07;2009-07-13;null
210;916;141;2009-07-07;2009-07-22;null
211;801;241;2009-07-07;2009-07-28;null
212;438;58;2009-07-07;2009-07-29;null
213;942;207;2009-07-07;2009-08-05;null
214;198;251;2009-07-07;2009-07-08;null
215;465;186;2009-07-07;2009-07-10;null
216;300;262;2009-07-07;2009-07-29;null
217;798;237;2009-07-07;2009-07-31;null
218;490;43;2009-07-07;2009-07-13;null
219;16;136;2009-07-07;2009-07-17;null
220;830;246;2009-07-07;2009-07-20;null
221;1029;148;2009-07-07;2009-07-08;null
222;737;123;2009-07-07;2009-07-14;null
223;714;197;2009-07-07;2009-08-03;null
224;229;140;2009-07-07;2009-07-27;null
225;994;259;2009-07-07;2009-08-01;null
226;197;142;2009-07-07;2009-07-21;null
227;447;150;2009-07-07;2009-07-10;null
228;450;155;2009-07-07;2009-07-08;null
229;294;173;2009-07-07;2009-07-20;null
230;651;3;2009-07-07;2009-08-03;null
231;1103;89;2009-07-07;2009-07-22;null
232;728;121;2009-07-07;2009-07-12;null
233;642;140;2009-07-07;2009-07-08;null
234;965;12;2009-07-07;2009-07-09;null
235;150;91;2009-07-07;2009-07-12;null
236;537;153;2009-07-07;2009-07-08;null
237;668;137;2009-07-07;2009-07-31;null
238;1083;53;2009-07-07;2009-08-02;null
239;368;102;2009-07-07;2009-07-09;null
240;543;41;2009-07-07;2009-08-05;null
241;259;174;2009-07-07;2009-07-20;null
242;475;143;2009-07-07;2009-07-13;null
243;1096;117;2009-07-07;2009-07-28;null
244;754;139;2009-07-07;2009-07-24;null
245;937;241;2009-07-07;2009-08-02;null
246;160;267;2009-07-07;2009-07-29;null
247;164;255;2009-07-07;2009-07-08;null
248;639;206;2009-07-07;2009-07-11;null
249;14;206;2009-07-08;2009-07-09;null
250;330;182;2009-07-08;2009-07-25;null
251;482;192;2009-07-08;2009-07-30;null
252;244;39;2009-07-08;2009-07-09;null
253;495;161;2009-07-08;2009-08-03;null
254;627;100;2009-07-08;2009-07-12;null
255;491;119;2009-07-08;2009-08-06;null
256;619;186;2009-07-08;2009-07-21;null
257;531;14;2009-07-08;2009-07-26;null
258;552;191;2009-07-08;2009-07-14;null
259;538;179;2009-07-08;2009-07-31;null
260;836;34;2009-07-08;2009-07-11;null
261;864;102;2009-07-08;2009-07-09;null
262;929;86;2009-07-08;2009-08-05;null
263;395;70;2009-07-08;2009-07-13;null
264;567;41;2009-07-08;2009-08-05;null
265;30;217;2009-07-08;2009-08-04;null
266;409;91;2009-07-08;2009-07-09;null
267;454;192;2009-07-08;2009-07-18;null
268;883;54;2009-07-08;2009-07-10;null
269;76;64;2009-07-08;2009-07-22;null
270;764;216;2009-07-08;2009-07-22;null
271;858;150;2009-07-08;2009-08-03;null
272;138;200;2009-07-08;2009-07-09;null
273;380;75;2009-07-08;2009-07-14;null
274;423;211;2009-07-08;2009-07-13;null
275;890;264;2009-07-08;2009-08-02;null
276;870;147;2009-07-08;2009-07-19;null
277;692;55;2009-07-08;2009-07-13;null
278;816;177;2009-07-08;2009-08-06;null
279;730;233;2009-07-08;2009-07-30;null
280;235;231;2009-07-08;2009-07-21;null
281;182;18;2009-07-08;2009-07-22;null
282;464;145;2009-07-08;2009-07-31;null
283;401;180;2009-07-08;2009-08-01;null
284;462;190;2009-07-08;2009-07-14;null
285;938;247;2009-07-08;2009-07-16;null
286;203;75;2009-07-08;2009-07-27;null
287;862;60;2009-07-08;2009-07-10;null
288;497;4;2009-07-08;2009-07-22;null
289;519;185;2009-07-08;2009-08-02;null
290;705;190;2009-07-08;2009-07-13;null
291;947;55;2009-07-08;2009-07-22;null
292;582;39;2009-07-08;2009-07-13;null
293;844;29;2009-07-08;2009-07-30;null
294;472;150;2009-07-08;2009-07-09;null
295;48;232;2009-07-08;2009-07-10;null
296;649;228;2009-07-08;2009-07-13;null
297;847;216;2009-07-08;2009-07-27;null
298;905;206;2009-07-08;2009-07-20;null
299;566;14;2009-07-08;2009-07-11;null
300;788;40;2009-07-08;2009-07-28;null
301;800;94;2009-07-08;2009-07-19;null
302;683;136;2009-07-08;2009-07-15;null
303;166;57;2009-07-08;2009-07-15;null
304;940;264;2009-07-08;2009-07-09;null
305;1080;193;2009-07-08;2009-08-06;null
306;652;83;2009-07-08;2009-07-13;null
307;1051;139;2009-07-08;2009-07-14;null
308;741;68;2009-07-08;2009-07-23;null
309;834;16;2009-07-08;2009-07-19;null
310;951;256;2009-07-08;2009-07-13;null
311;1097;39;2009-07-08;2009-07-18;null
312;565;256;2009-07-08;2009-07-10;null
313;659;68;2009-07-08;2009-07-10;null
314;25;172;2009-07-08;2009-07-10;null
315;547;194;2009-07-08;2009-07-17;null
316;1014;268;2009-07-08;2009-07-29;null
317;1019;114;2009-07-08;2009-08-05;null
318;134;139;2009-07-08;2009-08-04;null
319;430;20;2009-07-08;2009-07-14;null
320;910;77;2009-07-08;2009-08-01;null
321;1008;107;2009-07-08;2009-07-09;null
322;1067;83;2009-07-08;2009-08-03;null
323;706;128;2009-07-08;2009-07-13;null
324;832;20;2009-07-08;2009-07-11;null
325;536;259;2009-07-08;2009-07-09;null
326;202;71;2009-07-08;2009-07-21;null
327;247;5;2009-07-08;2009-08-04;null
328;612;242;2009-07-08;2009-07-12;null
329;782;26;2009-07-08;2009-07-12;null
330;715;190;2009-07-08;2009-07-13;null
331;807;218;2009-07-08;2009-07-10;null
332;665;58;2009-07-08;2009-07-14;null
333;188;209;2009-07-08;2009-07-15;null
334;165;89;2009-07-08;2009-07-12;null
335;621;119;2009-07-08;2009-07-14;null
336;1027;235;2009-07-08;2009-07-28;null
337;1044;131;2009-07-08;2009-07-24;null
338;7;138;2009-07-08;2009-08-03;null
339;375;253;2009-07-08;2009-07-31;null
340;574;67;2009-07-08;2009-07-16;null
341;898;123;2009-07-08;2009-07-10;null
342;448;235;2009-07-08;2009-07-22;null
343;227;241;2009-07-08;2009-07-19;null
344;785;155;2009-07-08;2009-07-09;null
345;941;5;2009-07-08;2009-07-22;null
346;970;98;2009-07-08;2009-08-05;null
347;120;86;2009-07-08;2009-08-05;null
348;600;48;2009-07-08;2009-07-14;null
349;6;160;2009-07-08;2009-07-11;null
350;581;200;2009-07-08;2009-07-13;null
351;437;35;2009-07-08;2009-07-17;null
352;793;87;2009-07-08;2009-07-28;null
353;933;186;2009-07-08;2009-07-09;null
354;119;189;2009-07-08;2009-07-20;null
355;535;197;2009-07-08;2009-07-10;null
356;767;7;2009-07-08;2009-07-09;null
357;894;223;2009-07-08;2009-07-10;null
358;303;53;2009-07-08;2009-07-13;null
359;362;67;2009-07-08;2009-07-13;null
360;40;94;2009-07-08;2009-07-14;null
361;270;236;2009-07-08;2009-07-12;null
362;427;226;2009-07-08;2009-07-30;null
363;21;89;2009-07-08;2009-07-14;null
364;908;208;2009-07-08;2009-08-05;null
365;977;78;2009-07-08;2009-07-16;null
366;648;35;2009-07-08;2009-07-09;null
367;717;238;2009-07-08;2009-07-27;null
368;971;249;2009-07-08;2009-07-18;null
369;306;103;2009-07-08;2009-07-29;null
370;634;87;2009-07-08;2009-07-13;null
371;689;102;2009-07-08;2009-07-12;null
372;349;268;2009-07-08;2009-07-15;null
373;355;119;2009-07-08;2009-07-14;null
374;759;179;2009-07-08;2009-08-05;null
375;470;2;2009-07-08;2009-07-09;null
376;176;134;2009-07-08;2009-08-01;null
377;693;223;2009-07-08;2009-07-21;null
378;359;145;2009-07-08;2009-07-12;null
379;749;115;2009-07-08;2009-07-09;null
380;671;85;2009-07-08;2009-08-05;null
381;1073;249;2009-07-08;2009-07-14;null
382;1078;25;2009-07-08;2009-07-11;null
383;718;230;2009-07-08;2009-08-03;null
384;797;243;2009-07-08;2009-08-01;null
385;799;114;2009-07-08;2009-08-05;null
386;923;66;2009-07-08;2009-07-25;null
387;930;42;2009-07-08;2009-07-17;null
388;881;72;2009-07-08;2009-07-15;null
389;72;237;2009-07-08;2009-07-13;null
390;457;65;2009-07-08;2009-07-20;null
391;831;189;2009-07-08;2009-07-20;null
392;159;204;2009-07-08;2009-07-11;null
393;411;223;2009-07-08;2009-07-12;null
394;712;245;2009-07-08;2009-07-13;null
395;918;60;2009-07-08;2009-07-10;null
396;509;178;2009-07-08;2009-07-22;null
397;460;18;2009-07-08;2009-07-18;null
398;123;148;2009-07-09;2009-08-08;null
399;108;144;2009-07-09;2009-07-25;null
400;959;154;2009-07-09;2009-07-25;null
401;817;136;2009-07-09;2009-07-14;null
402;1020;206;2009-07-09;2009-07-31;null
403;620;246;2009-07-09;2009-07-22;null
404;826;145;2009-07-09;2009-07-12;null
405;284;224;2009-07-09;2009-07-14;null
406;498;39;2009-07-09;2009-07-17;null
407;382;159;2009-07-09;2009-07-26;null
408;271;116;2009-07-09;2009-07-13;null
409;825;178;2009-07-09;2009-07-14;null
410;765;55;2009-07-09;2009-07-28;null
411;1012;206;2009-07-09;2009-08-08;null
412;366;231;2009-07-09;2009-07-27;null
413;139;88;2009-07-09;2009-07-15;null
414;191;15;2009-07-09;2009-07-10;null
415;845;132;2009-07-09;2009-07-14;null
416;871;83;2009-07-09;2009-07-19;null
417;989;26;2009-07-09;2009-07-13;null
418;211;41;2009-07-09;2009-07-15;null
419;719;132;2009-07-09;2009-07-14;null
420;223;255;2009-07-09;2009-07-10;null
421;842;38;2009-07-09;2009-07-11;null
422;27;56;2009-07-09;2009-07-14;null
423;62;135;2009-07-09;2009-07-18;null
424;315;144;2009-07-09;2009-07-12;null
425;640;115;2009-07-09;2009-07-25;null
426;946;253;2009-07-09;2009-07-10;null
427;419;41;2009-07-09;2009-07-24;null
428;474;87;2009-07-09;2009-07-22;null
429;647;33;2009-07-09;2009-07-18;null
430;43;96;2009-07-09;2009-07-19;null
431;808;12;2009-07-09;2009-07-10;null
432;31;247;2009-07-09;2009-07-17;null
433;344;138;2009-07-09;2009-07-12;null
434;607;175;2009-07-09;2009-07-12;null
435;472;196;2009-07-09;2009-07-15;null
436;1004;4;2009-07-09;2009-07-11;null
437;305;252;2009-07-09;2009-07-27;null
438;424;121;2009-07-09;2009-07-13;null
439;573;43;2009-07-09;2009-08-02;null
440;662;232;2009-07-09;2009-08-05;null
441;530;191;2009-07-09;2009-07-14;null
442;101;30;2009-07-09;2009-08-07;null
443;26;239;2009-07-09;2009-08-01;null
444;469;78;2009-07-09;2009-07-11;null
445;920;179;2009-07-09;2009-07-15;null
446;12;80;2009-07-09;2009-07-15;null
447;179;69;2009-07-09;2009-07-13;null
448;435;16;2009-07-09;2009-07-10;null
449;958;163;2009-07-09;2009-08-07;null
450;52;264;2009-07-09;2009-07-25;null
451;324;160;2009-07-09;2009-07-15;null
452;403;202;2009-07-09;2009-07-16;null
453;425;174;2009-07-09;2009-07-14;null
454;611;71;2009-07-09;2009-07-14;null
455;172;107;2009-07-09;2009-07-14;null
456;412;216;2009-07-09;2009-07-11;null
457;540;143;2009-07-09;2009-07-11;null
458;991;258;2009-07-09;2009-07-11;null
459;711;184;2009-07-09;2009-07-11;null
460;716;187;2009-07-09;2009-08-01;null
461;1054;233;2009-07-09;2009-07-31;null
462;1057;151;2009-07-09;2009-07-10;null
463;1032;179;2009-07-09;2009-07-18;null
464;536;133;2009-07-09;2009-07-19;null
465;926;87;2009-07-09;2009-07-31;null
466;88;80;2009-07-09;2009-07-21;null
467;363;141;2009-07-09;2009-07-20;null
468;523;183;2009-07-09;2009-07-12;null
469;488;222;2009-07-09;2009-07-10;null
470;710;103;2009-07-09;2009-07-13;null
471;874;11;2009-07-09;2009-07-15;null
472;904;222;2009-07-09;2009-07-28;null
473;281;196;2009-07-09;2009-07-15;null
474;539;20;2009-07-09;2009-07-13;null
475;416;98;2009-07-09;2009-07-14;null
476;99;91;2009-07-09;2009-07-23;null
477;335;14;2009-07-09;2009-07-28;null
478;414;78;2009-07-09;2009-07-10;null
479;317;267;2009-07-09;2009-07-12;null
480;19;5;2009-07-09;2009-07-14;null
481;891;114;2009-07-09;2009-07-13;null
482;260;49;2009-07-09;2009-07-23;null
483;332;144;2009-07-09;2009-07-23;null
484;1068;122;2009-07-09;2009-07-17;null
485;1089;189;2009-07-09;2009-07-31;null
486;1095;99;2009-07-09;2009-08-02;null
487;245;120;2009-07-09;2009-07-14;null
488;879;25;2009-07-09;2009-07-20;null
489;886;33;2009-07-09;2009-08-02;null
490;36;39;2009-07-09;2009-07-13;null
491;316;107;2009-07-09;2009-07-11;null
492;321;220;2009-07-09;2009-07-15;null
493;722;18;2009-07-09;2009-07-11;null
494;790;264;2009-07-09;2009-07-15;null
495;827;97;2009-07-09;2009-07-25;null
496;64;117;2009-07-09;2009-07-14;null
497;534;247;2009-07-09;2009-07-30;null
498;861;134;2009-07-09;2009-07-16;null
499;885;159;2009-07-09;2009-07-14;null
500;277;263;2009-07-09;2009-08-08;null
501;663;12;2009-07-09;2009-07-14;null
502;723;247;2009-07-09;2009-07-12;null
503;1025;252;2009-07-09;2009-07-11;null
504;183;70;2009-07-09;2009-07-22;null
505;220;243;2009-07-09;2009-07-22;null
506;593;167;2009-07-09;2009-08-07;null
507;130;139;2009-07-09;2009-07-10;null
508;190;31;2009-07-09;2009-07-23;null
509;758;26;2009-07-09;2009-07-20;null
510;708;208;2009-07-09;2009-07-22;null
511;97;234;2009-07-09;2009-08-08;null
512;163;247;2009-07-09;2009-07-26;null
513;682;73;2009-07-09;2009-08-05;null
514;767;3;2009-07-09;2009-07-11;null
515;914;172;2009-07-09;2009-07-28;null
516;687;16;2009-07-09;2009-07-19;null
517;73;170;2009-07-09;2009-07-15;null
518;239;145;2009-07-09;2009-08-05;null
519;588;90;2009-07-09;2009-07-15;null
520;780;20;2009-07-09;2009-07-13;null
521;302;78;2009-07-09;2009-08-02;null
522;429;76;2009-07-09;2009-07-12;null
523;15;197;2009-07-09;2009-07-25;null
524;83;81;2009-07-09;2009-08-01;null
525;250;30;2009-07-09;2009-07-16;null
526;372;49;2009-07-09;2009-07-14;null
527;964;210;2009-07-09;2009-07-19;null
528;118;205;2009-07-09;2009-08-04;null
529;453;65;2009-07-09;2009-08-06;null
530;669;144;2009-07-09;2009-07-25;null
531;1064;62;2009-07-09;2009-08-07;null
532;979;135;2009-07-09;2009-07-12;null
533;1040;22;2009-07-09;2009-07-27;null
534;1061;184;2009-07-09;2009-07-25;null
535;37;139;2009-07-09;2009-07-26;null
536;837;150;2009-07-09;2009-07-12;null
537;1052;177;2009-07-09;2009-08-03;null
538;1081;243;2009-07-09;2009-07-14;null
539;899;248;2009-07-09;2009-07-14;null
540;1084;57;2009-07-09;2009-07-27;null
541;1100;174;2009-07-09;2009-08-06;null
542;1101;41;2009-07-09;2009-08-07;null
543;195;249;2009-07-09;2009-07-24;null
544;576;167;2009-07-09;2009-07-13;null
545;733;213;2009-07-09;2009-07-29;null
546;846;177;2009-07-09;2009-08-04;null
547;148;259;2009-07-09;2009-07-13;null
548;352;188;2009-07-09;2009-07-15;null
549;9;135;2009-07-09;2009-07-26;null
550;443;94;2009-07-09;2009-07-31;null
551;1018;196;2009-07-09;2009-07-16;null
552;1065;263;2009-07-09;2009-08-08;null
553;214;1;2009-07-09;2009-07-21;null
554;368;42;2009-07-09;2009-08-07;null
555;1066;140;2009-07-09;2009-07-27;null
556;633;74;2009-07-09;2009-08-04;null
557;329;49;2009-07-09;2009-07-22;null
558;393;115;2009-07-09;2009-07-12;null
559;1094;219;2009-07-09;2009-07-12;null
560;1102;223;2009-07-09;2009-07-14;null
561;358;118;2009-07-09;2009-07-13;null
562;638;62;2009-07-09;2009-07-16;null
563;594;103;2009-07-09;2009-07-13;null
564;1048;228;2009-07-09;2009-07-14;null
565;456;5;2009-07-10;2009-08-02;null
566;676;41;2009-07-10;2009-07-24;null
567;811;238;2009-07-10;2009-07-14;null
568;1015;3;2009-07-10;2009-08-05;null
569;564;33;2009-07-10;2009-08-09;null
570;778;8;2009-07-10;2009-08-01;null
571;645;19;2009-07-10;2009-07-15;null
572;792;203;2009-07-10;2009-07-13;null
573;1043;158;2009-07-10;2009-07-25;null
574;1046;68;2009-07-10;2009-07-15;null
575;439;49;2009-07-10;2009-07-23;null
576;882;214;2009-07-10;2009-07-11;null
577;548;92;2009-07-10;2009-07-24;null
578;747;66;2009-07-10;2009-08-05;null
579;670;11;2009-07-10;2009-07-16;null
580;471;249;2009-07-10;2009-07-15;null
581;477;241;2009-07-10;2009-07-15;null
582;226;179;2009-07-10;2009-07-16;null
583;1013;267;2009-07-10;2009-07-19;null
584;57;1;2009-07-10;2009-07-11;null
585;542;162;2009-07-10;2009-07-25;null
586;659;9;2009-07-10;2009-07-31;null
587;80;210;2009-07-10;2009-07-23;null
588;273;130;2009-07-10;2009-07-17;null
589;601;85;2009-07-10;2009-08-08;null
590;381;5;2009-07-10;2009-07-15;null
591;1008;46;2009-07-10;2009-07-20;null
592;919;111;2009-07-10;2009-07-11;null
593;1026;16;2009-07-10;2009-07-11;null
594;807;182;2009-07-10;2009-07-17;null
595;488;38;2009-07-10;2009-08-05;null
596;584;231;2009-07-10;2009-07-16;null
597;169;256;2009-07-10;2009-08-08;null
598;486;87;2009-07-10;2009-07-31;null
599;522;88;2009-07-10;2009-07-12;null
600;50;196;2009-07-10;2009-07-13;null
601;205;259;2009-07-10;2009-07-14;null
602;848;180;2009-07-10;2009-07-12;null
603;266;240;2009-07-10;2009-08-07;null
604;660;209;2009-07-10;2009-07-12;null
605;391;143;2009-07-10;2009-07-19;null
606;976;98;2009-07-10;2009-07-11;null
607;356;28;2009-07-10;2009-07-31;null
608;129;145;2009-07-10;2009-08-06;null
609;141;258;2009-07-10;2009-07-24;null
610;738;242;2009-07-10;2009-07-29;null
611;666;186;2009-07-10;2009-07-28;null
612;535;129;2009-07-10;2009-07-14;null
613;641;5;2009-07-10;2009-07-24;null
614;122;125;2009-07-10;2009-07-11;null
615;426;77;2009-07-10;2009-07-30;null
616;732;210;2009-07-10;2009-07-12;null
617;140;70;2009-07-10;2009-07-12;null
618;1000;100;2009-07-10;2009-08-02;null
619;1077;23;2009-07-10;2009-07-18;null
620;440;196;2009-07-10;2009-07-26;null
621;654;253;2009-07-10;2009-07-18;null
622;364;18;2009-07-10;2009-07-21;null
623;681;123;2009-07-10;2009-07-12;null
624;75;177;2009-07-11;2009-07-16;null
625;955;209;2009-07-11;2009-07-15;null
626;109;189;2009-07-11;2009-07-13;null
627;415;61;2009-07-11;2009-07-18;null
628;20;12;2009-07-11;2009-07-14;null
629;773;185;2009-07-11;2009-07-21;null
630;506;119;2009-07-11;2009-08-10;null
631;255;105;2009-07-11;2009-08-09;null
632;909;172;2009-07-11;2009-07-15;null
633;394;224;2009-07-11;2009-07-31;null
634;1091;198;2009-07-11;2009-07-17;null
635;744;268;2009-07-11;2009-07-12;null
636;862;149;2009-07-11;2009-07-18;null
637;907;202;2009-07-11;2009-07-17;null
638;510;75;2009-07-11;2009-07-26;null
639;365;143;2009-07-11;2009-07-27;null
640;39;188;2009-07-11;2009-07-13;null
641;1034;234;2009-07-11;2009-07-16;null
642;420;102;2009-07-11;2009-08-02;null
643;867;26;2009-07-11;2009-07-26;null
644;248;31;2009-07-11;2009-08-01;null
645;98;44;2009-07-11;2009-07-23;null
646;1009;224;2009-07-11;2009-07-12;null
647;417;120;2009-07-11;2009-07-21;null
648;249;246;2009-07-11;2009-07-15;null
649;695;36;2009-07-11;2009-07-13;null
650;185;83;2009-07-11;2009-07-26;null
651;1079;63;2009-07-11;2009-07-31;null
652;832;222;2009-07-11;2009-07-31;null
653;915;216;2009-07-11;2009-07-14;null
654;943;222;2009-07-11;2009-07-20;null
655;1072;79;2009-07-11;2009-07-18;null
656;5;34;2009-07-11;2009-07-16;null
657;810;225;2009-07-11;2009-07-19;null
658;461;198;2009-07-11;2009-07-25;null
659;496;134;2009-07-11;2009-07-31;null
660;225;182;2009-07-11;2009-08-07;null
661;993;268;2009-07-11;2009-07-12;null
662;81;48;2009-07-11;2009-08-06;null
663;580;199;2009-07-11;2009-07-16;null
664;731;221;2009-07-11;2009-08-05;null
665;71;224;2009-07-11;2009-07-12;null
666;972;83;2009-07-11;2009-07-30;null
667;978;21;2009-07-11;2009-08-05;null
668;6;78;2009-07-11;2009-07-14;null
669;608;223;2009-07-11;2009-08-04;null
670;87;103;2009-07-11;2009-07-18;null
671;933;193;2009-07-11;2009-07-27;null
672;96;77;2009-07-11;2009-07-17;null
673;775;239;2009-07-11;2009-07-18;null
674;285;2;2009-07-11;2009-07-18;null
675;465;93;2009-07-11;2009-07-18;null
676;357;49;2009-07-11;2009-07-31;null
677;51;92;2009-07-11;2009-08-08;null
678;171;172;2009-07-11;2009-07-13;null
679;32;64;2009-07-11;2009-07-21;null
680;742;19;2009-07-11;2009-07-17;null
681;784;182;2009-07-11;2009-08-07;null
682;421;172;2009-07-11;2009-07-18;null
683;555;232;2009-07-11;2009-07-18;null
684;1016;268;2009-07-11;2009-07-12;null
685;3;111;2009-07-11;2009-07-12;null
686;22;59;2009-07-11;2009-07-14;null
687;476;108;2009-07-11;2009-08-03;null
688;642;59;2009-07-11;2009-07-22;null
689;751;123;2009-07-11;2009-08-02;null
690;280;87;2009-07-11;2009-07-13;null
691;1022;236;2009-07-11;2009-07-23;null
692;1037;255;2009-07-11;2009-07-23;null
693;137;51;2009-07-11;2009-07-20;null
694;833;258;2009-07-11;2009-08-09;null
695;78;31;2009-07-11;2009-07-12;null
696;174;75;2009-07-11;2009-07-26;null
697;240;201;2009-07-11;2009-07-30;null
698;856;120;2009-07-11;2009-07-26;null
699;310;239;2009-07-12;2009-07-16;null
700;627;64;2009-07-12;2009-07-18;null
701;635;76;2009-07-12;2009-08-09;null
702;836;116;2009-07-12;2009-07-28;null
703;186;184;2009-07-12;2009-07-17;null
704;541;155;2009-07-12;2009-08-08;null
705;386;209;2009-07-12;2009-07-14;null
706;350;16;2009-07-12;2009-07-16;null
707;854;190;2009-07-12;2009-07-27;null
708;686;152;2009-07-12;2009-07-18;null
709;948;76;2009-07-12;2009-08-01;null
710;315;55;2009-07-12;2009-07-27;null
711;1056;102;2009-07-12;2009-08-03;null
712;267;182;2009-07-12;2009-07-14;null
713;739;146;2009-07-12;2009-07-16;null
714;263;15;2009-07-12;2009-07-14;null
715;468;166;2009-07-12;2009-07-16;null
716;577;126;2009-07-12;2009-08-02;null
717;873;100;2009-07-12;2009-08-10;null
718;940;40;2009-07-12;2009-07-15;null
719;327;133;2009-07-12;2009-07-18;null
720;684;6;2009-07-12;2009-07-14;null
721;1062;194;2009-07-12;2009-08-04;null
722;258;54;2009-07-12;2009-07-27;null
723;25;264;2009-07-12;2009-07-24;null
724;944;154;2009-07-12;2009-07-14;null
725;919;268;2009-07-12;2009-08-09;null
726;1026;225;2009-07-12;2009-07-29;null
727;13;209;2009-07-12;2009-07-15;null
728;852;130;2009-07-12;2009-07-15;null
729;428;18;2009-07-12;2009-08-06;null
730;23;190;2009-07-12;2009-07-26;null
731;61;247;2009-07-12;2009-07-24;null
732;165;75;2009-07-12;2009-08-06;null
733;993;30;2009-07-12;2009-07-29;null
734;606;123;2009-07-12;2009-08-04;null
735;822;60;2009-07-12;2009-07-17;null
736;785;101;2009-07-12;2009-07-15;null
737;1024;245;2009-07-12;2009-07-20;null
738;154;145;2009-07-12;2009-07-14;null
739;399;177;2009-07-12;2009-07-26;null
740;316;235;2009-07-12;2009-08-06;null
741;392;222;2009-07-12;2009-08-09;null
742;722;159;2009-07-12;2009-08-09;null
743;829;36;2009-07-12;2009-08-08;null
744;34;206;2009-07-12;2009-07-15;null
745;209;131;2009-07-12;2009-07-16;null
746;578;102;2009-07-12;2009-08-03;null
747;181;33;2009-07-12;2009-07-17;null
748;767;106;2009-07-12;2009-07-21;null
749;894;74;2009-07-12;2009-07-23;null
750;954;145;2009-07-12;2009-07-13;null
751;207;113;2009-07-12;2009-07-18;null
752;772;229;2009-07-12;2009-08-11;null
753;984;15;2009-07-12;2009-07-14;null
754;429;69;2009-07-12;2009-07-22;null
755;876;242;2009-07-12;2009-07-17;null
756;725;3;2009-07-12;2009-07-15;null
757;3;131;2009-07-12;2009-07-19;null
758;728;157;2009-07-12;2009-07-14;null
759;901;226;2009-07-12;2009-07-13;null
760;945;6;2009-07-12;2009-07-14;null
761;839;251;2009-07-12;2009-07-14;null
762;411;22;2009-07-12;2009-08-03;null
763;802;196;2009-07-12;2009-07-14;null
764;918;149;2009-07-12;2009-07-19;null
765;199;233;2009-07-13;2009-08-04;null
766;257;77;2009-07-13;2009-07-20;null
767;480;203;2009-07-13;2009-07-21;null
768;334;58;2009-07-13;2009-07-20;null
769;924;96;2009-07-13;2009-07-29;null
770;47;199;2009-07-13;2009-08-09;null
771;395;20;2009-07-13;2009-08-05;null
772;779;218;2009-07-13;2009-07-20;null
773;727;121;2009-07-13;2009-07-15;null
774;928;159;2009-07-13;2009-07-26;null
775;795;98;2009-07-13;2009-07-27;null
776;1049;158;2009-07-13;2009-07-26;null
777;989;201;2009-07-13;2009-08-05;null
778;906;67;2009-07-13;2009-08-08;null
779;180;83;2009-07-13;2009-07-18;null
780;691;126;2009-07-13;2009-07-18;null
781;842;42;2009-07-13;2009-07-22;null
782;85;226;2009-07-13;2009-07-30;null
783;455;183;2009-07-13;2009-07-25;null
784;946;144;2009-07-13;2009-07-17;null
785;626;136;2009-07-13;2009-08-06;null
786;373;159;2009-07-13;2009-07-14;null
787;582;50;2009-07-13;2009-07-24;null
788;485;150;2009-07-13;2009-07-17;null
789;957;241;2009-07-13;2009-07-17;null
790;442;224;2009-07-13;2009-07-21;null
791;346;5;2009-07-13;2009-07-20;null
792;435;195;2009-07-13;2009-07-30;null
793;806;23;2009-07-13;2009-07-15;null
794;595;13;2009-07-13;2009-07-16;null
795;17;93;2009-07-13;2009-07-15;null
796;951;43;2009-07-13;2009-07-16;null
797;489;140;2009-07-13;2009-07-15;null
798;10;223;2009-07-13;2009-07-19;null
799;502;44;2009-07-13;2009-08-04;null
800;385;215;2009-07-13;2009-07-16;null
801;820;61;2009-07-13;2009-07-19;null
802;667;96;2009-07-13;2009-07-29;null
803;144;232;2009-07-13;2009-07-15;null
804;763;205;2009-07-13;2009-07-31;null
805;71;200;2009-07-13;2009-08-07;null
806;320;38;2009-07-13;2009-07-29;null
807;520;77;2009-07-13;2009-07-27;null
808;130;87;2009-07-13;2009-07-20;null
809;283;262;2009-07-13;2009-08-04;null
810;304;153;2009-07-13;2009-08-10;null
811;511;195;2009-07-13;2009-07-17;null
812;843;124;2009-07-13;2009-07-29;null
813;1029;5;2009-07-13;2009-07-23;null
814;643;170;2009-07-13;2009-08-07;null
815;579;265;2009-07-13;2009-08-07;null
816;689;116;2009-07-13;2009-07-16;null
817;1055;263;2009-07-13;2009-07-27;null
818;721;148;2009-07-13;2009-07-22;null
819;912;64;2009-07-13;2009-08-01;null
820;338;101;2009-07-13;2009-07-26;null
821;66;265;2009-07-13;2009-08-01;null
822;1078;146;2009-07-13;2009-07-14;null
823;880;51;2009-07-13;2009-07-21;null
824;200;2;2009-07-13;2009-07-14;null
825;712;206;2009-07-13;2009-08-02;null
826;79;81;2009-07-13;2009-08-09;null
827;499;163;2009-07-13;2009-07-25;null
828;786;69;2009-07-14;2009-07-21;null
829;811;206;2009-07-14;2009-07-20;null
830;20;204;2009-07-14;2009-07-20;null
831;463;102;2009-07-14;2009-08-10;null
832;922;112;2009-07-14;2009-08-12;null
833;1087;59;2009-07-14;2009-07-30;null
834;271;195;2009-07-14;2009-07-29;null
835;342;7;2009-07-14;2009-07-16;null
836;386;112;2009-07-14;2009-07-19;null
837;423;199;2009-07-14;2009-08-02;null
838;709;152;2009-07-14;2009-07-20;null
839;29;143;2009-07-14;2009-07-20;null
840;760;70;2009-07-14;2009-07-17;null
841;339;178;2009-07-14;2009-07-26;null
842;911;231;2009-07-14;2009-07-17;null
843;705;107;2009-07-14;2009-07-16;null
844;39;120;2009-07-14;2009-07-20;null
845;103;84;2009-07-14;2009-07-15;null
846;106;256;2009-07-14;2009-07-15;null
847;48;256;2009-07-14;2009-07-20;null
848;469;32;2009-07-14;2009-07-24;null
849;995;135;2009-07-14;2009-07-19;null
850;1036;212;2009-07-14;2009-07-15;null
851;74;24;2009-07-14;2009-07-20;null
852;982;54;2009-07-14;2009-07-21;null
853;1086;171;2009-07-14;2009-07-18;null
854;57;119;2009-07-14;2009-08-08;null
855;60;238;2009-07-14;2009-07-20;null
856;127;198;2009-07-14;2009-08-07;null
857;236;196;2009-07-14;2009-07-20;null
858;540;127;2009-07-14;2009-07-17;null
859;685;219;2009-07-14;2009-07-31;null
860;430;119;2009-07-14;2009-07-16;null
861;494;178;2009-07-14;2009-07-18;null
862;944;181;2009-07-14;2009-08-12;null
863;892;211;2009-07-14;2009-07-26;null
864;996;232;2009-07-14;2009-07-17;null
865;715;107;2009-07-14;2009-07-16;null
866;665;144;2009-07-14;2009-07-15;null
867;408;194;2009-07-14;2009-07-18;null
868;539;81;2009-07-14;2009-07-16;null
869;38;19;2009-07-14;2009-07-17;null
870;153;182;2009-07-14;2009-07-16;null
871;261;138;2009-07-14;2009-08-05;null
872;124;212;2009-07-14;2009-07-31;null
873;898;7;2009-07-14;2009-07-22;null
874;91;6;2009-07-14;2009-07-18;null
875;560;42;2009-07-14;2009-07-17;null
876;54;8;2009-07-14;2009-07-26;null
877;354;242;2009-07-14;2009-07-20;null
878;824;97;2009-07-14;2009-08-09;null
879;658;235;2009-07-14;2009-07-18;null
880;885;84;2009-07-14;2009-07-30;null
881;6;202;2009-07-14;2009-07-17;null
882;866;19;2009-07-14;2009-07-15;null
883;823;172;2009-07-14;2009-07-19;null
884;753;2;2009-07-14;2009-07-19;null
885;884;176;2009-07-14;2009-07-16;null
886;198;117;2009-07-14;2009-07-31;null
887;270;39;2009-07-14;2009-07-18;null
888;985;74;2009-07-14;2009-07-17;null
889;490;67;2009-07-14;2009-08-01;null
890;997;202;2009-07-14;2009-07-20;null
891;736;142;2009-07-14;2009-07-28;null
892;208;171;2009-07-14;2009-07-18;null
893;837;45;2009-07-14;2009-07-31;null
894;857;8;2009-07-14;2009-07-26;null
895;975;128;2009-07-14;2009-07-15;null
896;1078;121;2009-07-14;2009-07-23;null
897;114;176;2009-07-14;2009-08-07;null
898;903;109;2009-07-14;2009-07-21;null
899;331;176;2009-07-14;2009-07-16;null
900;358;117;2009-07-14;2009-07-21;null
901;389;184;2009-07-14;2009-07-17;null
902;804;67;2009-07-14;2009-07-18;null
903;84;19;2009-07-14;2009-07-24;null
904;323;3;2009-07-14;2009-07-16;null
905;78;239;2009-07-14;2009-07-26;null
906;639;251;2009-07-14;2009-07-23;null
907;756;250;2009-07-15;2009-07-20;null
908;44;114;2009-07-15;2009-08-08;null
909;109;163;2009-07-15;2009-07-20;null
910;826;132;2009-07-15;2009-07-31;null
911;864;56;2009-07-15;2009-07-23;null
912;184;255;2009-07-15;2009-07-18;null
913;380;144;2009-07-15;2009-07-22;null
914;598;66;2009-07-15;2009-07-16;null
915;657;214;2009-07-15;2009-08-04;null
916;645;240;2009-07-15;2009-07-16;null
917;223;43;2009-07-15;2009-07-16;null
918;478;98;2009-07-15;2009-07-31;null
919;2;184;2009-07-15;2009-07-18;null
920;855;174;2009-07-15;2009-08-05;null
921;603;150;2009-07-15;2009-08-12;null
922;700;226;2009-07-15;2009-07-17;null
923;703;171;2009-07-15;2009-07-29;null
924;649;126;2009-07-15;2009-08-04;null
925;237;26;2009-07-15;2009-07-18;null
926;56;4;2009-07-15;2009-07-21;null
927;869;230;2009-07-15;2009-08-14;null
928;12;210;2009-07-15;2009-07-18;null
929;1058;21;2009-07-15;2009-07-17;null
930;517;22;2009-07-15;2009-07-28;null
931;49;241;2009-07-15;2009-07-18;null
932;418;126;2009-07-15;2009-07-21;null
933;695;34;2009-07-15;2009-07-21;null
934;558;143;2009-07-15;2009-07-21;null
935;172;54;2009-07-15;2009-08-08;null
936;142;201;2009-07-15;2009-07-21;null
937;388;221;2009-07-15;2009-07-21;null
938;451;145;2009-07-15;2009-07-19;null
939;561;61;2009-07-15;2009-07-16;null
940;281;231;2009-07-15;2009-07-21;null
941;707;82;2009-07-15;2009-07-16;null
942;287;267;2009-07-15;2009-08-12;null
943;704;45;2009-07-15;2009-07-22;null
944;245;94;2009-07-15;2009-08-11;null
945;311;139;2009-07-15;2009-07-22;null
946;656;215;2009-07-15;2009-08-13;null
947;675;64;2009-07-15;2009-08-08;null
948;95;108;2009-07-15;2009-07-21;null
949;701;261;2009-07-15;2009-07-20;null
950;371;266;2009-07-15;2009-07-21;null
951;723;140;2009-07-15;2009-08-02;null
952;1063;73;2009-07-15;2009-08-06;null
953;571;232;2009-07-15;2009-07-29;null
954;303;76;2009-07-15;2009-07-25;null
955;610;1;2009-07-15;2009-07-17;null
956;553;268;2009-07-15;2009-07-19;null
957;21;142;2009-07-15;2009-07-23;null
958;90;118;2009-07-15;2009-07-19;null
959;1006;17;2009-07-15;2009-07-22;null
960;1010;97;2009-07-15;2009-07-30;null
961;781;38;2009-07-15;2009-08-05;null
962;22;86;2009-07-15;2009-07-20;null
963;111;120;2009-07-15;2009-07-30;null
964;749;113;2009-07-15;2009-07-19;null
965;899;222;2009-07-15;2009-07-18;null
966;1073;81;2009-07-15;2009-07-16;null
967;1060;124;2009-07-15;2009-07-17;null
968;1090;127;2009-07-15;2009-08-04;null
969;325;1;2009-07-15;2009-07-17;null
970;215;170;2009-07-15;2009-07-22;null
971;681;60;2009-07-15;2009-08-01;null
972;14;113;2009-07-16;2009-07-20;null
973;406;68;2009-07-16;2009-08-05;null
974;789;225;2009-07-16;2009-07-18;null
975;297;147;2009-07-16;2009-08-14;null
976;432;132;2009-07-16;2009-07-22;null
977;554;195;2009-07-16;2009-07-17;null
978;794;179;2009-07-16;2009-08-11;null
979;817;71;2009-07-16;2009-08-08;null
980;376;152;2009-07-16;2009-07-19;null
981;347;256;2009-07-16;2009-08-02;null
982;702;55;2009-07-16;2009-07-21;null
983;342;188;2009-07-16;2009-07-19;null
984;409;246;2009-07-16;2009-08-07;null
985;909;203;2009-07-16;2009-08-13;null
986;1093;101;2009-07-16;2009-08-12;null
987;308;83;2009-07-16;2009-07-19;null
988;398;20;2009-07-16;2009-07-20;null
989;750;132;2009-07-16;2009-07-20;null
990;819;158;2009-07-16;2009-07-30;null
991;999;246;2009-07-16;2009-07-19;null
992;477;216;2009-07-16;2009-07-20;null
993;177;28;2009-07-16;2009-07-20;null
994;374;96;2009-07-16;2009-07-21;null
995;377;214;2009-07-16;2009-08-15;null
996;92;121;2009-07-16;2009-07-31;null
997;187;182;2009-07-16;2009-07-17;null
998;318;49;2009-07-16;2009-07-25;null
999;397;53;2009-07-16;2009-07-21;null
1000;696;10;2009-07-16;2009-07-26;null
1001;865;47;2009-07-16;2009-07-19;null
1002;595;43;2009-07-16;2009-08-04;null
1003;251;33;2009-07-16;2009-07-17;null
1004;313;132;2009-07-16;2009-07-26;null
1005;158;210;2009-07-16;2009-07-24;null
1006;561;138;2009-07-16;2009-07-23;null
1007;644;101;2009-07-16;2009-07-23;null
1008;974;77;2009-07-16;2009-07-22;null
1009;706;263;2009-07-16;2009-08-07;null
1010;939;268;2009-07-16;2009-08-02;null
1011;518;254;2009-07-16;2009-07-23;null
1012;987;264;2009-07-16;2009-07-17;null
1013;13;219;2009-07-16;2009-07-27;null
1014;707;257;2009-07-16;2009-08-10;null
1015;434;130;2009-07-16;2009-07-19;null
1016;848;206;2009-07-16;2009-07-19;null
1017;70;191;2009-07-16;2009-07-22;null
1018;19;113;2009-07-16;2009-07-23;null
1019;746;23;2009-07-16;2009-07-18;null
1020;580;129;2009-07-16;2009-07-29;null
1021;272;112;2009-07-16;2009-07-26;null
1022;998;144;2009-07-16;2009-08-14;null
1023;790;65;2009-07-16;2009-07-19;null
1024;296;53;2009-07-16;2009-08-09;null
1025;963;263;2009-07-16;2009-07-22;null
1026;614;169;2009-07-16;2009-08-06;null
1027;1035;163;2009-07-16;2009-07-20;null
1028;224;180;2009-07-16;2009-07-19;null
1029;34;38;2009-07-16;2009-08-06;null
1030;796;127;2009-07-16;2009-08-10;null
1031;637;69;2009-07-16;2009-07-21;null
1032;493;264;2009-07-16;2009-07-17;null
1033;473;198;2009-07-16;2009-07-21;null
1034;559;67;2009-07-16;2009-08-07;null
1035;648;33;2009-07-16;2009-07-21;null
1036;860;42;2009-07-16;2009-07-18;null